"prior_set","rep","param","bias","covered"
"current",1,"beta0",0.10120387093125,1
"current",1,"beta1",0.48348783329375,1
"current",1,"beta2",-0.343878570004122,1
"current",1,"beta_bm",-0.295698422941189,1
"current",1,"sigma_y",-0.0175293742875,1
"current",1,"tau0",0.0646250597487499,1
"current",1,"tau1",0.2399553870375,1
"current",1,"gamma0",0.982257865725001,1
"current",1,"gamma1",0.443940978770362,1
"current",1,"gamma2",0.186032043460625,1
"current",1,"alpha",0.221431148525,1
"current",2,"beta0",0.55673214735625,0
"current",2,"beta1",0.3239768702625,1
"current",2,"beta2",0.00180039771014373,1
"current",2,"beta_bm",-0.370455843063076,1
"current",2,"sigma_y",0.0620924604625002,1
"current",2,"tau0",-0.01727352093875,1
"current",2,"tau1",-0.32807379899375,1
"current",2,"gamma0",1.14008075894375,1
"current",2,"gamma1",0.183196029928506,1
"current",2,"gamma2",1.34382642213388,0
"current",2,"alpha",0.36519954821875,1
"current",3,"beta0",-0.0299344482562502,1
"current",3,"beta1",0.397864747575,1
"current",3,"beta2",-0.210425193344331,1
"current",3,"beta_bm",-0.0424713626483479,1
"current",3,"sigma_y",0.0257453239312502,1
"current",3,"tau0",0.118757289455,1
"current",3,"tau1",0.36607105113125,1
"current",3,"gamma0",0.60026306106875,1
"current",3,"gamma1",0.209465593906262,1
"current",3,"gamma2",1.14072398533192,1
"current",3,"alpha",0.319838974159375,1
"current",4,"beta0",-0.63733901338125,0
"current",4,"beta1",0.67028278829375,1
"current",4,"beta2",-0.407040650383301,0
"current",4,"beta_bm",0.393791357199777,0
"current",4,"sigma_y",-0.0530473089124999,1
"current",4,"tau0",-0.15840207611375,1
"current",4,"tau1",0.2126696330375,1
"current",4,"gamma0",-0.561065684712499,1
"current",4,"gamma1",0.241521634010301,1
"current",4,"gamma2",0.432369324905,1
"current",4,"alpha",0.116643669340625,1
"current",5,"beta0",0.0408360799,1
"current",5,"beta1",0.3145819332,1
"current",5,"beta2",-0.187835719758263,1
"current",5,"beta_bm",-0.101430318320192,1
"current",5,"sigma_y",-0.0137438220374999,1
"current",5,"tau0",0.18281563292375,1
"current",5,"tau1",0.04580388344375,1
"current",5,"gamma0",0.00699478169375034,1
"current",5,"gamma1",0.0629000794088838,1
"current",5,"gamma2",1.59297990109997,0
"current",5,"alpha",0.1243514046,1
"current",6,"beta0",-0.5303278747875,1
"current",6,"beta1",0.24281312223125,1
"current",6,"beta2",-0.485966673024781,0
"current",6,"beta_bm",0.159213507564465,1
"current",6,"sigma_y",0.0730348853062501,1
"current",6,"tau0",-0.00125932935124995,1
"current",6,"tau1",0.28729018300625,1
"current",6,"gamma0",-0.680567602212499,1
"current",6,"gamma1",0.108520167444956,1
"current",6,"gamma2",1.5945309181515,0
"current",6,"alpha",0.09976372550625,1
"current",7,"beta0",-0.18636271638125,1
"current",7,"beta1",0.6512756922625,1
"current",7,"beta2",-0.423012575248068,0
"current",7,"beta_bm",-0.038120181175223,1
"current",7,"sigma_y",-0.0122140172249998,1
"current",7,"tau0",0.01656888814875,1
"current",7,"tau1",0.105230126975,1
"current",7,"gamma0",0.27276930200625,1
"current",7,"gamma1",0.00211981386144933,1
"current",7,"gamma2",1.0610930582495,1
"current",7,"alpha",0.174125419890625,1
"current",8,"beta0",0.3925197188625,1
"current",8,"beta1",0.50839671829375,1
"current",8,"beta2",-0.2532378752066,1
"current",8,"beta_bm",-0.280519194526192,1
"current",8,"sigma_y",0.0306630137125001,1
"current",8,"tau0",0.30302828308,0
"current",8,"tau1",-0.08603083715,1
"current",8,"gamma0",0.72763562535,1
"current",8,"gamma1",0.126526854638124,1
"current",8,"gamma2",1.13642877660878,1
"current",8,"alpha",0.23321168919375,1
"current",9,"beta0",-0.18724475919375,1
"current",9,"beta1",0.71334492716875,1
"current",9,"beta2",-0.490031702502203,0
"current",9,"beta_bm",0.00797085853571455,1
"current",9,"sigma_y",-0.0204918387874999,1
"current",9,"tau0",-0.010846920623125,1
"current",9,"tau1",0.12876823494375,1
"current",9,"gamma0",0.74709750294375,1
"current",9,"gamma1",0.275479117701361,1
"current",9,"gamma2",0.947033131075269,1
"current",9,"alpha",0.266201657903125,1
"current",10,"beta0",-0.545166776225,0
"current",10,"beta1",0.864142451078125,0
"current",10,"beta2",-0.425757882812529,0
"current",10,"beta_bm",0.164202468781027,1
"current",10,"sigma_y",0.0289238359625001,1
"current",10,"tau0",0.0360644707987501,1
"current",10,"tau1",0.0734011992874999,1
"current",10,"gamma0",0.688563717975001,1
"current",10,"gamma1",-0.280038433439022,1
"current",10,"gamma2",1.12403026247301,1
"current",10,"alpha",0.33998319116875,1
"current",11,"beta0",-0.0435636121625,1
"current",11,"beta1",0.73254026416875,0
"current",11,"beta2",-0.457984618801019,0
"current",11,"beta_bm",-0.17994977838447,1
"current",11,"sigma_y",-0.0262175768187498,1
"current",11,"tau0",-0.053387728960625,1
"current",11,"tau1",-0.30409216186875,1
"current",11,"gamma0",1.9009842996625,0
"current",11,"gamma1",-0.503599630152835,1
"current",11,"gamma2",1.54359373099377,0
"current",11,"alpha",0.5209109388,0
"current",12,"beta0",0.12583402549375,1
"current",12,"beta1",0.1840537572,1
"current",12,"beta2",-0.048973456777775,1
"current",12,"beta_bm",-0.0950410580702855,1
"current",12,"sigma_y",0.00105373521250018,1
"current",12,"tau0",-0.07423334216375,1
"current",12,"tau1",0.0504704125687501,1
"current",12,"gamma0",0.55635099069375,1
"current",12,"gamma1",0.125848974902156,1
"current",12,"gamma2",0.895934487624781,1
"current",12,"alpha",0.267442728009375,1
"current",13,"beta0",-0.0391314248500003,1
"current",13,"beta1",0.3090969460125,1
"current",13,"beta2",-0.144079087772545,1
"current",13,"beta_bm",-0.0772435510055355,1
"current",13,"sigma_y",-0.0396868674437498,1
"current",13,"tau0",-0.050096775635625,1
"current",13,"tau1",-0.0463567634625002,1
"current",13,"gamma0",0.8709132159125,1
"current",13,"gamma1",0.18267200668334,1
"current",13,"gamma2",0.580147925125313,1
"current",13,"alpha",0.26563202889375,1
"current",14,"beta0",-0.03913407675625,1
"current",14,"beta1",0.2743501007625,1
"current",14,"beta2",-0.210615393111041,1
"current",14,"beta_bm",-0.176596378867473,1
"current",14,"sigma_y",0.0268853943687501,1
"current",14,"tau0",-0.392196256245,0
"current",14,"tau1",0.2314071847875,1
"current",14,"gamma0",0.89613127475625,1
"current",14,"gamma1",-0.100518983263835,1
"current",14,"gamma2",0.203878691141875,1
"current",14,"alpha",0.160569905909375,1
"current",15,"beta0",-0.0628992175375003,1
"current",15,"beta1",0.42579013629375,1
"current",15,"beta2",0.0097794316422975,1
"current",15,"beta_bm",-0.101979203067604,1
"current",15,"sigma_y",0.04138354411875,1
"current",15,"tau0",-0.042200306054375,1
"current",15,"tau1",-0.11452477568125,1
"current",15,"gamma0",1.3765845112875,1
"current",15,"gamma1",0.196988183265407,1
"current",15,"gamma2",0.960052655382669,1
"current",15,"alpha",0.43098147645625,0
"current",16,"beta0",-0.3277355184125,1
"current",16,"beta1",0.385777665325,1
"current",16,"beta2",-0.0584759076766563,1
"current",16,"beta_bm",-0.010660419724598,1
"current",16,"sigma_y",-0.00849469053749985,1
"current",16,"tau0",-0.2214560617575,1
"current",16,"tau1",-0.13932562843125,1
"current",16,"gamma0",0.43185655085,1
"current",16,"gamma1",0.355918408061833,1
"current",16,"gamma2",0.959664067493594,1
"current",16,"alpha",0.27110695326875,1
"current",17,"beta0",0.0551352071812499,1
"current",17,"beta1",1.1926494906125,0
"current",17,"beta2",-0.41485051322435,0
"current",17,"beta_bm",-0.273233866450785,1
"current",17,"sigma_y",-0.0593597143812499,1
"current",17,"tau0",-0.17640084022625,1
"current",17,"tau1",0.17633762731875,1
"current",17,"gamma0",0.683887842693751,1
"current",17,"gamma1",0.0801471942360557,1
"current",17,"gamma2",0.987317284913813,1
"current",17,"alpha",0.222861787171875,1
"current",18,"beta0",-0.1356296046,1
"current",18,"beta1",0.29757638166875,1
"current",18,"beta2",-0.269110273547416,1
"current",18,"beta_bm",-0.0998259113011605,1
"current",18,"sigma_y",-0.03414615969375,1
"current",18,"tau0",-0.0694611767762501,1
"current",18,"tau1",-0.0788427928687501,1
"current",18,"gamma0",-0.259689975524999,1
"current",18,"gamma1",-0.335669504095022,1
"current",18,"gamma2",0.873508749972188,1
"current",18,"alpha",-0.0682491389937501,1
"current",19,"beta0",0.1722624582125,1
"current",19,"beta1",0.0616701565437503,1
"current",19,"beta2",-0.261844258697903,1
"current",19,"beta_bm",-0.228896908694598,1
"current",19,"sigma_y",0.0375516734000001,1
"current",19,"tau0",0.20169534448625,1
"current",19,"tau1",-0.0739353523687503,1
"current",19,"gamma0",-0.407038799337499,1
"current",19,"gamma1",-0.112314328406373,1
"current",19,"gamma2",0.744686920966178,1
"current",19,"alpha",-0.103355801775,1
"current",20,"beta0",0.00152332383750009,1
"current",20,"beta1",-0.13309649008125,1
"current",20,"beta2",-0.0123113962298563,1
"current",20,"beta_bm",-0.0784039184580042,1
"current",20,"sigma_y",-0.01435025769375,1
"current",20,"tau0",0.0257585517925001,1
"current",20,"tau1",0.0743046050687499,1
"current",20,"gamma0",0.6929353164125,1
"current",20,"gamma1",0.155236916878509,1
"current",20,"gamma2",0.76448018208625,1
"current",20,"alpha",0.233306215053125,1
"current",21,"beta0",-0.117447945475,1
"current",21,"beta1",0.55272978904375,1
"current",21,"beta2",-0.252641692924772,1
"current",21,"beta_bm",-0.0359323336160042,1
"current",21,"sigma_y",0.0781416274625002,1
"current",21,"tau0",-0.268447675935625,1
"current",21,"tau1",-0.0576607509312499,1
"current",21,"gamma0",0.940813012006251,1
"current",21,"gamma1",0.264581985844581,1
"current",21,"gamma2",0.445139727603125,1
"current",21,"alpha",0.27669904745625,1
"current",22,"beta0",-0.2365985556625,1
"current",22,"beta1",0.0455128353875001,1
"current",22,"beta2",-0.0166998382584813,1
"current",22,"beta_bm",0.0856635548825895,1
"current",22,"sigma_y",0.00988644140000017,1
"current",22,"tau0",0.00119918075812508,1
"current",22,"tau1",0.218629415225,1
"current",22,"gamma0",1.13697413219375,1
"current",22,"gamma1",0.37380018575739,1
"current",22,"gamma2",1.32825429183338,0
"current",22,"alpha",0.578554212796875,0
"current",23,"beta0",0.0159744107749997,1
"current",23,"beta1",0.13766704204375,1
"current",23,"beta2",-0.214472866737911,1
"current",23,"beta_bm",-0.145146578052282,1
"current",23,"sigma_y",-0.0356089836937499,1
"current",23,"tau0",0.23811467092375,1
"current",23,"tau1",-0.10909861749375,1
"current",23,"gamma0",-0.906436374462499,1
"current",23,"gamma1",0.0138324982747274,1
"current",23,"gamma2",1.43655630316278,0
"current",23,"alpha",-0.17080173799375,1
"current",24,"beta0",-0.16401983375625,1
"current",24,"beta1",1.1863299757875,0
"current",24,"beta2",-0.530513510765912,0
"current",24,"beta_bm",-0.195965463023942,1
"current",24,"sigma_y",-0.0214948801624999,1
"current",24,"tau0",-0.0782979433418751,1
"current",24,"tau1",0.1933250855375,1
"current",24,"gamma0",0.857524805225,1
"current",24,"gamma1",0.394936345579491,1
"current",24,"gamma2",1.0287925791992,1
"current",24,"alpha",0.30525996931875,1
"current",25,"beta0",0.23697319339375,1
"current",25,"beta1",0.36169885460625,1
"current",25,"beta2",-0.169985347684791,1
"current",25,"beta_bm",-0.379446686807417,1
"current",25,"sigma_y",-0.0452796617562499,1
"current",25,"tau0",-0.0809924482137501,1
"current",25,"tau1",0.33742633450625,1
"current",25,"gamma0",0.987652210068751,1
"current",25,"gamma1",0.269361957640733,1
"current",25,"gamma2",0.581889581904688,1
"current",25,"alpha",0.1776967907125,1
"current",26,"beta0",0.1528143819625,1
"current",26,"beta1",0.0484310313562504,1
"current",26,"beta2",-0.145248226373306,1
"current",26,"beta_bm",-0.129633298222879,1
"current",26,"sigma_y",0.01381996761875,1
"current",26,"tau0",-0.2060713427575,1
"current",26,"tau1",0.315743358475,1
"current",26,"gamma0",1.123365993225,1
"current",26,"gamma1",0.25053894116624,1
"current",26,"gamma2",1.54271456653114,0
"current",26,"alpha",0.378083446334375,1
"current",27,"beta0",-0.169152524975,1
"current",27,"beta1",0.651139591446875,1
"current",27,"beta2",-0.264630228792616,1
"current",27,"beta_bm",0.114066429396652,1
"current",27,"sigma_y",-0.0557389537874999,1
"current",27,"tau0",-0.15670936575125,1
"current",27,"tau1",-0.21438038293125,1
"current",27,"gamma0",0.63435279900625,1
"current",27,"gamma1",-0.100581988390054,1
"current",27,"gamma2",-0.0857357022862497,1
"current",27,"alpha",0.174259357315625,1
"current",28,"beta0",-0.470560311975,1
"current",28,"beta1",0.16417185223125,1
"current",28,"beta2",-0.166242414188178,1
"current",28,"beta_bm",0.147913648770715,1
"current",28,"sigma_y",0.05597273415,1
"current",28,"tau0",0.03399690412375,1
"current",28,"tau1",-0.08384528215,1
"current",28,"gamma0",0.8245820666625,1
"current",28,"gamma1",-0.0745834368244662,1
"current",28,"gamma2",0.304528152780313,1
"current",28,"alpha",0.26853878278125,1
"current",29,"beta0",0.143239871246875,1
"current",29,"beta1",0.0184230267312504,1
"current",29,"beta2",-0.1116006245506,1
"current",29,"beta_bm",-0.191475669647629,1
"current",29,"sigma_y",0.0932460441812502,1
"current",29,"tau0",0.012749012505,1
"current",29,"tau1",0.46100914369375,0
"current",29,"gamma0",-0.0553862353375001,1
"current",29,"gamma1",-0.0848406388580194,1
"current",29,"gamma2",1.26243115133761,1
"current",29,"alpha",0.00850578125625012,1
"current",30,"beta0",-0.13692629475625,1
"current",30,"beta1",0.4037997248875,1
"current",30,"beta2",-0.200490435018628,1
"current",30,"beta_bm",-0.225766582134317,1
"current",30,"sigma_y",-0.00608489388124989,1
"current",30,"tau0",0.346789263705,0
"current",30,"tau1",-0.18781585105625,1
"current",30,"gamma0",1.21148232494375,1
"current",30,"gamma1",0.116425166904843,1
"current",30,"gamma2",0.495984565345625,1
"current",30,"alpha",0.3808306313,1
"current",31,"beta0",-0.14189492650625,1
"current",31,"beta1",0.365942191325,1
"current",31,"beta2",-0.273590755966578,1
"current",31,"beta_bm",0.056910148548277,1
"current",31,"sigma_y",-0.06767590106875,1
"current",31,"tau0",0.0707364331362499,1
"current",31,"tau1",0.15035124300625,1
"current",31,"gamma0",1.33500217150625,1
"current",31,"gamma1",-0.345252015162335,1
"current",31,"gamma2",0.672170252022469,1
"current",31,"alpha",0.38005233521875,1
"current",32,"beta0",-0.25899695600625,1
"current",32,"beta1",0.50525036166875,1
"current",32,"beta2",-0.0800613858169656,1
"current",32,"beta_bm",-0.002750654861848,1
"current",32,"sigma_y",-0.0338960497874998,1
"current",32,"tau0",0.30917574898625,0
"current",32,"tau1",-0.13349001074375,1
"current",32,"gamma0",2.18978354562813,0
"current",32,"gamma1",-0.122803590369491,1
"current",32,"gamma2",0.269854101885406,1
"current",32,"alpha",0.5983955066875,0
"current",33,"beta0",-0.1422486601,1
"current",33,"beta1",1.05196190224063,0
"current",33,"beta2",-0.520005623543296,0
"current",33,"beta_bm",-0.207109267099248,1
"current",33,"sigma_y",0.08534291649375,1
"current",33,"tau0",-0.0207715290918751,1
"current",33,"tau1",-0.0344821338062502,1
"current",33,"gamma0",0.88699409985,1
"current",33,"gamma1",-0.407089396100022,1
"current",33,"gamma2",0.668014142929313,1
"current",33,"alpha",0.17497526476875,1
"current",34,"beta0",0.2246052718375,1
"current",34,"beta1",0.0565059434187503,1
"current",34,"beta2",0.0134889261702478,1
"current",34,"beta_bm",-0.376532660369066,1
"current",34,"sigma_y",-0.0538556921312499,1
"current",34,"tau0",-0.010138426595,1
"current",34,"tau1",0.0515755069437498,1
"current",34,"gamma0",1.250119910225,1
"current",34,"gamma1",-0.446066174881585,1
"current",34,"gamma2",1.56343867487513,0
"current",34,"alpha",0.3668043711,1
"current",35,"beta0",-0.0249727809750002,1
"current",35,"beta1",0.483658994325,1
"current",35,"beta2",-0.347292082142247,1
"current",35,"beta_bm",-0.312952731876768,1
"current",35,"sigma_y",-0.0276206017562499,1
"current",35,"tau0",0.0298122689018749,1
"current",35,"tau1",0.127483196725,1
"current",35,"gamma0",0.69164697075625,1
"current",35,"gamma1",0.211573574236815,1
"current",35,"gamma2",1.08845499898578,1
"current",35,"alpha",0.20767788926875,1
"current",36,"beta0",-0.4738720512875,1
"current",36,"beta1",0.74226163279375,0
"current",36,"beta2",-0.368342694928816,1
"current",36,"beta_bm",0.174942150102902,1
"current",36,"sigma_y",0.00888169108750003,1
"current",36,"tau0",-0.232147804645,1
"current",36,"tau1",-0.0480971506499999,1
"current",36,"gamma0",-0.46277466749375,1
"current",36,"gamma1",0.200494755930671,1
"current",36,"gamma2",1.30944635864448,0
"current",36,"alpha",0.096068312009375,1
"current",37,"beta0",0.25689425385,1
"current",37,"beta1",0.380941492325,1
"current",37,"beta2",-0.083646536888125,1
"current",37,"beta_bm",-0.161170254872373,1
"current",37,"sigma_y",0.0341450965250001,1
"current",37,"tau0",0.0642413162425,1
"current",37,"tau1",0.12269413463125,1
"current",37,"gamma0",1.81279909606875,0
"current",37,"gamma1",-0.0630815223173319,1
"current",37,"gamma2",-0.126781177808125,1
"current",37,"alpha",0.41131305455625,0
"current",38,"beta0",-0.0573450215687501,1
"current",38,"beta1",-0.0207575116749998,1
"current",38,"beta2",0.22118241696355,1
"current",38,"beta_bm",0.334525598874777,1
"current",38,"sigma_y",-0.0198547553812498,1
"current",38,"tau0",0.125929317205,1
"current",38,"tau1",-0.13433992118125,1
"current",38,"gamma0",0.71731811863125,1
"current",38,"gamma1",-0.269710175287648,1
"current",38,"gamma2",1.08648073753188,1
"current",38,"alpha",0.32999604421875,1
"current",39,"beta0",0.861652220834375,0
"current",39,"beta1",0.00359762595000035,1
"current",39,"beta2",-0.0192985701889438,1
"current",39,"beta_bm",-0.494286688659536,0
"current",39,"sigma_y",0.0924214195562501,1
"current",39,"tau0",-0.134014157435625,1
"current",39,"tau1",-0.0343209215562501,1
"current",39,"gamma0",0.626336733600001,1
"current",39,"gamma1",-0.497552612726085,1
"current",39,"gamma2",0.85875348202,1
"current",39,"alpha",-0.135419275525,1
"current",40,"beta0",-0.0696688427250001,1
"current",40,"beta1",0.29113792841875,1
"current",40,"beta2",-0.0104415947847938,1
"current",40,"beta_bm",-0.0427085257355355,1
"current",40,"sigma_y",0.0457820430562501,1
"current",40,"tau0",0.09930034398,1
"current",40,"tau1",-0.25822955974375,1
"current",40,"gamma0",0.38323191381875,1
"current",40,"gamma1",-0.381974413092241,1
"current",40,"gamma2",0.82285079700475,1
"current",40,"alpha",0.1040621977,1
"wide2",1,"beta0",0.00794864914999982,1
"wide2",1,"beta1",0.236487330075,1
"wide2",1,"beta2",-0.165417233489591,1
"wide2",1,"beta_bm",-0.218518853293504,1
"wide2",1,"sigma_y",-0.0121088549124999,1
"wide2",1,"tau0",-0.0511008413356251,1
"wide2",1,"tau1",0.394476621475,1
"wide2",1,"gamma0",-0.471593736618749,1
"wide2",1,"gamma1",0.161261036882256,1
"wide2",1,"gamma2",0.882354205736744,1
"wide2",1,"alpha",-0.1822093489625,1
"wide2",2,"beta0",0.0182844103374999,1
"wide2",2,"beta1",-0.0763797602374998,1
"wide2",2,"beta2",0.101294689747706,1
"wide2",2,"beta_bm",0.090335325624777,1
"wide2",2,"sigma_y",0.0111096389312502,1
"wide2",2,"tau0",0.02140721177375,1
"wide2",2,"tau1",-0.30110291036875,1
"wide2",2,"gamma0",-0.4385468797125,1
"wide2",2,"gamma1",-0.453365461978397,1
"wide2",2,"gamma2",1.72365498837926,0
"wide2",2,"alpha",0.095519517609375,1
"wide2",3,"beta0",-0.24506208463125,1
"wide2",3,"beta1",0.56593563710625,1
"wide2",3,"beta2",-0.264426665168133,1
"wide2",3,"beta_bm",0.180580151974777,1
"wide2",3,"sigma_y",-0.0354106158187499,1
"wide2",3,"tau0",-0.059459647445,1
"wide2",3,"tau1",-0.243125620525,1
"wide2",3,"gamma0",-0.638402364056249,1
"wide2",3,"gamma1",-0.215943878530072,1
"wide2",3,"gamma2",1.09077748573066,1
"wide2",3,"alpha",0.0552987790625001,1
"wide2",4,"beta0",-0.0451798310375002,1
"wide2",4,"beta1",-0.12757572801875,1
"wide2",4,"beta2",0.09350969283005,1
"wide2",4,"beta_bm",0.043464164681027,1
"wide2",4,"sigma_y",0.0158417441500001,1
"wide2",4,"tau0",0.21164827804875,1
"wide2",4,"tau1",-0.2487297283375,1
"wide2",4,"gamma0",1.2760535321,1
"wide2",4,"gamma1",0.243488580140542,1
"wide2",4,"gamma2",-0.337816338714375,1
"wide2",4,"alpha",0.336573914584375,1
"wide2",5,"beta0",0.210724994375,1
"wide2",5,"beta1",0.16404043279375,1
"wide2",5,"beta2",-0.255646714203181,1
"wide2",5,"beta_bm",-0.0595839413548167,1
"wide2",5,"sigma_y",-0.06520056294375,1
"wide2",5,"tau0",0.165924697205,1
"wide2",5,"tau1",0.4369109056625,0
"wide2",5,"gamma0",0.744931755256251,1
"wide2",5,"gamma1",-0.751125258030335,1
"wide2",5,"gamma2",1.043960618133,1
"wide2",5,"alpha",0.116042545284375,1
"wide2",6,"beta0",-0.32499741094375,1
"wide2",6,"beta1",0.78018207871875,1
"wide2",6,"beta2",-0.525062801834551,0
"wide2",6,"beta_bm",0.158617701793527,1
"wide2",6,"sigma_y",-0.03224513131875,1
"wide2",6,"tau0",-0.167249936041875,1
"wide2",6,"tau1",0.2014547854125,1
"wide2",6,"gamma0",-0.522949776775,1
"wide2",6,"gamma1",-0.157587902017616,1
"wide2",6,"gamma2",0.1664327458115,1
"wide2",6,"alpha",-0.135749473559375,1
"wide2",7,"beta0",-0.0383986697875001,1
"wide2",7,"beta1",-0.3117980727375,1
"wide2",7,"beta2",0.223198371710769,1
"wide2",7,"beta_bm",0.155901869571652,1
"wide2",7,"sigma_y",-0.0121842519749999,1
"wide2",7,"tau0",0.084851750570625,1
"wide2",7,"tau1",0.19463740581875,1
"wide2",7,"gamma0",-1.0926088589,1
"wide2",7,"gamma1",-0.280589512640523,1
"wide2",7,"gamma2",0.808541864153053,1
"wide2",7,"alpha",-0.1810421603375,1
"wide2",8,"beta0",0.0586563521499999,1
"wide2",8,"beta1",0.51348880495,1
"wide2",8,"beta2",-0.160957211231153,1
"wide2",8,"beta_bm",-0.261145930802281,1
"wide2",8,"sigma_y",-0.0210463120375,1
"wide2",8,"tau0",-0.230599553766875,1
"wide2",8,"tau1",0.0784863962562499,1
"wide2",8,"gamma0",-3.5190080205875,0
"wide2",8,"gamma1",0.439430728173865,1
"wide2",8,"gamma2",0.745803377948151,1
"wide2",8,"alpha",-0.86325681130625,0
"wide2",9,"beta0",-0.386972615975,1
"wide2",9,"beta1",-0.16084745964375,1
"wide2",9,"beta2",-0.168155862670483,1
"wide2",9,"beta_bm",0.292024674412277,1
"wide2",9,"sigma_y",0.0464025447125,1
"wide2",9,"tau0",-0.1371694778075,1
"wide2",9,"tau1",0.0644241949437498,1
"wide2",9,"gamma0",0.8880612379125,1
"wide2",9,"gamma1",-0.118977568583148,1
"wide2",9,"gamma2",0.0222688984262502,1
"wide2",9,"alpha",0.255993747965625,1
"wide2",10,"beta0",0.172214023965625,1
"wide2",10,"beta1",-0.1595697116125,1
"wide2",10,"beta2",0.0304793845535744,1
"wide2",10,"beta_bm",-0.252428373450145,1
"wide2",10,"sigma_y",0.0628221394625001,1
"wide2",10,"tau0",-0.18612008253875,1
"wide2",10,"tau1",-0.0479157365250003,1
"wide2",10,"gamma0",-0.32331885980625,1
"wide2",10,"gamma1",0.0122137959406493,1
"wide2",10,"gamma2",0.508017555965935,1
"wide2",10,"alpha",-0.1143468198375,1
"wide2",11,"beta0",0.236659886340625,1
"wide2",11,"beta1",-0.08072280376875,1
"wide2",11,"beta2",0.0410882741869563,1
"wide2",11,"beta_bm",-0.215509373889254,1
"wide2",11,"sigma_y",-0.03790234094375,1
"wide2",11,"tau0",-0.10428076358875,1
"wide2",11,"tau1",0.260009330725,1
"wide2",11,"gamma0",-1.2916274934,1
"wide2",11,"gamma1",-0.0126941831231506,1
"wide2",11,"gamma2",0.678021402391807,1
"wide2",11,"alpha",-0.42319335261875,1
"wide2",12,"beta0",0.0628079107749997,1
"wide2",12,"beta1",0.22120676979375,1
"wide2",12,"beta2",-0.359375436501807,1
"wide2",12,"beta_bm",-0.154753889582451,1
"wide2",12,"sigma_y",0.01344822774375,1
"wide2",12,"tau0",-0.219801591104375,1
"wide2",12,"tau1",0.03894225000625,1
"wide2",12,"gamma0",-0.395476802525,1
"wide2",12,"gamma1",-0.77255842336471,1
"wide2",12,"gamma2",0.564817803501844,1
"wide2",12,"alpha",-0.221077501221875,1
"wide2",13,"beta0",-0.52743556763125,0
"wide2",13,"beta1",0.316465122075,1
"wide2",13,"beta2",0.00681954544320312,1
"wide2",13,"beta_bm",0.353634651049777,1
"wide2",13,"sigma_y",-0.00760998897499987,1
"wide2",13,"tau0",-0.140972125473125,1
"wide2",13,"tau1",0.37518882831875,1
"wide2",13,"gamma0",0.728713599100001,1
"wide2",13,"gamma1",0.103177924700368,1
"wide2",13,"gamma2",0.402844300558125,1
"wide2",13,"alpha",0.391775776928125,1
"wide2",14,"beta0",0.0560029381499998,1
"wide2",14,"beta1",-0.16492167051875,1
"wide2",14,"beta2",0.0852292036110813,1
"wide2",14,"beta_bm",-0.098556020208973,1
"wide2",14,"sigma_y",0.0681716010875002,1
"wide2",14,"tau0",0.0440771059175,1
"wide2",14,"tau1",-0.0431403814625,1
"wide2",14,"gamma0",0.0743842870062501,1
"wide2",14,"gamma1",0.0682506268367181,1
"wide2",14,"gamma2",-0.407839021851875,1
"wide2",14,"alpha",-0.011817121321875,1
"wide2",15,"beta0",-0.0145524233812502,1
"wide2",15,"beta1",0.3343228836375,1
"wide2",15,"beta2",-0.264608006305488,1
"wide2",15,"beta_bm",-0.0697022926636918,1
"wide2",15,"sigma_y",0.0165236805250002,1
"wide2",15,"tau0",-0.154272831154375,1
"wide2",15,"tau1",0.0525140588499999,1
"wide2",15,"gamma0",-3.50612016349375,0
"wide2",15,"gamma1",0.627225204226009,1
"wide2",15,"gamma2",1.16413399383341,1
"wide2",15,"alpha",-0.6498646432125,1
"wide2",16,"beta0",0.421590764046875,1
"wide2",16,"beta1",-0.5883294332375,1
"wide2",16,"beta2",0.120838576068488,1
"wide2",16,"beta_bm",-0.108635618514379,1
"wide2",16,"sigma_y",0.11571740911875,0
"wide2",16,"tau0",0.0272435864737499,1
"wide2",16,"tau1",0.45066062206875,0
"wide2",16,"gamma0",2.17935448703438,1
"wide2",16,"gamma1",-0.542338986218832,1
"wide2",16,"gamma2",-0.0359329159496875,1
"wide2",16,"alpha",0.3686081030125,1
"wide2",17,"beta0",0.245565169625,1
"wide2",17,"beta1",-0.0561356338624996,1
"wide2",17,"beta2",0.0394638551247531,1
"wide2",17,"beta_bm",-0.206371285273785,1
"wide2",17,"sigma_y",-0.00778502400624981,1
"wide2",17,"tau0",-0.0453406352700001,1
"wide2",17,"tau1",-0.269956176275,1
"wide2",17,"gamma0",-1.03455405418125,1
"wide2",17,"gamma1",-0.622005107951585,1
"wide2",17,"gamma2",0.046494288653316,1
"wide2",17,"alpha",-0.566991416025,1
"wide2",18,"beta0",-0.1454008846625,1
"wide2",18,"beta1",0.25274485054375,1
"wide2",18,"beta2",-0.148690752924724,1
"wide2",18,"beta_bm",0.033727231772277,1
"wide2",18,"sigma_y",-0.0169313847249999,1
"wide2",18,"tau0",-0.0326760022825001,1
"wide2",18,"tau1",-0.0298918962124999,1
"wide2",18,"gamma0",-1.06586274043125,1
"wide2",18,"gamma1",-0.0988502625391944,1
"wide2",18,"gamma2",1.23850934978106,1
"wide2",18,"alpha",-0.20923241015,1
"wide2",19,"beta0",0.0241842699312498,1
"wide2",19,"beta1",0.0985198544812502,1
"wide2",19,"beta2",-0.169615280005669,1
"wide2",19,"beta_bm",0.0735647988060271,1
"wide2",19,"sigma_y",0.0256251458687502,1
"wide2",19,"tau0",-0.0924462615949999,1
"wide2",19,"tau1",-0.2607780422125,1
"wide2",19,"gamma0",-0.86268306715,1
"wide2",19,"gamma1",0.429424392705824,1
"wide2",19,"gamma2",0.0895225069064689,1
"wide2",19,"alpha",-0.252509013025,1
"wide2",20,"beta0",0.15134399586875,1
"wide2",20,"beta1",-0.38918425089375,1
"wide2",20,"beta2",0.0780834718444874,1
"wide2",20,"beta_bm",-0.403600639642748,0
"wide2",20,"sigma_y",0.0704607351187501,1
"wide2",20,"tau0",-0.0237901174824999,1
"wide2",20,"tau1",-0.261819732775,1
"wide2",20,"gamma0",-1.98134015761875,1
"wide2",20,"gamma1",0.78710865301215,1
"wide2",20,"gamma2",1.5608531473004,1
"wide2",20,"alpha",-0.37192241461875,1
"wide2",21,"beta0",-0.14097849644375,1
"wide2",21,"beta1",-0.12366500020625,1
"wide2",21,"beta2",0.123007886530019,1
"wide2",21,"beta_bm",0.170804023731027,1
"wide2",21,"sigma_y",-0.10315975713125,0
"wide2",21,"tau0",0.18068796936125,1
"wide2",21,"tau1",-0.1855924924,1
"wide2",21,"gamma0",-0.09075307055625,1
"wide2",21,"gamma1",0.479700439170313,1
"wide2",21,"gamma2",0.294653486353438,1
"wide2",21,"alpha",0.194693907528125,1
"wide2",22,"beta0",-0.21416405485,1
"wide2",22,"beta1",0.27812674748125,1
"wide2",22,"beta2",-0.0680912308587844,1
"wide2",22,"beta_bm",0.156998558374777,1
"wide2",22,"sigma_y",-0.16805394569375,0
"wide2",22,"tau0",0.0943800037987499,1
"wide2",22,"tau1",-0.33172310315,1
"wide2",22,"gamma0",-2.64855820174375,1
"wide2",22,"gamma1",-0.56278006630346,1
"wide2",22,"gamma2",0.963164536392613,1
"wide2",22,"alpha",-0.59111891418125,1
"wide2",23,"beta0",0.267947381453125,1
"wide2",23,"beta1",0.280634191325,1
"wide2",23,"beta2",-0.0838084516548906,1
"wide2",23,"beta_bm",-0.143054726962032,1
"wide2",23,"sigma_y",-0.04199021331875,1
"wide2",23,"tau0",0.190018261455,1
"wide2",23,"tau1",-0.0471289579625003,1
"wide2",23,"gamma0",0.2371582955375,1
"wide2",23,"gamma1",0.298497906854092,1
"wide2",23,"gamma2",0.149994275498938,1
"wide2",23,"alpha",0.07967393376875,1
"wide2",24,"beta0",-0.0188753342250001,1
"wide2",24,"beta1",0.18781085423125,1
"wide2",24,"beta2",-0.09989043295065,1
"wide2",24,"beta_bm",-0.184589851569848,1
"wide2",24,"sigma_y",0.0163101322750001,1
"wide2",24,"tau0",0.0502945046956249,1
"wide2",24,"tau1",0.11919698685,1
"wide2",24,"gamma0",1.7174493442875,1
"wide2",24,"gamma1",0.304006387533456,1
"wide2",24,"gamma2",-0.42463457973,1
"wide2",24,"alpha",0.441268517090625,1
"wide2",25,"beta0",0.0743222084624997,1
"wide2",25,"beta1",0.07403877679375,1
"wide2",25,"beta2",-0.12063312396835,1
"wide2",25,"beta_bm",0.071274623918527,1
"wide2",25,"sigma_y",-0.0082803201312498,1
"wide2",25,"tau0",0.085104239945625,1
"wide2",25,"tau1",-0.0695921552124998,1
"wide2",25,"gamma0",-0.39463282915,1
"wide2",25,"gamma1",-0.161269690632929,1
"wide2",25,"gamma2",0.311419318041563,1
"wide2",25,"alpha",-0.0999643474312499,1
"wide2",26,"beta0",0.232230162746875,1
"wide2",26,"beta1",-0.2608359637375,1
"wide2",26,"beta2",0.19312359130855,1
"wide2",26,"beta_bm",-0.247733272467376,1
"wide2",26,"sigma_y",-0.0188632639437498,1
"wide2",26,"tau0",0.3468813045175,0
"wide2",26,"tau1",0.0793577157250001,1
"wide2",26,"gamma0",1.14014222175625,1
"wide2",26,"gamma1",0.171078636549665,1
"wide2",26,"gamma2",-0.0249617390451249,1
"wide2",26,"alpha",0.30521552731875,1
"wide2",27,"beta0",0.0772188961187501,1
"wide2",27,"beta1",-0.45230472555,1
"wide2",27,"beta2",0.45991537093605,0
"wide2",27,"beta_bm",0.093565294653527,1
"wide2",27,"sigma_y",-0.01168429625625,1
"wide2",27,"tau0",0.00662217499249995,1
"wide2",27,"tau1",-0.0907682284937499,1
"wide2",27,"gamma0",0.0419838436625,1
"wide2",27,"gamma1",-0.302940691463416,1
"wide2",27,"gamma2",-0.229443607343437,1
"wide2",27,"alpha",-0.0239918753749999,1
"wide2",28,"beta0",-0.091709635475,1
"wide2",28,"beta1",0.665264711465625,1
"wide2",28,"beta2",-0.265615228937731,1
"wide2",28,"beta_bm",-0.0698326747407543,1
"wide2",28,"sigma_y",-0.0673475495375,1
"wide2",28,"tau0",0.0479019302268751,1
"wide2",28,"tau1",0.0152645685374999,1
"wide2",28,"gamma0",-0.698160863525,1
"wide2",28,"gamma1",-0.104112308675897,1
"wide2",28,"gamma2",0.9872678407525,1
"wide2",28,"alpha",-0.12725481193125,1
"wide2",29,"beta0",0.0577158637437498,1
"wide2",29,"beta1",0.1276443097625,1
"wide2",29,"beta2",0.0718961290347406,1
"wide2",29,"beta_bm",0.00561252306946447,1
"wide2",29,"sigma_y",-0.062387485975,1
"wide2",29,"tau0",-0.019183784404375,1
"wide2",29,"tau1",-0.0655069468375,1
"wide2",29,"gamma0",-0.355845955837499,1
"wide2",29,"gamma1",-0.0607876747607193,1
"wide2",29,"gamma2",-0.24213177618125,1
"wide2",29,"alpha",-0.15585828936875,1
"wide2",30,"beta0",0.422984294703125,1
"wide2",30,"beta1",0.6226692492625,1
"wide2",30,"beta2",-0.330960462811119,1
"wide2",30,"beta_bm",-0.458583591795249,0
"wide2",30,"sigma_y",0.16610179505625,0
"wide2",30,"tau0",0.210202496555,1
"wide2",30,"tau1",-0.177137821775,1
"wide2",30,"gamma0",-0.972548797462499,1
"wide2",30,"gamma1",0.0793752510991588,1
"wide2",30,"gamma2",0.500965175327938,1
"wide2",30,"alpha",-0.3793534267125,1
"wide2",31,"beta0",0.2961402488625,1
"wide2",31,"beta1",0.246275053746875,1
"wide2",31,"beta2",-0.281827594997834,1
"wide2",31,"beta_bm",-0.208135871468164,1
"wide2",31,"sigma_y",0.14142490899375,0
"wide2",31,"tau0",-0.4441718530825,0
"wide2",31,"tau1",0.79355857613125,0
"wide2",31,"gamma0",0.2674781701,1
"wide2",31,"gamma1",0.441540007711472,1
"wide2",31,"gamma2",-0.396434888345625,1
"wide2",31,"alpha",0.00176191167500006,1
"wide2",32,"beta0",-0.4321758026625,1
"wide2",32,"beta1",-0.0366337249249997,1
"wide2",32,"beta2",0.0191752990415812,1
"wide2",32,"beta_bm",0.074907583792277,1
"wide2",32,"sigma_y",0.0534554833687502,1
"wide2",32,"tau0",0.016674712220625,1
"wide2",32,"tau1",0.16767745181875,1
"wide2",32,"gamma0",-0.85004666868125,1
"wide2",32,"gamma1",0.687942568665171,1
"wide2",32,"gamma2",-0.62791008133625,1
"wide2",32,"alpha",-0.0925158875250001,1
"wide2",33,"beta0",-0.0391167583812502,1
"wide2",33,"beta1",0.40704571298125,1
"wide2",33,"beta2",-0.149765998318769,1
"wide2",33,"beta_bm",-0.0111269941399105,1
"wide2",33,"sigma_y",-0.09359363035,1
"wide2",33,"tau0",0.172619855705,1
"wide2",33,"tau1",0.2511476601,1
"wide2",33,"gamma0",-1.48966529365,1
"wide2",33,"gamma1",-0.297056647018273,1
"wide2",33,"gamma2",1.64692651342548,0
"wide2",33,"alpha",-0.241082954571875,1
"wide2",34,"beta0",0.14923061618125,1
"wide2",34,"beta1",0.39007856635625,1
"wide2",34,"beta2",-0.188078945653559,1
"wide2",34,"beta_bm",0.108327840081964,1
"wide2",34,"sigma_y",-0.00625705688124989,1
"wide2",34,"tau0",-0.13677281022,1
"wide2",34,"tau1",-0.39914127461875,0
"wide2",34,"gamma0",-0.97508958830625,1
"wide2",34,"gamma1",-0.418416089310866,1
"wide2",34,"gamma2",0.374567004184419,1
"wide2",34,"alpha",-0.23528017961875,1
"wide2",35,"beta0",0.266740849178125,1
"wide2",35,"beta1",-0.51045333626875,1
"wide2",35,"beta2",0.240870213700738,1
"wide2",35,"beta_bm",-0.100845951719942,1
"wide2",35,"sigma_y",-0.035171275725,1
"wide2",35,"tau0",-0.30369572320125,0
"wide2",35,"tau1",0.15037909881875,1
"wide2",35,"gamma0",-0.335676006775,1
"wide2",35,"gamma1",-0.0820364517830537,1
"wide2",35,"gamma2",1.01460961011503,1
"wide2",35,"alpha",-0.1061325708375,1
"wide2",36,"beta0",0.189954813465625,1
"wide2",36,"beta1",-0.29829108964375,1
"wide2",36,"beta2",0.00281114741844085,1
"wide2",36,"beta_bm",0.085169550369152,1
"wide2",36,"sigma_y",0.0649852152125001,1
"wide2",36,"tau0",-0.175753394616875,1
"wide2",36,"tau1",0.032821222725,1
"wide2",36,"gamma0",0.74068162788125,1
"wide2",36,"gamma1",-0.478246986818773,1
"wide2",36,"gamma2",2.02213318188698,0
"wide2",36,"alpha",0.393402421015625,1
"wide2",37,"beta0",0.0156812069312497,1
"wide2",37,"beta1",0.4982570817,1
"wide2",37,"beta2",-0.180737077180009,1
"wide2",37,"beta_bm",-0.331661733615092,1
"wide2",37,"sigma_y",-0.0327322794437499,1
"wide2",37,"tau0",-0.0250382880075,1
"wide2",37,"tau1",-0.19152938749375,1
"wide2",37,"gamma0",-2.77797212661875,1
"wide2",37,"gamma1",1.01748902708835,1
"wide2",37,"gamma2",0.743435031721372,1
"wide2",37,"alpha",-0.61805698165,1
"wide2",38,"beta0",-0.16462326288125,1
"wide2",38,"beta1",0.1417634362,1
"wide2",38,"beta2",-0.221951867550397,1
"wide2",38,"beta_bm",-0.0456942588587542,1
"wide2",38,"sigma_y",0.0173126099000001,1
"wide2",38,"tau0",-0.020556506848125,1
"wide2",38,"tau1",0.0283644021625,1
"wide2",38,"gamma0",-0.71468239015,1
"wide2",38,"gamma1",-0.334297368854016,1
"wide2",38,"gamma2",0.486815832389631,1
"wide2",38,"alpha",-0.236731708415625,1
"wide2",39,"beta0",-0.25434480000625,1
"wide2",39,"beta1",0.264753940075,1
"wide2",39,"beta2",-0.343223421488927,1
"wide2",39,"beta_bm",0.229437057224777,1
"wide2",39,"sigma_y",0.0252277601812501,1
"wide2",39,"tau0",-0.0207384923262499,1
"wide2",39,"tau1",-0.02760893699375,1
"wide2",39,"gamma0",-2.5808063507125,1
"wide2",39,"gamma1",-0.0874665467993038,1
"wide2",39,"gamma2",0.730901231899219,1
"wide2",39,"alpha",-0.43736074499375,1
"wide2",40,"beta0",0.0964190773687501,1
"wide2",40,"beta1",0.52913055966875,1
"wide2",40,"beta2",-0.0803595726699531,1
"wide2",40,"beta_bm",-0.285401135095035,1
"wide2",40,"sigma_y",0.0488401880875,1
"wide2",40,"tau0",0.0977164971425,1
"wide2",40,"tau1",-0.10803593415,1
"wide2",40,"gamma0",0.94258304519375,1
"wide2",40,"gamma1",-0.0640832073930225,1
"wide2",40,"gamma2",0.0737760345412504,1
"wide2",40,"alpha",0.092664019878125,1
"wide4",1,"beta0",-0.0558940014437499,1
"wide4",1,"beta1",0.28067408241875,1
"wide4",1,"beta2",-0.126613446812811,1
"wide4",1,"beta_bm",0.271709080584152,1
"wide4",1,"sigma_y",-0.0484009542874999,1
"wide4",1,"tau0",0.127323600408125,1
"wide4",1,"tau1",-0.154784091025,1
"wide4",1,"gamma0",1.55478106531875,1
"wide4",1,"gamma1",-0.374772252977522,1
"wide4",1,"gamma2",1.27791728332288,1
"wide4",1,"alpha",0.5325481314625,0
"wide4",2,"beta0",0.12426876318125,1
"wide4",2,"beta1",-0.12706915295625,1
"wide4",2,"beta2",-0.20372488451498,1
"wide4",2,"beta_bm",-0.0149008270824105,1
"wide4",2,"sigma_y",0.0823897042125001,1
"wide4",2,"tau0",-0.44780246666375,0
"wide4",2,"tau1",0.369990907725,1
"wide4",2,"gamma0",1.55158153306875,1
"wide4",2,"gamma1",-0.305586258152929,1
"wide4",2,"gamma2",-0.978721870833125,1
"wide4",2,"alpha",0.229174240784375,1
"wide4",3,"beta0",-0.2828782046625,1
"wide4",3,"beta1",0.6124456327625,1
"wide4",3,"beta2",-0.356656524891439,1
"wide4",3,"beta_bm",-0.0613398229882542,1
"wide4",3,"sigma_y",-0.000125500974999859,1
"wide4",3,"tau0",0.0733299562987499,1
"wide4",3,"tau1",-0.1708165060875,1
"wide4",3,"gamma0",-2.3343124574625,1
"wide4",3,"gamma1",1.20409301132466,0
"wide4",3,"gamma2",-0.5692684114675,1
"wide4",3,"alpha",-0.44517560586875,1
"wide4",4,"beta0",-0.11660319181875,1
"wide4",4,"beta1",0.3075430756375,1
"wide4",4,"beta2",-0.0416769306583969,1
"wide4",4,"beta_bm",-0.0800631584053824,1
"wide4",4,"sigma_y",-0.0734424182562499,1
"wide4",4,"tau0",0.20085972383,1
"wide4",4,"tau1",0.0180710853499999,1
"wide4",4,"gamma0",-1.07669254049375,1
"wide4",4,"gamma1",0.16037218140074,1
"wide4",4,"gamma2",0.0608680709350002,1
"wide4",4,"alpha",-0.280089309028125,1
"wide4",5,"beta0",0.192535549934375,1
"wide4",5,"beta1",-0.0889920612687498,1
"wide4",5,"beta2",0.122242436082269,1
"wide4",5,"beta_bm",-0.0472836613386605,1
"wide4",5,"sigma_y",0.0720909501187501,1
"wide4",5,"tau0",-0.0615671273387499,1
"wide4",5,"tau1",-0.0921416366500001,1
"wide4",5,"gamma0",-0.568849411493749,1
"wide4",5,"gamma1",0.588523982907824,1
"wide4",5,"gamma2",-1.93542607877375,0
"wide4",5,"alpha",-0.2393467337125,1
"wide4",6,"beta0",0.31333137315,1
"wide4",6,"beta1",0.12862326510625,1
"wide4",6,"beta2",-0.0340652703827756,1
"wide4",6,"beta_bm",-0.311959982421792,1
"wide4",6,"sigma_y",0.0205940626500001,1
"wide4",6,"tau0",-0.248832306404375,1
"wide4",6,"tau1",-0.0574894906812502,1
"wide4",6,"gamma0",-0.694828754775,1
"wide4",6,"gamma1",0.305966734810926,1
"wide4",6,"gamma2",0.273596155502531,1
"wide4",6,"alpha",-0.3295412570875,1
"wide4",7,"beta0",-0.00727686859999999,1
"wide4",7,"beta1",-0.4311318087375,1
"wide4",7,"beta2",0.163907403478428,1
"wide4",7,"beta_bm",0.075053496518527,1
"wide4",7,"sigma_y",0.0496706825250002,1
"wide4",7,"tau0",-0.0766717361231251,1
"wide4",7,"tau1",0.0182105826000001,1
"wide4",7,"gamma0",1.00198131275625,1
"wide4",7,"gamma1",0.217333776181487,1
"wide4",7,"gamma2",0.705674729432479,1
"wide4",7,"alpha",0.3915220483,1
"wide4",8,"beta0",0.2305669876,1
"wide4",8,"beta1",0.6622629032625,1
"wide4",8,"beta2",-0.230597250838797,1
"wide4",8,"beta_bm",-0.319172086433801,1
"wide4",8,"sigma_y",-0.0115712514749999,1
"wide4",8,"tau0",-0.1886324220575,1
"wide4",8,"tau1",0.04823269819375,1
"wide4",8,"gamma0",-1.31530871930625,1
"wide4",8,"gamma1",-0.804705153551429,1
"wide4",8,"gamma2",-0.538781603293156,1
"wide4",8,"alpha",-0.69584436174375,1
"wide4",9,"beta0",-0.32692146344375,1
"wide4",9,"beta1",0.44697925245,1
"wide4",9,"beta2",-0.162845807085678,1
"wide4",9,"beta_bm",0.135906397846652,1
"wide4",9,"sigma_y",0.0509609857125002,1
"wide4",9,"tau0",-0.2200056595325,1
"wide4",9,"tau1",-0.25033546930625,1
"wide4",9,"gamma0",-4.1017768300875,0
"wide4",9,"gamma1",0.373539785922112,1
"wide4",9,"gamma2",-1.21337188843,1
"wide4",9,"alpha",-0.9635184293375,0
"wide4",10,"beta0",-0.16317031875625,1
"wide4",10,"beta1",0.4211922435125,1
"wide4",10,"beta2",0.0629920473098938,1
"wide4",10,"beta_bm",0.052556647131027,1
"wide4",10,"sigma_y",-0.0139083777875,1
"wide4",10,"tau0",-0.02810374177625,1
"wide4",10,"tau1",0.3013357150375,1
"wide4",10,"gamma0",-4.10076517611875,1
"wide4",10,"gamma1",0.677549906730862,1
"wide4",10,"gamma2",-0.59602871451625,1
"wide4",10,"alpha",-0.95793946893125,1
"wide4",11,"beta0",-0.0713657775375003,1
"wide4",11,"beta1",-0.10056489764375,1
"wide4",11,"beta2",-0.0457733194839125,1
"wide4",11,"beta_bm",0.157394166739152,1
"wide4",11,"sigma_y",-0.00931712400624995,1
"wide4",11,"tau0",0.13458877298625,1
"wide4",11,"tau1",0.08844827456875,1
"wide4",11,"gamma0",-1.3470101969625,1
"wide4",11,"gamma1",0.173440349038515,1
"wide4",11,"gamma2",-1.64477106307062,1
"wide4",11,"alpha",-0.4503448839625,1
"wide4",12,"beta0",0.277258263334375,1
"wide4",12,"beta1",-0.23037270226875,1
"wide4",12,"beta2",0.174365640390916,1
"wide4",12,"beta_bm",-0.166396098573708,1
"wide4",12,"sigma_y",-0.04741296738125,1
"wide4",12,"tau0",-0.0452214625106251,1
"wide4",12,"tau1",-0.10203576386875,1
"wide4",12,"gamma0",0.700968238600001,1
"wide4",12,"gamma1",-0.094141804103035,1
"wide4",12,"gamma2",-0.972291840709406,1
"wide4",12,"alpha",-0.0192381134843749,1
"wide4",13,"beta0",0.5314896353125,1
"wide4",13,"beta1",-0.151930632675,1
"wide4",13,"beta2",0.1677170028318,1
"wide4",13,"beta_bm",-0.544053172110303,0
"wide4",13,"sigma_y",0.0407808520875002,1
"wide4",13,"tau0",0.23980694323625,1
"wide4",13,"tau1",-0.03092539768125,1
"wide4",13,"gamma0",0.79351826338125,1
"wide4",13,"gamma1",1.01150527171491,0
"wide4",13,"gamma2",-0.893485647401875,1
"wide4",13,"alpha",0.0760557378,1
"wide4",14,"beta0",0.20578153064375,1
"wide4",14,"beta1",0.14609804991875,1
"wide4",14,"beta2",-0.272293562614935,1
"wide4",14,"beta_bm",-0.240897667280632,1
"wide4",14,"sigma_y",0.0198070353062501,1
"wide4",14,"tau0",-0.0239301683887501,1
"wide4",14,"tau1",0.216326720725,1
"wide4",14,"gamma0",1.2046890354125,1
"wide4",14,"gamma1",-0.330152310727022,1
"wide4",14,"gamma2",-0.02464419290125,1
"wide4",14,"alpha",0.106842356853125,1
"wide4",15,"beta0",0.10478589849375,1
"wide4",15,"beta1",-0.0439654852999998,1
"wide4",15,"beta2",0.133435353294644,1
"wide4",15,"beta_bm",0.127029270102902,1
"wide4",15,"sigma_y",-0.0150097261937499,1
"wide4",15,"tau0",0.09017243711125,1
"wide4",15,"tau1",-0.0348628726187501,1
"wide4",15,"gamma0",-1.4252197390875,1
"wide4",15,"gamma1",0.589948466723937,1
"wide4",15,"gamma2",-0.3197619036475,1
"wide4",15,"alpha",-0.24185901893125,1
"wide4",16,"beta0",0.0603196658999998,1
"wide4",16,"beta1",-0.49721314851875,1
"wide4",16,"beta2",0.273512206503206,1
"wide4",16,"beta_bm",0.080779309177902,1
"wide4",16,"sigma_y",0.000553379993750047,1
"wide4",16,"tau0",-0.10612303910125,1
"wide4",16,"tau1",0.2802936975375,1
"wide4",16,"gamma0",-0.886806221181249,1
"wide4",16,"gamma1",0.637198801275421,1
"wide4",16,"gamma2",-0.2365018575475,1
"wide4",16,"alpha",-0.019771966275,1
"wide4",17,"beta0",0.0355648745249999,1
"wide4",17,"beta1",0.43212863816875,1
"wide4",17,"beta2",-0.199658698211765,1
"wide4",17,"beta_bm",-0.064615961922723,1
"wide4",17,"sigma_y",0.00596935571250001,1
"wide4",17,"tau0",-0.294492270691875,0
"wide4",17,"tau1",0.0901001210375001,1
"wide4",17,"gamma0",-1.38787295036875,1
"wide4",17,"gamma1",-0.492928583566898,1
"wide4",17,"gamma2",0.634607935028594,1
"wide4",17,"alpha",-0.570735463525,1
"wide4",18,"beta0",-0.238141974225,1
"wide4",18,"beta1",0.835200574221875,0
"wide4",18,"beta2",-0.215325891653786,1
"wide4",18,"beta_bm",0.046584815262277,1
"wide4",18,"sigma_y",0.0449803485875,1
"wide4",18,"tau0",-0.08302440631375,1
"wide4",18,"tau1",0.0759440153812498,1
"wide4",18,"gamma0",-1.04239060486875,1
"wide4",18,"gamma1",-0.0687101612988226,1
"wide4",18,"gamma2",-0.423783031095625,1
"wide4",18,"alpha",-0.31428009143125,1
"wide4",19,"beta0",-0.1275840012875,1
"wide4",19,"beta1",0.17251279804375,1
"wide4",19,"beta2",-0.0928393646685519,1
"wide4",19,"beta_bm",-0.012892795872098,1
"wide4",19,"sigma_y",0.0550587079625,1
"wide4",19,"tau0",0.0641000061581249,1
"wide4",19,"tau1",-0.0257794881187499,1
"wide4",19,"gamma0",-1.972794157275,1
"wide4",19,"gamma1",-0.308502079995269,1
"wide4",19,"gamma2",-0.694098627626484,1
"wide4",19,"alpha",-0.58661470115,1
"wide4",20,"beta0",0.1976373748375,1
"wide4",20,"beta1",0.13442876566875,1
"wide4",20,"beta2",-0.147593449198253,1
"wide4",20,"beta_bm",-0.278607544649626,1
"wide4",20,"sigma_y",-0.0371280932875,1
"wide4",20,"tau0",-0.28974071012,1
"wide4",20,"tau1",0.2915233245375,1
"wide4",20,"gamma0",0.866608419912501,1
"wide4",20,"gamma1",-0.119100556479385,1
"wide4",20,"gamma2",0.0457993668734376,1
"wide4",20,"alpha",0.071624589659375,1
"wide4",21,"beta0",0.0286898222124998,1
"wide4",21,"beta1",-0.28772401520625,1
"wide4",21,"beta2",0.123158965636644,1
"wide4",21,"beta_bm",-0.18673040291066,1
"wide4",21,"sigma_y",0.0487272325250001,1
"wide4",21,"tau0",0.1709104172675,1
"wide4",21,"tau1",0.0851050840999998,1
"wide4",21,"gamma0",-0.437346575993749,1
"wide4",21,"gamma1",0.249113185291271,1
"wide4",21,"gamma2",1.34723130195675,1
"wide4",21,"alpha",-0.0477827053312501,1
"wide4",22,"beta0",0.0519874166499998,1
"wide4",22,"beta1",0.919187083934375,0
"wide4",22,"beta2",-0.415227052117316,0
"wide4",22,"beta_bm",-0.25631019397607,1
"wide4",22,"sigma_y",0.0209040426187501,1
"wide4",22,"tau0",-0.0876168656387499,1
"wide4",22,"tau1",-0.21952187480625,1
"wide4",22,"gamma0",-0.844667827275,1
"wide4",22,"gamma1",-0.0938570594554913,1
"wide4",22,"gamma2",-0.224268596210312,1
"wide4",22,"alpha",-0.42716932155625,1
"wide4",23,"beta0",0.297212795975,1
"wide4",23,"beta1",-0.14762130120625,1
"wide4",23,"beta2",0.19132199715605,1
"wide4",23,"beta_bm",-0.195081152891723,1
"wide4",23,"sigma_y",0.0131028724937501,1
"wide4",23,"tau0",0.0208274386956251,1
"wide4",23,"tau1",0.1922527756,1
"wide4",23,"gamma0",0.30330108294375,1
"wide4",23,"gamma1",0.42902004680889,1
"wide4",23,"gamma2",-0.70864386826125,1
"wide4",23,"alpha",0.055299467425,1
"wide4",24,"beta0",0.0345061935562501,1
"wide4",24,"beta1",0.350851783325,1
"wide4",24,"beta2",-0.0106725574210219,1
"wide4",24,"beta_bm",-0.0755814856418793,1
"wide4",24,"sigma_y",-0.0374057614124998,1
"wide4",24,"tau0",0.19243755829875,1
"wide4",24,"tau1",0.20290881375625,1
"wide4",24,"gamma0",-3.6301537988375,1
"wide4",24,"gamma1",0.660277702329538,1
"wide4",24,"gamma2",0.281678432509782,1
"wide4",24,"alpha",-0.851384014775,1
"wide4",25,"beta0",0.14841176161875,1
"wide4",25,"beta1",0.41743817248125,1
"wide4",25,"beta2",-0.194270998572881,1
"wide4",25,"beta_bm",-0.20395010430887,1
"wide4",25,"sigma_y",0.02522393824375,1
"wide4",25,"tau0",-0.1205802300575,1
"wide4",25,"tau1",0.0671461288500002,1
"wide4",25,"gamma0",1.59219353856875,1
"wide4",25,"gamma1",-0.15036176739796,1
"wide4",25,"gamma2",0.388617125365907,1
"wide4",25,"alpha",0.323712636475,1
"wide4",26,"beta0",0.0886706168687499,1
"wide4",26,"beta1",-0.35627480970625,1
"wide4",26,"beta2",0.243760871797769,1
"wide4",26,"beta_bm",0.097133997018527,1
"wide4",26,"sigma_y",0.0466704483375,1
"wide4",26,"tau0",-0.0229059773668749,1
"wide4",26,"tau1",0.22718113625625,1
"wide4",26,"gamma0",0.68187376700625,1
"wide4",26,"gamma1",-0.169078468374129,1
"wide4",26,"gamma2",-1.45381608108312,1
"wide4",26,"alpha",0.0524993857562501,1
"wide4",27,"beta0",0.468257236603125,1
"wide4",27,"beta1",-0.1212917748,1
"wide4",27,"beta2",-0.100194416679953,1
"wide4",27,"beta_bm",-0.370290218074504,1
"wide4",27,"sigma_y",0.02494509580625,1
"wide4",27,"tau0",-0.2582297030075,1
"wide4",27,"tau1",0.378688791225,1
"wide4",27,"gamma0",1.00327094425625,1
"wide4",27,"gamma1",-0.175465959780019,1
"wide4",27,"gamma2",0.849520381261556,1
"wide4",27,"alpha",0.16233057930625,1
"wide4",28,"beta0",-0.14582758050625,1
"wide4",28,"beta1",0.18757884591875,1
"wide4",28,"beta2",-0.108198131436659,1
"wide4",28,"beta_bm",0.032861106006027,1
"wide4",28,"sigma_y",-0.02971834435,1
"wide4",28,"tau0",0.12731640954875,1
"wide4",28,"tau1",-0.14202762868125,1
"wide4",28,"gamma0",-3.551659228025,1
"wide4",28,"gamma1",-0.564911462342273,1
"wide4",28,"gamma2",1.97218393041635,0
"wide4",28,"alpha",-0.6815768122125,1
"wide4",29,"beta0",0.455806839984375,1
"wide4",29,"beta1",0.22821084316875,1
"wide4",29,"beta2",-0.0194617023932782,1
"wide4",29,"beta_bm",-0.368101270427642,1
"wide4",29,"sigma_y",-0.0199539976624998,1
"wide4",29,"tau0",-0.12612491611375,1
"wide4",29,"tau1",-0.0595614654937502,1
"wide4",29,"gamma0",-2.9721854760875,1
"wide4",29,"gamma1",-0.898570185797338,1
"wide4",29,"gamma2",0.562705837798344,1
"wide4",29,"alpha",-1.08302348549375,1
"wide4",30,"beta0",0.283589551128125,1
"wide4",30,"beta1",0.15355879945,1
"wide4",30,"beta2",-0.115084352789919,1
"wide4",30,"beta_bm",-0.43214967534522,0
"wide4",30,"sigma_y",0.00924593877500013,1
"wide4",30,"tau0",-0.104959231185625,1
"wide4",30,"tau1",0.21352236444375,1
"wide4",30,"gamma0",0.9395691145375,1
"wide4",30,"gamma1",-0.0646900694901038,1
"wide4",30,"gamma2",-0.295986520703125,1
"wide4",30,"alpha",0.0401804837968751,1
"wide4",31,"beta0",-0.36025635681875,1
"wide4",31,"beta1",0.48347503479375,1
"wide4",31,"beta2",-0.274917639093993,1
"wide4",31,"beta_bm",0.189944089999777,1
"wide4",31,"sigma_y",0.0559747800250001,1
"wide4",31,"tau0",0.001192555226875,1
"wide4",31,"tau1",-0.00468364611875005,1
"wide4",31,"gamma0",-6.08967201299375,0
"wide4",31,"gamma1",0.0282179601891132,1
"wide4",31,"gamma2",1.66025915196949,1
"wide4",31,"alpha",-1.2417531355875,0
"wide4",32,"beta0",0.23044529811875,1
"wide4",32,"beta1",0.0168932298562501,1
"wide4",32,"beta2",0.0312528865862,1
"wide4",32,"beta_bm",-0.0825325689320979,1
"wide4",32,"sigma_y",-0.0992687832249999,0
"wide4",32,"tau0",-0.0855362036481251,1
"wide4",32,"tau1",0.0153439053812501,1
"wide4",32,"gamma0",0.8396863606,1
"wide4",32,"gamma1",0.0870312959276931,1
"wide4",32,"gamma2",-0.0114751956668746,1
"wide4",32,"alpha",0.15536797226875,1
"wide4",33,"beta0",0.13968138074375,1
"wide4",33,"beta1",0.45866934623125,1
"wide4",33,"beta2",-0.433649312212264,1
"wide4",33,"beta_bm",-0.25523932391941,1
"wide4",33,"sigma_y",-0.0142975592874999,1
"wide4",33,"tau0",0.14700487386125,1
"wide4",33,"tau1",-0.0332265342750002,1
"wide4",33,"gamma0",0.1951263150375,1
"wide4",33,"gamma1",0.152310849707503,1
"wide4",33,"gamma2",0.72482240662625,1
"wide4",33,"alpha",0.099235668934375,1
"wide4",34,"beta0",-0.0258071711625001,1
"wide4",34,"beta1",-0.25652381270625,1
"wide4",34,"beta2",0.0445266979904875,1
"wide4",34,"beta_bm",-0.0116058482442855,1
"wide4",34,"sigma_y",-0.10852083119375,0
"wide4",34,"tau0",0.103371498983125,1
"wide4",34,"tau1",-0.0187743483687499,1
"wide4",34,"gamma0",-0.8444976527125,1
"wide4",34,"gamma1",-0.275093410730585,1
"wide4",34,"gamma2",-0.0656364321504062,1
"wide4",34,"alpha",-0.2426469943375,1
"wide4",35,"beta0",-0.3175160447875,1
"wide4",35,"beta1",-0.2830692428625,1
"wide4",35,"beta2",0.0138286468557375,1
"wide4",35,"beta_bm",0.152168399046027,1
"wide4",35,"sigma_y",0.162187457025,0
"wide4",35,"tau0",-0.0409366343887501,1
"wide4",35,"tau1",0.140932998225,1
"wide4",35,"gamma0",-1.693157469525,1
"wide4",35,"gamma1",0.73757041846504,1
"wide4",35,"gamma2",0.211967065563125,1
"wide4",35,"alpha",-0.21343185625,1
"wide4",36,"beta0",0.21767875670625,1
"wide4",36,"beta1",-0.206539305925,1
"wide4",36,"beta2",0.113234223673644,1
"wide4",36,"beta_bm",-0.311307146855948,1
"wide4",36,"sigma_y",-0.0248178491625,1
"wide4",36,"tau0",0.26475267548625,1
"wide4",36,"tau1",0.15314573081875,1
"wide4",36,"gamma0",-2.37123791849375,1
"wide4",36,"gamma1",-0.757657884511232,1
"wide4",36,"gamma2",2.56248847734912,0
"wide4",36,"alpha",-0.736043579525,1
"wide4",37,"beta0",-0.1006752682875,1
"wide4",37,"beta1",-0.0132985710187499,1
"wide4",37,"beta2",-0.0597717153105282,1
"wide4",37,"beta_bm",0.121206015487277,1
"wide4",37,"sigma_y",-0.0183574004125,1
"wide4",37,"tau0",-0.00415788277312501,1
"wide4",37,"tau1",-0.126633631775,1
"wide4",37,"gamma0",-2.98954244536875,1
"wide4",37,"gamma1",-0.246276514564682,1
"wide4",37,"gamma2",2.54108264255523,0
"wide4",37,"alpha",-0.49191463155625,1
"wide4",38,"beta0",0.01958293274375,1
"wide4",38,"beta1",-0.489733207925,1
"wide4",38,"beta2",0.223309949475331,1
"wide4",38,"beta_bm",0.108327197484152,1
"wide4",38,"sigma_y",0.0157977030875001,1
"wide4",38,"tau0",0.047421639864375,1
"wide4",38,"tau1",-0.13325652780625,1
"wide4",38,"gamma0",-0.0979205667749996,1
"wide4",38,"gamma1",-0.245132151408147,1
"wide4",38,"gamma2",1.00277929210159,1
"wide4",38,"alpha",0.107520520396875,1
"wide4",39,"beta0",-0.22697908950625,1
"wide4",39,"beta1",0.83368847675,1
"wide4",39,"beta2",-0.237046289160425,1
"wide4",39,"beta_bm",0.034143021402902,1
"wide4",39,"sigma_y",-0.0212015011,1
"wide4",39,"tau0",-0.0223848919825,1
"wide4",39,"tau1",0.3527993807875,1
"wide4",39,"gamma0",-3.60334634111875,0
"wide4",39,"gamma1",0.694167682687843,1
"wide4",39,"gamma2",2.49188363631431,0
"wide4",39,"alpha",-0.46868106615,1
"wide4",40,"beta0",-0.11585544200625,1
"wide4",40,"beta1",0.220926704575,1
"wide4",40,"beta2",0.00239462388513656,1
"wide4",40,"beta_bm",0.0153646622338395,1
"wide4",40,"sigma_y",-0.0425415125687498,1
"wide4",40,"tau0",-0.078743181460625,1
"wide4",40,"tau1",-0.17688746711875,1
"wide4",40,"gamma0",-3.2593242600875,1
"wide4",40,"gamma1",0.524749505879376,1
"wide4",40,"gamma2",0.375156966188703,1
"wide4",40,"alpha",-0.7945603122125,1
"vague",1,"beta0",0.403862450115625,1
"vague",1,"beta1",-0.44101997964375,1
"vague",1,"beta2",-0.0143509668675187,1
"vague",1,"beta_bm",-0.230270096868223,1
"vague",1,"sigma_y",0.0775659105562501,1
"vague",1,"tau0",0.21311191629875,1
"vague",1,"tau1",0.190865820475,1
"vague",1,"gamma0",0.625910147443751,1
"vague",1,"gamma1",-0.512402048442616,1
"vague",1,"gamma2",0.868311839147425,1
"vague",1,"alpha",0.050970426415625,1
"vague",2,"beta0",-0.300925911725,1
"vague",2,"beta1",0.15641646195,1
"vague",2,"beta2",-0.06282955616195,1
"vague",2,"beta_bm",-0.0113291587908479,1
"vague",2,"sigma_y",0.096630832025,1
"vague",2,"tau0",0.29771050442375,0
"vague",2,"tau1",-0.16147382911875,1
"vague",2,"gamma0",-4.063766161275,1
"vague",2,"gamma1",-0.448486527691104,1
"vague",2,"gamma2",0.709512962665063,1
"vague",2,"alpha",-0.9798937025875,1
"vague",3,"beta0",0.28694349159375,1
"vague",3,"beta1",-0.3916974947375,1
"vague",3,"beta2",0.152769113724237,1
"vague",3,"beta_bm",-0.286885197169879,1
"vague",3,"sigma_y",0.0401037697750002,1
"vague",3,"tau0",0.16139407904875,1
"vague",3,"tau1",-0.25049706393125,1
"vague",3,"gamma0",1.3843724980375,1
"vague",3,"gamma1",0.601295572327817,1
"vague",3,"gamma2",-0.169386890526875,1
"vague",3,"alpha",0.34798002239375,1
"vague",4,"beta0",0.00412994308749992,1
"vague",4,"beta1",-0.72814326070625,1
"vague",4,"beta2",0.161053344142081,1
"vague",4,"beta_bm",0.0550903614294332,1
"vague",4,"sigma_y",-0.0506023367874999,1
"vague",4,"tau0",-0.0665310279762501,1
"vague",4,"tau1",0.29047532288125,1
"vague",4,"gamma0",0.167446673443751,1
"vague",4,"gamma1",-0.752552411963148,1
"vague",4,"gamma2",0.21805857558875,1
"vague",4,"alpha",-0.0517898059968749,1
"vague",5,"beta0",0.12761604105625,1
"vague",5,"beta1",-0.30347551408125,1
"vague",5,"beta2",0.1599548170963,1
"vague",5,"beta_bm",0.016803176368027,1
"vague",5,"sigma_y",-0.02483517369375,1
"vague",5,"tau0",-0.0497138210731249,1
"vague",5,"tau1",-0.28580375218125,1
"vague",5,"gamma0",-1.07886856465,1
"vague",5,"gamma1",0.158232759361224,1
"vague",5,"gamma2",-0.775559966982812,1
"vague",5,"alpha",-0.31112605501875,1
"vague",6,"beta0",-0.15496575875625,1
"vague",6,"beta1",0.0835910885125002,1
"vague",6,"beta2",-0.0326225457804687,1
"vague",6,"beta_bm",-0.000633376395535512,1
"vague",6,"sigma_y",-0.0671029575687498,1
"vague",6,"tau0",0.04387860191125,1
"vague",6,"tau1",0.0952331486937501,1
"vague",6,"gamma0",-1.8739447344,1
"vague",6,"gamma1",1.06205413538886,0
"vague",6,"gamma2",-0.876450099125,1
"vague",6,"alpha",-0.37564387065,1
"vague",7,"beta0",0.2042647974625,1
"vague",7,"beta1",-0.12787456139375,1
"vague",7,"beta2",-0.0199467433516562,1
"vague",7,"beta_bm",-0.117366160405129,1
"vague",7,"sigma_y",-0.0173054177562499,1
"vague",7,"tau0",0.14725569273625,1
"vague",7,"tau1",-0.12792543224375,1
"vague",7,"gamma0",-1.4024817552125,1
"vague",7,"gamma1",0.260503200849231,1
"vague",7,"gamma2",0.108864312106375,1
"vague",7,"alpha",-0.4747736673375,1
"vague",8,"beta0",-0.3363863115375,1
"vague",8,"beta1",0.28549739248125,1
"vague",8,"beta2",0.033966748003875,1
"vague",8,"beta_bm",0.047817310756027,1
"vague",8,"sigma_y",0.0313037176812501,1
"vague",8,"tau0",0.04823054398625,1
"vague",8,"tau1",-0.2069198627125,1
"vague",8,"gamma0",1.04469031063125,1
"vague",8,"gamma1",-0.0353042041665507,1
"vague",8,"gamma2",-0.21353599952625,1
"vague",8,"alpha",0.334972682703125,1
"vague",9,"beta0",0.36282977855,1
"vague",9,"beta1",0.205612904325,1
"vague",9,"beta2",-0.205337798375372,1
"vague",9,"beta_bm",-0.373734601679525,1
"vague",9,"sigma_y",0.17187893586875,0
"vague",9,"tau0",-0.000337602919999958,1
"vague",9,"tau1",-0.13752401155625,1
"vague",9,"gamma0",-0.582479588556249,1
"vague",9,"gamma1",-0.560190866426179,1
"vague",9,"gamma2",-0.634560155389375,1
"vague",9,"alpha",-0.4589335425875,1
"vague",10,"beta0",0.34863477159375,1
"vague",10,"beta1",-0.9270459443,0
"vague",10,"beta2",0.550678733764175,0
"vague",10,"beta_bm",0.0709040274357146,1
"vague",10,"sigma_y",0.00862501924375003,1
"vague",10,"tau0",0.18318658783,1
"vague",10,"tau1",0.00161480325624996,1
"vague",10,"gamma0",-1.1583611967125,1
"vague",10,"gamma1",0.102829302903293,1
"vague",10,"gamma2",0.559424544822281,1
"vague",10,"alpha",-0.2225896227125,1
"vague",11,"beta0",-0.2382339767875,1
"vague",11,"beta1",0.467018134825,1
"vague",11,"beta2",-0.106360517605866,1
"vague",11,"beta_bm",-0.050452100074598,1
"vague",11,"sigma_y",-0.00510749997499982,1
"vague",11,"tau0",0.00745236416437489,1
"vague",11,"tau1",0.18714860600625,1
"vague",11,"gamma0",-3.39170289249375,1
"vague",11,"gamma1",0.86459507706412,1
"vague",11,"gamma2",-0.95546764524875,1
"vague",11,"alpha",-0.8291275674,1
"vague",12,"beta0",0.15854627884375,1
"vague",12,"beta1",-0.39011015014375,1
"vague",12,"beta2",0.0804663285259093,1
"vague",12,"beta_bm",-0.0124083286499105,1
"vague",12,"sigma_y",0.0285602882125,1
"vague",12,"tau0",0.1047892905175,1
"vague",12,"tau1",-0.3781333239625,1
"vague",12,"gamma0",-1.84633201743125,1
"vague",12,"gamma1",-0.194004823966572,1
"vague",12,"gamma2",0.49150295408985,1
"vague",12,"alpha",-0.58406120280625,1
"vague",13,"beta0",0.329213539790625,1
"vague",13,"beta1",-0.2428568201125,1
"vague",13,"beta2",-0.0377742600888563,1
"vague",13,"beta_bm",-0.0999631516465043,1
"vague",13,"sigma_y",0.0193250890250001,1
"vague",13,"tau0",-0.16082140397625,1
"vague",13,"tau1",-0.0973784800874999,1
"vague",13,"gamma0",1.2614719729125,1
"vague",13,"gamma1",-0.365212931533929,1
"vague",13,"gamma2",-0.81598802951125,1
"vague",13,"alpha",0.1292611431125,1
"vague",14,"beta0",-0.00651420022500027,1
"vague",14,"beta1",0.13733939260625,1
"vague",14,"beta2",0.126295060876425,1
"vague",14,"beta_bm",-0.0197892646879417,1
"vague",14,"sigma_y",-0.0432801284437498,1
"vague",14,"tau0",0.0947932938925,1
"vague",14,"tau1",0.0431951957250001,1
"vague",14,"gamma0",-0.72340906955625,1
"vague",14,"gamma1",-0.0378464705958798,1
"vague",14,"gamma2",0.910098055771281,1
"vague",14,"alpha",-0.072836864940625,1
"vague",15,"beta0",0.369129157965625,1
"vague",15,"beta1",-0.53876218205,1
"vague",15,"beta2",0.333671722325425,1
"vague",15,"beta_bm",-0.0557522437036605,1
"vague",15,"sigma_y",-0.03708367263125,1
"vague",15,"tau0",-0.143060773748125,1
"vague",15,"tau1",-0.019183671025,1
"vague",15,"gamma0",-0.270729911306249,1
"vague",15,"gamma1",0.418686778448709,1
"vague",15,"gamma2",1.29962371148393,1
"vague",15,"alpha",0.0531819424437501,1
"vague",16,"beta0",-0.17920835806875,1
"vague",16,"beta1",-0.0978948156749997,1
"vague",16,"beta2",0.117863705856675,1
"vague",16,"beta_bm",0.0487419065725895,1
"vague",16,"sigma_y",-0.0609507234125,1
"vague",16,"tau0",0.0183798638924999,1
"vague",16,"tau1",0.0355761492562499,1
"vague",16,"gamma0",-0.3177187700875,1
"vague",16,"gamma1",0.613965353251684,1
"vague",16,"gamma2",-0.437086644699375,1
"vague",16,"alpha",0.092082250259375,1
"vague",17,"beta0",-0.167849247475,1
"vague",17,"beta1",0.755864167153125,1
"vague",17,"beta2",-0.152341523299169,1
"vague",17,"beta_bm",-0.0265326934474105,1
"vague",17,"sigma_y",0.0328723644937501,1
"vague",17,"tau0",0.08025653198625,1
"vague",17,"tau1",-0.0283538664625,1
"vague",17,"gamma0",-1.9433352802125,1
"vague",17,"gamma1",0.761235175445631,1
"vague",17,"gamma2",-0.10840797497825,1
"vague",17,"alpha",-0.4052810483375,1
"vague",18,"beta0",0.0986931976499998,1
"vague",18,"beta1",-0.21450224589375,1
"vague",18,"beta2",0.0580059125681343,1
"vague",18,"beta_bm",-0.096635885926723,1
"vague",18,"sigma_y",0.13379381580625,0
"vague",18,"tau0",-0.057149198898125,1
"vague",18,"tau1",0.336632071725,1
"vague",18,"gamma0",0.53712428500625,1
"vague",18,"gamma1",-0.127561810849766,1
"vague",18,"gamma2",-0.584488809914375,1
"vague",18,"alpha",0.0605247641937501,1
"vague",19,"beta0",-0.0786602204125,1
"vague",19,"beta1",-0.00928148514374971,1
"vague",19,"beta2",0.0622543048658656,1
"vague",19,"beta_bm",0.0968926665088395,1
"vague",19,"sigma_y",0.01022205030625,1
"vague",19,"tau0",0.0314889367143749,1
"vague",19,"tau1",0.170489965725,1
"vague",19,"gamma0",-1.2073281964625,1
"vague",19,"gamma1",1.27887311348696,0
"vague",19,"gamma2",-0.86128361738125,1
"vague",19,"alpha",-0.0586195228374999,1
"vague",20,"beta0",-0.00830430597500031,1
"vague",20,"beta1",-0.22556602976875,1
"vague",20,"beta2",0.0760926435333406,1
"vague",20,"beta_bm",0.0231093582154021,1
"vague",20,"sigma_y",-0.0774107357562499,1
"vague",20,"tau0",0.011932166639375,1
"vague",20,"tau1",-0.23669600011875,1
"vague",20,"gamma0",-0.495670162931249,1
"vague",20,"gamma1",-0.299692253142054,1
"vague",20,"gamma2",1.12957282342156,1
"vague",20,"alpha",-0.08810600138125,1
"vague",21,"beta0",0.0278890453999998,1
"vague",21,"beta1",-0.20989246883125,1
"vague",21,"beta2",-0.0924764319693656,1
"vague",21,"beta_bm",0.182940340882902,1
"vague",21,"sigma_y",-0.0843914245062498,1
"vague",21,"tau0",0.0237283694518751,1
"vague",21,"tau1",-0.1958765699,1
"vague",21,"gamma0",-0.753880566493749,1
"vague",21,"gamma1",-0.48356956509221,1
"vague",21,"gamma2",-0.0125951110368749,1
"vague",21,"alpha",-0.1336672293375,1
"vague",22,"beta0",-0.37159499313125,1
"vague",22,"beta1",0.23684040245,1
"vague",22,"beta2",0.0389045221651094,1
"vague",22,"beta_bm",0.236307393037277,1
"vague",22,"sigma_y",0.0357185073375001,1
"vague",22,"tau0",-0.0584097447731251,1
"vague",22,"tau1",-0.0499868479000001,1
"vague",22,"gamma0",-2.32629693268125,1
"vague",22,"gamma1",0.154833520393009,1
"vague",22,"gamma2",-0.10716226647425,1
"vague",22,"alpha",-0.43891282161875,1
"vague",23,"beta0",0.231673125546875,1
"vague",23,"beta1",-0.43058906251875,1
"vague",23,"beta2",0.0393513689919625,1
"vague",23,"beta_bm",-0.0799791604648792,1
"vague",23,"sigma_y",0.0112313350250002,1
"vague",23,"tau0",0.0236491061893749,1
"vague",23,"tau1",-0.20147615793125,1
"vague",23,"gamma0",-2.00434145811875,1
"vague",23,"gamma1",0.644698217844698,1
"vague",23,"gamma2",1.12953590826947,1
"vague",23,"alpha",-0.3044317590875,1
"vague",24,"beta0",-0.0675651233500001,1
"vague",24,"beta1",0.719106050896875,1
"vague",24,"beta2",-0.401812359628039,1
"vague",24,"beta_bm",-0.130465675125411,1
"vague",24,"sigma_y",-0.0596392180062499,1
"vague",24,"tau0",-0.164770424410625,1
"vague",24,"tau1",0.2862136934125,1
"vague",24,"gamma0",1.55894358719375,1
"vague",24,"gamma1",-0.106923570001732,1
"vague",24,"gamma2",0.491029281479875,1
"vague",24,"alpha",0.444605812559375,0
"vague",25,"beta0",0.226694127234375,1
"vague",25,"beta1",-0.362409105175,1
"vague",25,"beta2",-0.0034777274392625,1
"vague",25,"beta_bm",-0.140862383437942,1
"vague",25,"sigma_y",0.0793162773375,1
"vague",25,"tau0",0.043603022783125,1
"vague",25,"tau1",-0.06201875465,1
"vague",25,"gamma0",-4.140896431525,1
"vague",25,"gamma1",0.390013502193834,1
"vague",25,"gamma2",-0.706089043441562,1
"vague",25,"alpha",-1.18925686549375,1
"vague",26,"beta0",-0.185842256725,1
"vague",26,"beta1",0.42257485898125,1
"vague",26,"beta2",-0.244740759145408,1
"vague",26,"beta_bm",0.181567095483214,1
"vague",26,"sigma_y",-0.00984855956874986,1
"vague",26,"tau0",0.14571482161125,1
"vague",26,"tau1",0.37903038450625,1
"vague",26,"gamma0",-2.17143133680625,1
"vague",26,"gamma1",-0.36208665327021,1
"vague",26,"gamma2",0.465282648638719,1
"vague",26,"alpha",-0.47117243949375,1
"vague",27,"beta0",0.0812974874312498,1
"vague",27,"beta1",0.705960227575,1
"vague",27,"beta2",-0.0798831547750491,1
"vague",27,"beta_bm",-0.112260792352098,1
"vague",27,"sigma_y",-0.0275487509124999,1
"vague",27,"tau0",0.093410140301875,1
"vague",27,"tau1",-0.151256536525,1
"vague",27,"gamma0",0.39830544406875,1
"vague",27,"gamma1",-0.305163735913804,1
"vague",27,"gamma2",0.660860104962875,1
"vague",27,"alpha",0.07138968670625,1
"vague",28,"beta0",-0.11863933531875,1
"vague",28,"beta1",0.1544050095125,1
"vague",28,"beta2",-0.227740803845931,1
"vague",28,"beta_bm",0.070165006924777,1
"vague",28,"sigma_y",-0.0123264122562499,1
"vague",28,"tau0",-0.0466617137481251,1
"vague",28,"tau1",-0.10610991705625,1
"vague",28,"gamma0",-2.179214165275,1
"vague",28,"gamma1",-0.561842699828116,1
"vague",28,"gamma2",1.51680209603598,1
"vague",28,"alpha",-0.4225268588375,1
"vague",29,"beta0",-0.26705231856875,1
"vague",29,"beta1",0.70570292329375,1
"vague",29,"beta2",-0.254572742179982,1
"vague",29,"beta_bm",-0.136382166744045,1
"vague",29,"sigma_y",0.0190182383687501,1
"vague",29,"tau0",0.17843220379875,1
"vague",29,"tau1",-0.10503106105625,1
"vague",29,"gamma0",0.44453551838125,1
"vague",29,"gamma1",-0.0335828982250975,1
"vague",29,"gamma2",0.507866425494094,1
"vague",29,"alpha",0.1709767586,1
"vague",30,"beta0",-0.1534926946625,1
"vague",30,"beta1",0.862454819640625,0
"vague",30,"beta2",-0.253495715865499,1
"vague",30,"beta_bm",-0.305225304460004,1
"vague",30,"sigma_y",0.0754493191187502,1
"vague",30,"tau0",-0.0889449396512501,1
"vague",30,"tau1",-0.156893846525,1
"vague",30,"gamma0",-3.977118421275,1
"vague",30,"gamma1",0.179569326040737,1
"vague",30,"gamma2",0.664856714309106,1
"vague",30,"alpha",-1.0464985899625,1
"vague",31,"beta0",0.2514352288375,1
"vague",31,"beta1",0.1152862632,1
"vague",31,"beta2",0.168796595297041,1
"vague",31,"beta_bm",-0.201222970674848,1
"vague",31,"sigma_y",-0.0186241389124999,1
"vague",31,"tau0",-0.0159591232575,1
"vague",31,"tau1",0.0859915817874999,1
"vague",31,"gamma0",0.157289748975001,1
"vague",31,"gamma1",0.182282670827965,1
"vague",31,"gamma2",1.20228787291587,1
"vague",31,"alpha",0.1162757890625,1
"vague",32,"beta0",-0.3011465982875,1
"vague",32,"beta1",0.32421203695,1
"vague",32,"beta2",-0.18252506825491,1
"vague",32,"beta_bm",0.242576874318527,1
"vague",32,"sigma_y",-0.00945830844374984,1
"vague",32,"tau0",0.10125092342375,1
"vague",32,"tau1",0.0448297233499999,1
"vague",32,"gamma0",1.14202442956875,1
"vague",32,"gamma1",0.544671689400525,1
"vague",32,"gamma2",-0.857418103626875,1
"vague",32,"alpha",0.372284199209375,1
"vague",33,"beta0",0.43052785250625,1
"vague",33,"beta1",-0.199737842175,1
"vague",33,"beta2",0.00254784529939689,1
"vague",33,"beta_bm",-0.400036632023438,0
"vague",33,"sigma_y",0.00560621236875014,1
"vague",33,"tau0",-0.17111879670125,1
"vague",33,"tau1",0.0217239993812499,1
"vague",33,"gamma0",0.413467612975,1
"vague",33,"gamma1",-1.07819997792534,0
"vague",33,"gamma2",0.07186598276125,1
"vague",33,"alpha",-0.25440131926875,1
"vague",34,"beta0",0.12933671101875,1
"vague",34,"beta1",-0.18636059501875,1
"vague",34,"beta2",-0.0370533527845063,1
"vague",34,"beta_bm",-0.266403397587839,1
"vague",34,"sigma_y",-0.0182317395062499,1
"vague",34,"tau0",0.10697190729875,1
"vague",34,"tau1",-0.38942263174375,0
"vague",34,"gamma0",-0.2779222788375,1
"vague",34,"gamma1",-0.0578677254656788,1
"vague",34,"gamma2",-0.0229961811669375,1
"vague",34,"alpha",-0.222897122390625,1
"vague",35,"beta0",-0.1813607970375,1
"vague",35,"beta1",-0.3297220976125,1
"vague",35,"beta2",0.127400995024956,1
"vague",35,"beta_bm",0.352334716640402,1
"vague",35,"sigma_y",-0.0318167719437499,1
"vague",35,"tau0",-0.096179482623125,1
"vague",35,"tau1",-0.26702029405625,1
"vague",35,"gamma0",-1.5852824075875,1
"vague",35,"gamma1",-0.182030947335135,1
"vague",35,"gamma2",0.900045085147472,1
"vague",35,"alpha",-0.20594638993125,1
"vague",36,"beta0",-0.49830845413125,0
"vague",36,"beta1",0.0492535826375002,1
"vague",36,"beta2",-0.0984889751666469,1
"vague",36,"beta_bm",0.145050983971652,1
"vague",36,"sigma_y",0.00082111549375008,1
"vague",36,"tau0",-0.4068148179575,0
"vague",36,"tau1",0.00149341141250003,1
"vague",36,"gamma0",-2.663431650525,1
"vague",36,"gamma1",0.231518299780643,1
"vague",36,"gamma2",1.42312104523199,1
"vague",36,"alpha",-0.3643515964625,1
"vague",37,"beta0",0.258024416359375,1
"vague",37,"beta1",0.3382119951375,1
"vague",37,"beta2",-0.246099536178139,1
"vague",37,"beta_bm",-0.142712552775942,1
"vague",37,"sigma_y",0.0100105045875001,1
"vague",37,"tau0",-0.0690230579543749,1
"vague",37,"tau1",0.25848143863125,1
"vague",37,"gamma0",-1.48495208765,1
"vague",37,"gamma1",0.0614407293471246,1
"vague",37,"gamma2",-0.445964665335937,1
"vague",37,"alpha",-0.4967697264625,1
"vague",38,"beta0",-0.369523180225,1
"vague",38,"beta1",0.587129630575,1
"vague",38,"beta2",-0.258567298443558,1
"vague",38,"beta_bm",0.0246850939269645,1
"vague",38,"sigma_y",0.0554896590562501,1
"vague",38,"tau0",-0.1875309436825,1
"vague",38,"tau1",0.0330942976937498,1
"vague",38,"gamma0",0.87511674781875,1
"vague",38,"gamma1",-0.0339998731299507,1
"vague",38,"gamma2",0.175258919957407,1
"vague",38,"alpha",0.29092732963125,1
"vague",39,"beta0",0.180686822465625,1
"vague",39,"beta1",-0.56186729345625,1
"vague",39,"beta2",0.074709469058675,1
"vague",39,"beta_bm",-0.239389673347545,1
"vague",39,"sigma_y",0.0902993249000001,1
"vague",39,"tau0",-0.109674496095,1
"vague",39,"tau1",0.11561741175625,1
"vague",39,"gamma0",-1.62578583386875,1
"vague",39,"gamma1",0.667429509685383,1
"vague",39,"gamma2",-2.33035934389562,0
"vague",39,"alpha",-0.7830520419,1
"vague",40,"beta0",0.1036791939625,1
"vague",40,"beta1",0.17572968285625,1
"vague",40,"beta2",-0.198771153656447,1
"vague",40,"beta_bm",-0.162225754309129,1
"vague",40,"sigma_y",-0.1032993280375,0
"vague",40,"tau0",-0.0285179478762501,1
"vague",40,"tau1",-0.16126231455625,1
"vague",40,"gamma0",-3.3394841167125,1
"vague",40,"gamma1",-0.913323324765647,1
"vague",40,"gamma2",-0.790058868929375,1
"vague",40,"alpha",-1.25400665630625,0
