"model","term","estimate","std_error","z_value","p_value"
"interval_weibull_molecular","(Intercept)",3.5215015389341,0.263035544570389,13.3879303068553,7.11355042099737e-41
"interval_weibull_molecular","baseline_log_mrd",0.247093768867368,0.110354430571287,2.23909241874753,0.0251499034538142
"interval_weibull_molecular","Log(scale)",0.079228321094845,0.108379036205026,0.73102994701821,0.464760861245383
"interval_weibull_complete_case","(Intercept)",2.57163717270902,0.440030268616906,5.8442279000309,5.08923153689779e-09
"interval_weibull_complete_case","baseline_log_mrd",0.180626268760966,0.0986713414103535,1.83058491127407,0.0671625223777444
"interval_weibull_complete_case","age",-0.00681681355033389,0.00740480362559456,-0.920593427592287,0.357262734882767
"interval_weibull_complete_case","sex_male",-0.00227059896690064,0.226596957520262,-0.0100204300699739,0.992004987350016
"interval_weibull_complete_case","duration_years",0.173468037099582,0.0508085553197489,3.41415015656145,0.000639813032915246
"interval_weibull_complete_case","Log(scale)",-0.374081098648118,0.131638807816746,-2.84172353770384,0.00448703832118288
