rank,journal,fit,best_angle,submission_readiness,key_actions,risk
1,BMC Medical Research Methodology,Very strong,"Healthcare methods; statistics; interval-aware modeling","Submit after full model fitting and sensitivity analyses","Run full Stan model; add simulation or resampling checks; compare exact-time vs interval-aware models","May require fuller methodological evaluation"
2,BMC Bioinformatics,Strong,"Computational/statistical workflow for molecular monitoring data","Submit after emphasizing reusable code/workflow","Emphasize Stan and R scripts; add benchmark comparisons; present as reusable workflow","May expect more generalizable algorithm or software"
3,BMC Medical Informatics and Decision Making,Strong,"Real-world monitoring and decision-ready modeling","Submit after adding decision-use framing","Add predicted DMR probabilities; connect outputs to clinical monitoring decisions","Weaker if manuscript remains purely statistical"
4,PLOS ONE,Strong fallback,"Scientifically valid reproducible applied study","Possible once model outputs are complete","Keep claims conservative; provide full code and transparent data handling","Sample size and no external validation may be questioned"
5,Scientific Reports,Moderate to strong,"Broad biomedical modeling study","Submit after stronger validation/results","Complete Bayesian model; add predictive curves; add bootstrap or holdout validation","Single cohort may be too narrow"
6,"Frontiers in Oncology, Hematologic Malignancies section",Moderate,"CML clinical application in hematologic malignancy","Submit after strengthening clinical interpretation","Emphasize DMR/MR4.5/TFR relevance and real clinical cohort","Computational framing without validation may be weak"
7,BMC Cancer,Moderate,"Cancer clinical/biomarker application","Only with stronger validation","Add clinical validation and avoid public-database-style computational framing","Biomarker/prediction studies may require validation"
8,Cancers,Moderate,"Oncology applied data/modeling paper","Optional","Provide detailed reproducible methods and conservative conclusions","May need stronger clinical completeness"
9,Statistical Methods in Medical Research,Stretch,"New statistical method","Not current first target","Add simulation studies and method comparisons","Current work is applied rather than new method"
10,Statistics in Medicine,Stretch,"Medical statistics method paper","Not current first target","Develop general method; add theory/simulation/comparison","Single-cohort application is insufficient"
