"task_id","cell_id","model","n","informative","rep","dgm_tag","brier","cal_int","cal_slope","mean_pred","obs_rate","ndiv","ebfmi"
"c1_floor_n87_ni_r001",1,"floor",87,FALSE,1,"v2_cohort_posterior_hazard",0.120365801865761,1.47500641545545,1.5233385736698,0.54236037774068,0.689655172413793,0,0.671430996549163
"c1_floor_n87_ni_r002",1,"floor",87,FALSE,2,"v2_cohort_posterior_hazard",0.10888123571067,1.61231556181235,2.11488021214521,0.482022529583992,0.609195402298851,0,0.589489344845686
"c1_floor_n87_ni_r003",1,"floor",87,FALSE,3,"v2_cohort_posterior_hazard",0.123619349006457,1.41460423786666,1.67305558605334,0.554539161287391,0.71264367816092,0,0.621674901105343
"c1_floor_n87_ni_r004",1,"floor",87,FALSE,4,"v2_cohort_posterior_hazard",0.124714734242816,1.51045732369658,1.70318414500597,0.549739813622493,0.71264367816092,0,0.58902004485709
"c1_floor_n87_ni_r005",1,"floor",87,FALSE,5,"v2_cohort_posterior_hazard",0.138938609283893,1.44205267418378,1.40498629143715,0.619293124267618,0.804597701149425,0,0.597058105352925
"c1_floor_n87_ni_r006",1,"floor",87,FALSE,6,"v2_cohort_posterior_hazard",0.114849011834701,1.21159275132318,1.80797998285186,0.551682681488752,0.67816091954023,0,0.592666702964716
"c1_floor_n87_ni_r007",1,"floor",87,FALSE,7,"v2_cohort_posterior_hazard",0.110292409333659,1.07328571927162,1.92630217962083,0.57489611645679,0.701149425287356,0,0.69336708923461
"c1_floor_n87_ni_r008",1,"floor",87,FALSE,8,"v2_cohort_posterior_hazard",0.106806333438567,1.30041461984262,1.84622674321922,0.559799714230527,0.689655172413793,0,0.597866409376986
"c1_floor_n87_ni_r009",1,"floor",87,FALSE,9,"v2_cohort_posterior_hazard",0.108744938171429,1.45037912455373,1.67007867777058,0.597817673562086,0.758620689655172,0,0.55348672453963
"c1_floor_n87_ni_r010",1,"floor",87,FALSE,10,"v2_cohort_posterior_hazard",0.157444190569575,1.59382015610395,1.20257810535845,0.591841557567192,0.793103448275862,0,0.630675315439555
"c1_floor_n87_ni_r011",1,"floor",87,FALSE,11,"v2_cohort_posterior_hazard",0.129413581737342,1.14779509335737,1.68979401466333,0.563908673405831,0.701149425287356,0,0.602144549371239
"c1_floor_n87_ni_r012",1,"floor",87,FALSE,12,"v2_cohort_posterior_hazard",0.0938100229509403,1.78590281416631,2.63388868182391,0.528107069398556,0.666666666666667,0,0.647081122371011
"c1_floor_n87_ni_r013",1,"floor",87,FALSE,13,"v2_cohort_posterior_hazard",0.11162804448231,1.30757153678652,1.44361224957378,0.647835406494734,0.793103448275862,0,0.679135420856244
"c1_floor_n87_ni_r014",1,"floor",87,FALSE,14,"v2_cohort_posterior_hazard",0.0988412885823943,1.02452471214814,1.8671125335461,0.617652670861705,0.747126436781609,0,0.526500167448381
"c1_floor_n87_ni_r015",1,"floor",87,FALSE,15,"v2_cohort_posterior_hazard",0.128212860553678,0.952677099660955,1.33879233656683,0.584372064559108,0.71264367816092,0,0.531551662614558
"c1_floor_n87_ni_r016",1,"floor",87,FALSE,16,"v2_cohort_posterior_hazard",0.0906220960677316,1.37832148074748,2.60058675203595,0.663690335034756,0.804597701149425,0,0.609980294194949
"c1_floor_n87_ni_r017",1,"floor",87,FALSE,17,"v2_cohort_posterior_hazard",0.137041211637125,1.10860678171573,1.1329832364105,0.610355004819673,0.758620689655172,0,0.577181607533065
"c1_floor_n87_ni_r018",1,"floor",87,FALSE,18,"v2_cohort_posterior_hazard",0.096538261850682,1.24156135645419,2.64137533583422,0.564010154604168,0.689655172413793,0,0.645278672920049
"c1_floor_n87_ni_r019",1,"floor",87,FALSE,19,"v2_cohort_posterior_hazard",0.111572357902126,1.25407043762901,1.71702516902833,0.589109936903936,0.724137931034483,0,0.686161234145299
"c1_floor_n87_ni_r020",1,"floor",87,FALSE,20,"v2_cohort_posterior_hazard",0.11941025373757,1.16105864937294,1.65433704777089,0.611710918886269,0.758620689655172,0,0.614498747349346
"c1_floor_n87_ni_r021",1,"floor",87,FALSE,21,"v2_cohort_posterior_hazard",0.122474332348125,1.31981650691165,2.22172572878196,0.639548456215317,0.793103448275862,0,0.578756294459217
"c1_floor_n87_ni_r022",1,"floor",87,FALSE,22,"v2_cohort_posterior_hazard",0.144325765190263,0.928979973433927,1.1920252283567,0.592107927852583,0.724137931034483,0,0.66026384284663
"c1_floor_n87_ni_r023",1,"floor",87,FALSE,23,"v2_cohort_posterior_hazard",0.0857341683504901,1.54452309359802,3.42327384074343,0.628261495699599,0.770114942528736,0,0.630938035830358
"c1_floor_n87_ni_r024",1,"floor",87,FALSE,24,"v2_cohort_posterior_hazard",0.110673359241769,1.55823882114871,1.88123224562365,0.5998881269878,0.758620689655172,0,0.569782061751884
"c1_floor_n87_ni_r025",1,"floor",87,FALSE,25,"v2_cohort_posterior_hazard",0.0869118487646195,1.7954627380128,2.31501996095373,0.58388169551172,0.724137931034483,0,0.614079173930157
"c1_floor_n87_ni_r026",1,"floor",87,FALSE,26,"v2_cohort_posterior_hazard",0.111935535662317,1.02745652643021,1.64008905128339,0.57589618135666,0.701149425287356,0,0.60907441172527
"c1_floor_n87_ni_r027",1,"floor",87,FALSE,27,"v2_cohort_posterior_hazard",0.111878421179088,1.05694899467225,1.70906038895649,0.559271235574591,0.67816091954023,0,0.665382504076053
"c1_floor_n87_ni_r028",1,"floor",87,FALSE,28,"v2_cohort_posterior_hazard",0.131826698444785,1.21740383844898,1.2049177665078,0.610859953721521,0.770114942528736,0,0.62549708081801
"c1_floor_n87_ni_r029",1,"floor",87,FALSE,29,"v2_cohort_posterior_hazard",0.140072633545225,0.975463692509311,1.05037891202566,0.567771350412905,0.701149425287356,0,0.702844629941784
"c1_floor_n87_ni_r030",1,"floor",87,FALSE,30,"v2_cohort_posterior_hazard",0.145111577110615,1.63558939210763,1.47273351416272,0.518137699736229,0.701149425287356,0,0.625668758771814
"c1_floor_n87_ni_r031",1,"floor",87,FALSE,31,"v2_cohort_posterior_hazard",0.106369875196686,0.645777986864933,1.71398657814581,0.593961081400589,0.689655172413793,0,0.567028218645387
"c1_floor_n87_ni_r032",1,"floor",87,FALSE,32,"v2_cohort_posterior_hazard",0.131599549529391,1.03731945822913,1.39968557900095,0.562236459605629,0.701149425287356,0,0.544868275599893
"c1_floor_n87_ni_r033",1,"floor",87,FALSE,33,"v2_cohort_posterior_hazard",0.109518485511825,1.25125655065771,1.52885348624124,0.679335195536149,0.827586206896552,0,0.64123705202634
"c1_floor_n87_ni_r034",1,"floor",87,FALSE,34,"v2_cohort_posterior_hazard",0.115585777746408,1.13637923983253,1.56925992646457,0.609332145501472,0.747126436781609,0,0.565313239897601
"c1_floor_n87_ni_r035",1,"floor",87,FALSE,35,"v2_cohort_posterior_hazard",0.0992706599022536,1.30592273366398,2.14598961443967,0.59097258107709,0.724137931034483,0,0.623045488502081
"c1_floor_n87_ni_r036",1,"floor",87,FALSE,36,"v2_cohort_posterior_hazard",0.0895341624223649,1.23610330535289,1.89808081110998,0.602675431464617,0.735632183908046,0,0.57479743749003
"c1_floor_n87_ni_r037",1,"floor",87,FALSE,37,"v2_cohort_posterior_hazard",0.120313644279993,1.00660255496728,1.42995767945227,0.593533012079158,0.735632183908046,0,0.598694310503153
"c1_floor_n87_ni_r038",1,"floor",87,FALSE,38,"v2_cohort_posterior_hazard",0.098343322494502,1.10821951242415,2.00697346459823,0.578210429571205,0.701149425287356,0,0.678615797605282
"c1_floor_n87_ni_r039",1,"floor",87,FALSE,39,"v2_cohort_posterior_hazard",0.101128462771412,1.27029199611032,2.01471908758752,0.602285629836045,0.735632183908046,0,0.596203961850937
"c1_floor_n87_ni_r040",1,"floor",87,FALSE,40,"v2_cohort_posterior_hazard",0.0707514155394711,1.61825442329483,2.93609269694372,0.569991151047052,0.689655172413793,0,0.615148239226883
"c1_floor_n87_ni_r041",1,"floor",87,FALSE,41,"v2_cohort_posterior_hazard",0.12444409948225,1.41734228126892,1.4966459104287,0.605372092677465,0.770114942528736,0,0.574036099884238
"c1_floor_n87_ni_r042",1,"floor",87,FALSE,42,"v2_cohort_posterior_hazard",0.166376731243371,1.04394890114275,1.04631388648101,0.586490127705709,0.747126436781609,0,0.592561795685463
"c1_floor_n87_ni_r043",1,"floor",87,FALSE,43,"v2_cohort_posterior_hazard",0.103450558539498,1.55194366725603,1.64455728563566,0.652003180728927,0.816091954022989,0,0.602811862974907
"c1_floor_n87_ni_r044",1,"floor",87,FALSE,44,"v2_cohort_posterior_hazard",0.168625725668684,0.97402100108008,0.939480942659668,0.534886205137435,0.689655172413793,0,0.570704642303713
"c1_floor_n87_ni_r045",1,"floor",87,FALSE,45,"v2_cohort_posterior_hazard",0.109224249064162,1.26093429544174,1.74781808509444,0.618587601193929,0.770114942528736,0,0.526910955083222
"c1_floor_n87_ni_r046",1,"floor",87,FALSE,46,"v2_cohort_posterior_hazard",0.106635211189059,1.05320853110058,2.15246352431087,0.565676402445818,0.67816091954023,0,0.647651060560643
"c1_floor_n87_ni_r047",1,"floor",87,FALSE,47,"v2_cohort_posterior_hazard",0.0862713744419278,1.39674749288876,1.95088070299829,0.615125807743655,0.735632183908046,0,0.55978883866095
"c1_floor_n87_ni_r048",1,"floor",87,FALSE,48,"v2_cohort_posterior_hazard",0.0925593913998062,1.43148483674963,2.21277194131247,0.581376945151334,0.701149425287356,0,0.630864324779061
"c1_floor_n87_ni_r049",1,"floor",87,FALSE,49,"v2_cohort_posterior_hazard",0.188783937770736,0.955819380372867,0.852491911744145,0.539379211075823,0.701149425287356,0,0.597737354543561
"c1_floor_n87_ni_r050",1,"floor",87,FALSE,50,"v2_cohort_posterior_hazard",0.0753225910557713,1.01909518096567,2.55774298947473,0.530728244006862,0.620689655172414,0,0.576165447916271
"c1_floor_n87_ni_r051",1,"floor",87,FALSE,51,"v2_cohort_posterior_hazard",0.141376463905138,0.987541857500398,1.55261254159605,0.518348823012392,0.64367816091954,0,0.630312972026852
"c1_floor_n87_ni_r052",1,"floor",87,FALSE,52,"v2_cohort_posterior_hazard",0.0940266258684994,1.30542604527668,2.27721103075544,0.585641283469917,0.724137931034483,0,0.543108480663962
"c1_floor_n87_ni_r053",1,"floor",87,FALSE,53,"v2_cohort_posterior_hazard",0.125009982177556,1.21750429520467,1.50704996591743,0.645549904089797,0.804597701149425,0,0.605644147998418
"c1_floor_n87_ni_r054",1,"floor",87,FALSE,54,"v2_cohort_posterior_hazard",0.100961393614113,1.38314112405186,1.86213935814297,0.578482624552884,0.71264367816092,0,0.648492432944573
"c1_floor_n87_ni_r055",1,"floor",87,FALSE,55,"v2_cohort_posterior_hazard",0.0777735186094271,1.74603546470114,2.89459575213507,0.656835650747879,0.793103448275862,0,0.590582504057275
"c1_floor_n87_ni_r056",1,"floor",87,FALSE,56,"v2_cohort_posterior_hazard",0.0925447073909709,1.24691477611588,2.04659947509868,0.592101965906318,0.724137931034483,0,0.699332720065218
"c1_floor_n87_ni_r057",1,"floor",87,FALSE,57,"v2_cohort_posterior_hazard",0.118873217286431,1.07264487855418,1.57488313202533,0.613534530424424,0.747126436781609,0,0.634482592022439
"c1_floor_n87_ni_r058",1,"floor",87,FALSE,58,"v2_cohort_posterior_hazard",0.0887765450508092,1.35305902342413,1.65266368422331,0.588635162340178,0.71264367816092,0,0.578674509758578
"c1_floor_n87_ni_r059",1,"floor",87,FALSE,59,"v2_cohort_posterior_hazard",0.0796700438456282,1.41278220892111,2.20391703063707,0.595194052752043,0.71264367816092,0,0.659265562879925
"c1_floor_n87_ni_r060",1,"floor",87,FALSE,60,"v2_cohort_posterior_hazard",0.124392135103809,1.07760390828608,1.31445904097265,0.649847253570528,0.793103448275862,0,0.628048238813987
"c1_floor_n87_ni_r061",1,"floor",87,FALSE,61,"v2_cohort_posterior_hazard",0.118778201513038,1.24764085698219,1.49703803608589,0.582464127682846,0.724137931034483,0,0.580781642838665
"c1_floor_n87_ni_r062",1,"floor",87,FALSE,62,"v2_cohort_posterior_hazard",0.0890102290240323,2.19682099455905,5.26931565829932,0.582411618188296,0.67816091954023,0,0.600816319114216
"c1_floor_n87_ni_r063",1,"floor",87,FALSE,63,"v2_cohort_posterior_hazard",0.0958906445579895,1.20958566570805,2.53203219917348,0.646164160542489,0.770114942528736,0,0.557108235405504
"c1_floor_n87_ni_r064",1,"floor",87,FALSE,64,"v2_cohort_posterior_hazard",0.0865395805708137,1.15561950363331,1.70871322732426,0.556479735964566,0.666666666666667,0,0.668801778305613
"c1_floor_n87_ni_r065",1,"floor",87,FALSE,65,"v2_cohort_posterior_hazard",0.123198395368965,1.04458324860254,1.94062466958541,0.552358606177858,0.67816091954023,0,0.620779650767949
"c1_floor_n87_ni_r066",1,"floor",87,FALSE,66,"v2_cohort_posterior_hazard",0.0878750619244591,1.48068111543832,2.96008956276886,0.558675535515655,0.655172413793103,0,0.587193582997513
"c1_floor_n87_ni_r067",1,"floor",87,FALSE,67,"v2_cohort_posterior_hazard",0.113258906671707,1.23677044254249,1.8692307309132,0.51771092653886,0.64367816091954,0,0.577605163626199
"c1_floor_n87_ni_r068",1,"floor",87,FALSE,68,"v2_cohort_posterior_hazard",0.105420801523996,1.21898242527546,2.1963845257696,0.579106311356262,0.71264367816092,0,0.63590813392039
"c1_floor_n87_ni_r069",1,"floor",87,FALSE,69,"v2_cohort_posterior_hazard",0.137368963790838,1.27807761492839,1.59114903963845,0.538445262336047,0.689655172413793,0,0.586021128869712
"c1_floor_n87_ni_r070",1,"floor",87,FALSE,70,"v2_cohort_posterior_hazard",0.0874407202317209,1.6883088124405,4.12968653142206,0.59923275538408,0.735632183908046,0,0.631280048548355
"c1_floor_n87_ni_r071",1,"floor",87,FALSE,71,"v2_cohort_posterior_hazard",0.146615804999274,1.35228129774033,1.33260647722953,0.575619990017559,0.747126436781609,0,0.635646943569675
"c1_floor_n87_ni_r072",1,"floor",87,FALSE,72,"v2_cohort_posterior_hazard",0.108855131346409,1.09325449988679,1.91442788703093,0.604198654931826,0.735632183908046,0,0.549144482425122
"c1_floor_n87_ni_r073",1,"floor",87,FALSE,73,"v2_cohort_posterior_hazard",0.106584372675059,1.16333540219444,1.67153140632271,0.590361646755391,0.724137931034483,0,0.672859811435132
"c1_floor_n87_ni_r074",1,"floor",87,FALSE,74,"v2_cohort_posterior_hazard",0.125135995652223,1.14216444904211,1.80029197261574,0.539798918484078,0.666666666666667,0,0.533600257625352
"c1_floor_n87_ni_r075",1,"floor",87,FALSE,75,"v2_cohort_posterior_hazard",0.0824971879265357,1.36981958246817,2.87432029991535,0.617612360848189,0.747126436781609,0,0.681608842898686
"c1_floor_n87_ni_r076",1,"floor",87,FALSE,76,"v2_cohort_posterior_hazard",0.115102105948671,1.2385611542675,1.62471318313504,0.557237648926043,0.701149425287356,0,0.62799438057406
"c1_floor_n87_ni_r077",1,"floor",87,FALSE,77,"v2_cohort_posterior_hazard",0.118772622066039,1.39151567118356,1.73353743138106,0.579956331851878,0.735632183908046,0,0.60445346415174
"c1_floor_n87_ni_r078",1,"floor",87,FALSE,78,"v2_cohort_posterior_hazard",0.145957904316657,1.43372164500194,1.45709820286848,0.590692031100388,0.781609195402299,0,0.641088985488316
"c1_floor_n87_ni_r079",1,"floor",87,FALSE,79,"v2_cohort_posterior_hazard",0.0781425378431039,1.46417681001293,1.96779734391915,0.676348263512673,0.816091954022989,0,0.63103046477416
"c1_floor_n87_ni_r080",1,"floor",87,FALSE,80,"v2_cohort_posterior_hazard",0.129534239344055,1.20877552203824,1.63303339630513,0.537075261778102,0.67816091954023,0,0.664152130443339
"c1_floor_n87_ni_r081",1,"floor",87,FALSE,81,"v2_cohort_posterior_hazard",0.108683345851233,1.38114201159644,1.4484478675744,0.612068820907842,0.770114942528736,0,0.57672260296161
"c1_floor_n87_ni_r082",1,"floor",87,FALSE,82,"v2_cohort_posterior_hazard",0.131948551212378,1.1333536994727,1.36509204878492,0.52899323129415,0.666666666666667,0,0.699434999887148
"c1_floor_n87_ni_r083",1,"floor",87,FALSE,83,"v2_cohort_posterior_hazard",0.103570066544997,1.41411131780347,1.73950299342648,0.627065015860228,0.770114942528736,0,0.62876705423193
"c1_floor_n87_ni_r084",1,"floor",87,FALSE,84,"v2_cohort_posterior_hazard",0.14394214760768,1.10375644198077,1.31988263248618,0.610654582717088,0.770114942528736,0,0.62860797795723
"c1_floor_n87_ni_r085",1,"floor",87,FALSE,85,"v2_cohort_posterior_hazard",0.119171886223145,1.08070825771541,1.42494500927752,0.610432585951872,0.747126436781609,0,0.594661608464403
"c1_floor_n87_ni_r086",1,"floor",87,FALSE,86,"v2_cohort_posterior_hazard",0.139309349012054,0.63438132793813,1.41835764022077,0.547801903786112,0.64367816091954,0,0.594004475908366
"c1_floor_n87_ni_r087",1,"floor",87,FALSE,87,"v2_cohort_posterior_hazard",0.143167473389467,1.04668580307426,1.3990457177199,0.541593945497066,0.67816091954023,0,0.682548613019462
"c1_floor_n87_ni_r088",1,"floor",87,FALSE,88,"v2_cohort_posterior_hazard",0.109418168569444,1.40783917163924,1.84465226809745,0.57911324274835,0.724137931034483,0,0.600113689464563
"c1_floor_n87_ni_r089",1,"floor",87,FALSE,89,"v2_cohort_posterior_hazard",0.100252397078654,1.32308875080757,1.98403756810881,0.599050009836308,0.735632183908046,0,0.57168920389517
"c1_floor_n87_ni_r090",1,"floor",87,FALSE,90,"v2_cohort_posterior_hazard",0.133696329082406,1.37759156281181,1.23583707230138,0.626052800870684,0.793103448275862,0,0.674838719132406
"c1_floor_n87_ni_r091",1,"floor",87,FALSE,91,"v2_cohort_posterior_hazard",0.0852444854404378,1.1139092815644,2.20733488922647,0.538329075362535,0.64367816091954,0,0.664757091000945
"c1_floor_n87_ni_r092",1,"floor",87,FALSE,92,"v2_cohort_posterior_hazard",0.132329673938529,0.80986139820963,1.27505425422982,0.568407013081233,0.67816091954023,0,0.507625862176448
"c1_floor_n87_ni_r093",1,"floor",87,FALSE,93,"v2_cohort_posterior_hazard",0.129806857871491,1.43389133518799,1.71413165660459,0.539921333230416,0.701149425287356,0,0.549917478632909
"c1_floor_n87_ni_r094",1,"floor",87,FALSE,94,"v2_cohort_posterior_hazard",0.130853979542464,1.42022974222442,1.61199384525713,0.6253408941871,0.793103448275862,0,0.579139227555386
"c1_floor_n87_ni_r095",1,"floor",87,FALSE,95,"v2_cohort_posterior_hazard",0.136299818158212,1.35230747682471,1.27679216008365,0.569368470652305,0.735632183908046,0,0.634981500657843
"c1_floor_n87_ni_r096",1,"floor",87,FALSE,96,"v2_cohort_posterior_hazard",0.115010266585839,1.06376931955054,1.57532144534885,0.598197809159444,0.724137931034483,0,0.628434536973792
"c1_floor_n87_ni_r097",1,"floor",87,FALSE,97,"v2_cohort_posterior_hazard",0.102106616033489,0.885952221277625,1.68992222295448,0.54946326903505,0.655172413793103,0,0.629190246753647
"c1_floor_n87_ni_r098",1,"floor",87,FALSE,98,"v2_cohort_posterior_hazard",0.0970975254944953,0.744592872374848,2.43796322927183,0.519474692345602,0.609195402298851,0,0.620783810560318
"c1_floor_n87_ni_r099",1,"floor",87,FALSE,99,"v2_cohort_posterior_hazard",0.0942863816106868,1.34227729196445,2.02318973109335,0.602096730741212,0.735632183908046,0,0.681418297622632
"c1_floor_n87_ni_r100",1,"floor",87,FALSE,100,"v2_cohort_posterior_hazard",0.0975897015309891,1.42612157382601,2.10732702929148,0.582788986671589,0.701149425287356,0,0.616052474229038
"c2_floor_n150_ni_r001",2,"floor",150,FALSE,1,"v2_cohort_posterior_hazard",0.141636041933796,1.12646948217343,1.41730333121082,0.575641863369919,0.726666666666667,0,0.660631110325789
"c2_floor_n150_ni_r002",2,"floor",150,FALSE,2,"v2_cohort_posterior_hazard",0.076373222890325,2.20294870558079,3.03251094710773,0.598020790980932,0.726666666666667,0,0.594916589217587
"c2_floor_n150_ni_r003",2,"floor",150,FALSE,3,"v2_cohort_posterior_hazard",0.105883941728501,1.25880203221824,1.69783953362197,0.605209426833978,0.74,0,0.625432606593496
"c2_floor_n150_ni_r004",2,"floor",150,FALSE,4,"v2_cohort_posterior_hazard",0.104662361386167,1.55248312571704,1.65784151513274,0.575833518714074,0.72,0,0.638095176576064
"c2_floor_n150_ni_r005",2,"floor",150,FALSE,5,"v2_cohort_posterior_hazard",0.122941170969774,1.41540037059466,1.54024400144496,0.63224403406406,0.8,0,0.5632120511605
"c2_floor_n150_ni_r006",2,"floor",150,FALSE,6,"v2_cohort_posterior_hazard",0.0997409668090019,1.15977254222659,1.94897943018584,0.525636649745889,0.633333333333333,0,0.546738970065311
"c2_floor_n150_ni_r007",2,"floor",150,FALSE,7,"v2_cohort_posterior_hazard",0.111715383408669,1.36839606782239,1.65738298747237,0.576373621124597,0.72,0,0.607872387861223
"c2_floor_n150_ni_r008",2,"floor",150,FALSE,8,"v2_cohort_posterior_hazard",0.0741765169573976,1.49171447106896,2.32039200147647,0.547601301064087,0.66,0,0.611470459085656
"c2_floor_n150_ni_r009",2,"floor",150,FALSE,9,"v2_cohort_posterior_hazard",0.101784149493775,1.31983738422668,1.8271119200691,0.563660396763557,0.686666666666667,0,0.605288096452411
"c2_floor_n150_ni_r010",2,"floor",150,FALSE,10,"v2_cohort_posterior_hazard",0.117609988071345,1.14754448417946,1.5366759790375,0.568539721538057,0.706666666666667,0,0.607920206552404
"c2_floor_n150_ni_r011",2,"floor",150,FALSE,11,"v2_cohort_posterior_hazard",0.113291595998597,1.33542275353738,1.53906282436567,0.610954208292133,0.766666666666667,0,0.53910996701363
"c2_floor_n150_ni_r012",2,"floor",150,FALSE,12,"v2_cohort_posterior_hazard",0.125434768547382,0.938994531728188,1.35294325023665,0.533816805791819,0.653333333333333,0,0.592178639991999
"c2_floor_n150_ni_r013",2,"floor",150,FALSE,13,"v2_cohort_posterior_hazard",0.111697277306524,1.15132561786389,1.80744591276242,0.567297440558998,0.7,0,0.568252771637141
"c2_floor_n150_ni_r014",2,"floor",150,FALSE,14,"v2_cohort_posterior_hazard",0.113074084037541,1.3863486768821,1.60261421562774,0.598945360926754,0.746666666666667,0,0.592222858788876
"c2_floor_n150_ni_r015",2,"floor",150,FALSE,15,"v2_cohort_posterior_hazard",0.133763828363301,1.21154456522869,1.51162087610825,0.545645083752751,0.693333333333333,0,0.605060512108878
"c2_floor_n150_ni_r016",2,"floor",150,FALSE,16,"v2_cohort_posterior_hazard",0.113247145755561,1.54656655931912,1.86443053769104,0.56410581280801,0.72,0,0.622029825208996
"c2_floor_n150_ni_r017",2,"floor",150,FALSE,17,"v2_cohort_posterior_hazard",0.126631430152766,1.39559587416145,1.37839947846612,0.592736392446336,0.76,0,0.664416593956537
"c2_floor_n150_ni_r018",2,"floor",150,FALSE,18,"v2_cohort_posterior_hazard",0.0820059183367455,1.39037360394967,2.16165855485023,0.619209867246509,0.746666666666667,0,0.625094990191987
"c2_floor_n150_ni_r019",2,"floor",150,FALSE,19,"v2_cohort_posterior_hazard",0.112235207069543,1.56022261378981,1.61089285216711,0.571184706176526,0.726666666666667,0,0.633465665864415
"c2_floor_n150_ni_r020",2,"floor",150,FALSE,20,"v2_cohort_posterior_hazard",0.103974208510357,1.63730810200741,1.80891475698244,0.577189357890511,0.726666666666667,0,0.628878478970468
"c2_floor_n150_ni_r021",2,"floor",150,FALSE,21,"v2_cohort_posterior_hazard",0.0958548804601568,1.28637989956381,2.28925968949887,0.603174879259683,0.746666666666667,0,0.599201351057303
"c2_floor_n150_ni_r022",2,"floor",150,FALSE,22,"v2_cohort_posterior_hazard",0.0821689678627908,1.47664014106222,2.46120178816448,0.609899627334502,0.74,0,0.666220636792473
"c2_floor_n150_ni_r023",2,"floor",150,FALSE,23,"v2_cohort_posterior_hazard",0.132890309222007,1.16273472803402,1.48861102471517,0.566459232737085,0.713333333333333,0,0.539184393418483
"c2_floor_n150_ni_r024",2,"floor",150,FALSE,24,"v2_cohort_posterior_hazard",0.112818794450923,1.56425149766312,2.13153063966174,0.620170103364254,0.786666666666667,0,0.601368767058215
"c2_floor_n150_ni_r025",2,"floor",150,FALSE,25,"v2_cohort_posterior_hazard",0.0928239873972116,1.20140272827101,2.03183398368586,0.539170893972223,0.653333333333333,0,0.653683978594852
"c2_floor_n150_ni_r026",2,"floor",150,FALSE,26,"v2_cohort_posterior_hazard",0.0967686983480934,1.54549366782079,2.1656540766409,0.616591545898487,0.76,0,0.654211217998936
"c2_floor_n150_ni_r027",2,"floor",150,FALSE,27,"v2_cohort_posterior_hazard",0.126900822433903,1.28795794042269,1.55408713076023,0.596477168923691,0.753333333333333,0,0.546048139703684
"c2_floor_n150_ni_r028",2,"floor",150,FALSE,28,"v2_cohort_posterior_hazard",0.0998515596447262,1.172797648929,1.52926689593387,0.5760007480154,0.7,0,0.630653214144965
"c2_floor_n150_ni_r029",2,"floor",150,FALSE,29,"v2_cohort_posterior_hazard",0.10752295788319,1.36912426602703,2.03861675669926,0.55454302741932,0.68,0,0.548904109488699
"c2_floor_n150_ni_r030",2,"floor",150,FALSE,30,"v2_cohort_posterior_hazard",0.127336995192266,1.08396418780341,1.4400938543831,0.569589705067906,0.706666666666667,0,0.564918396153481
"c2_floor_n150_ni_r031",2,"floor",150,FALSE,31,"v2_cohort_posterior_hazard",0.125214488429949,1.2933454860211,1.66296094038019,0.543867476289905,0.693333333333333,0,0.573721015063289
"c2_floor_n150_ni_r032",2,"floor",150,FALSE,32,"v2_cohort_posterior_hazard",0.13177532821304,1.04853027349301,1.3360652254722,0.545993195901433,0.673333333333333,0,0.588963026093518
"c2_floor_n150_ni_r033",2,"floor",150,FALSE,33,"v2_cohort_posterior_hazard",0.119488846761114,1.61681908563352,1.60759603454033,0.611765943139245,0.786666666666667,0,0.56043084367281
"c2_floor_n150_ni_r034",2,"floor",150,FALSE,34,"v2_cohort_posterior_hazard",0.117942289334508,1.07841538577408,1.42151089991027,0.597925854264107,0.733333333333333,0,0.514360522389778
"c2_floor_n150_ni_r035",2,"floor",150,FALSE,35,"v2_cohort_posterior_hazard",0.0970761047564099,1.20136988755221,1.66849813769652,0.617616106285993,0.753333333333333,0,0.637579483071985
"c2_floor_n150_ni_r036",2,"floor",150,FALSE,36,"v2_cohort_posterior_hazard",0.1301532619406,1.46960486161168,1.29682697836678,0.593882086873028,0.766666666666667,0,0.526309870909802
"c2_floor_n150_ni_r037",2,"floor",150,FALSE,37,"v2_cohort_posterior_hazard",0.0785671862928866,1.41261798094659,2.23101238022686,0.630674023872026,0.753333333333333,0,0.519866077799997
"c2_floor_n150_ni_r038",2,"floor",150,FALSE,38,"v2_cohort_posterior_hazard",0.128031027193917,1.40722745044182,1.12181508579607,0.631466875961166,0.8,0,0.61181912074154
"c2_floor_n150_ni_r039",2,"floor",150,FALSE,39,"v2_cohort_posterior_hazard",0.103627106925571,1.19793894831942,2.01034867135924,0.542318725770414,0.66,0,0.582593676703032
"c2_floor_n150_ni_r040",2,"floor",150,FALSE,40,"v2_cohort_posterior_hazard",0.0949832619534577,2.2908908149969,3.49260523096847,0.515200449846951,0.646666666666667,0,0.677453201018594
"c2_floor_n150_ni_r041",2,"floor",150,FALSE,41,"v2_cohort_posterior_hazard",0.140746891640553,1.08762542148164,1.20317173459405,0.603952447200135,0.753333333333333,0,0.614342092752904
"c2_floor_n150_ni_r042",2,"floor",150,FALSE,42,"v2_cohort_posterior_hazard",0.122715139154038,1.16150160012552,1.31241943762738,0.607628252794716,0.753333333333333,0,0.549448512977687
"c2_floor_n150_ni_r043",2,"floor",150,FALSE,43,"v2_cohort_posterior_hazard",0.0880931454944196,1.47193078482382,2.99280607151497,0.550378082956635,0.666666666666667,0,0.720944330387992
"c2_floor_n150_ni_r044",2,"floor",150,FALSE,44,"v2_cohort_posterior_hazard",0.140245063730879,1.34019305796572,1.13172975555832,0.625299636114072,0.806666666666667,0,0.575957765473148
"c2_floor_n150_ni_r045",2,"floor",150,FALSE,45,"v2_cohort_posterior_hazard",0.108185304316523,1.35830299692847,1.6228466042094,0.570566912763677,0.713333333333333,0,0.680976138446905
"c2_floor_n150_ni_r046",2,"floor",150,FALSE,46,"v2_cohort_posterior_hazard",0.123000478721433,1.14735511594868,1.43774462869553,0.591081242928923,0.733333333333333,0,0.569570738436974
"c2_floor_n150_ni_r047",2,"floor",150,FALSE,47,"v2_cohort_posterior_hazard",0.104607571150848,1.49245978062208,1.88327937619049,0.583493367952908,0.72,0,0.60989777213052
"c2_floor_n150_ni_r048",2,"floor",150,FALSE,48,"v2_cohort_posterior_hazard",0.131843141440771,1.09355004398925,1.20958200312921,0.588348260505059,0.733333333333333,0,0.544933787772421
"c2_floor_n150_ni_r049",2,"floor",150,FALSE,49,"v2_cohort_posterior_hazard",0.11951200409831,1.55542370871887,1.60578339004752,0.598015453274419,0.766666666666667,0,0.618552506120375
"c2_floor_n150_ni_r050",2,"floor",150,FALSE,50,"v2_cohort_posterior_hazard",0.131348948847694,1.26445146426287,1.3966982320939,0.612721537315226,0.78,0,0.596222603740264
"c2_floor_n150_ni_r051",2,"floor",150,FALSE,51,"v2_cohort_posterior_hazard",0.094441136640422,1.22719724070685,2.26143314357724,0.594093328086613,0.726666666666667,0,0.613140271008882
"c2_floor_n150_ni_r052",2,"floor",150,FALSE,52,"v2_cohort_posterior_hazard",0.102774565256133,1.58624676105611,1.78094959655245,0.6093783032665,0.766666666666667,0,0.627295707584889
"c2_floor_n150_ni_r053",2,"floor",150,FALSE,53,"v2_cohort_posterior_hazard",0.135597486476466,1.46603189540785,1.48187999438382,0.631011922790104,0.813333333333333,0,0.627354760415527
"c2_floor_n150_ni_r054",2,"floor",150,FALSE,54,"v2_cohort_posterior_hazard",0.122520139363646,1.30863765378599,1.38191998777632,0.605613271141837,0.76,0,0.60148851149873
"c2_floor_n150_ni_r055",2,"floor",150,FALSE,55,"v2_cohort_posterior_hazard",0.109060872842058,1.07330483744771,1.70645175999862,0.59045248847913,0.713333333333333,0,0.465738775364547
"c2_floor_n150_ni_r056",2,"floor",150,FALSE,56,"v2_cohort_posterior_hazard",0.120513647363194,1.54068475740703,1.42723600897812,0.622378731247145,0.793333333333333,0,0.590590252589521
"c2_floor_n150_ni_r057",2,"floor",150,FALSE,57,"v2_cohort_posterior_hazard",0.114601426687148,1.50278079288257,1.45675663128796,0.556862175045989,0.72,0,0.571266606066541
"c2_floor_n150_ni_r058",2,"floor",150,FALSE,58,"v2_cohort_posterior_hazard",0.115656610497674,1.17929409911471,1.89092788334251,0.58054061373178,0.72,0,0.626733026273743
"c2_floor_n150_ni_r059",2,"floor",150,FALSE,59,"v2_cohort_posterior_hazard",0.127996744701787,1.44659054166908,1.466155945421,0.589530266517501,0.76,0,0.556170475876731
"c2_floor_n150_ni_r060",2,"floor",150,FALSE,60,"v2_cohort_posterior_hazard",0.113835470926027,1.15034206555262,1.66820557300931,0.602515390681847,0.746666666666667,0,0.646793629146616
"c2_floor_n150_ni_r061",2,"floor",150,FALSE,61,"v2_cohort_posterior_hazard",0.123558049335893,1.32502828657853,1.58724780888973,0.563123712999225,0.713333333333333,0,0.642061075785872
"c2_floor_n150_ni_r062",2,"floor",150,FALSE,62,"v2_cohort_posterior_hazard",0.113859221803653,1.3592442322411,1.4431291343382,0.634263769568727,0.793333333333333,0,0.570165346337982
"c2_floor_n150_ni_r063",2,"floor",150,FALSE,63,"v2_cohort_posterior_hazard",0.120602070465559,1.37378397774787,1.5411799799921,0.583622765996044,0.733333333333333,0,0.546348834944232
"c2_floor_n150_ni_r064",2,"floor",150,FALSE,64,"v2_cohort_posterior_hazard",0.088897131847131,1.24472581072441,2.21801292332155,0.613543449429563,0.733333333333333,0,0.670909145293993
"c2_floor_n150_ni_r065",2,"floor",150,FALSE,65,"v2_cohort_posterior_hazard",0.101504852097205,1.39075149375013,2.0656997145779,0.597602896445956,0.733333333333333,0,0.590310214016326
"c2_floor_n150_ni_r066",2,"floor",150,FALSE,66,"v2_cohort_posterior_hazard",0.0914907087337661,1.39255931121784,2.1863983703559,0.603370732759188,0.733333333333333,0,0.595361440888732
"c2_floor_n150_ni_r067",2,"floor",150,FALSE,67,"v2_cohort_posterior_hazard",0.143799436040359,1.09200309897395,1.20445614091677,0.603745417451608,0.753333333333333,0,0.586395506181755
"c2_floor_n150_ni_r068",2,"floor",150,FALSE,68,"v2_cohort_posterior_hazard",0.0985831095149079,1.02151846041504,1.72559922427852,0.573126219046285,0.686666666666667,0,0.659848487074402
"c2_floor_n150_ni_r069",2,"floor",150,FALSE,69,"v2_cohort_posterior_hazard",0.0981470848014773,0.910624581467542,1.90732230901369,0.612129950738459,0.726666666666667,0,0.59124365250314
"c2_floor_n150_ni_r070",2,"floor",150,FALSE,70,"v2_cohort_posterior_hazard",0.100678955617515,1.47608122876967,1.45636808239629,0.60614883380944,0.753333333333333,0,0.590121026109636
"c2_floor_n150_ni_r071",2,"floor",150,FALSE,71,"v2_cohort_posterior_hazard",0.104402560209974,1.24088368165337,1.64822147771501,0.563168089003487,0.693333333333333,0,0.624796158816721
"c2_floor_n150_ni_r072",2,"floor",150,FALSE,72,"v2_cohort_posterior_hazard",0.148360955296941,1.18699878522319,1.06794500560883,0.573255970837899,0.74,0,0.579141499175611
"c2_floor_n150_ni_r073",2,"floor",150,FALSE,73,"v2_cohort_posterior_hazard",0.125837496599006,1.43547694924222,1.51838164263601,0.630220942422456,0.806666666666667,0,0.578880052731734
"c2_floor_n150_ni_r074",2,"floor",150,FALSE,74,"v2_cohort_posterior_hazard",0.100721038393669,1.34769912916867,1.84770540621734,0.568634346283259,0.706666666666667,0,0.588408668960508
"c2_floor_n150_ni_r075",2,"floor",150,FALSE,75,"v2_cohort_posterior_hazard",0.114168642642305,1.31890044026614,1.65694658496774,0.536326442018782,0.68,0,0.618363338259892
"c2_floor_n150_ni_r076",2,"floor",150,FALSE,76,"v2_cohort_posterior_hazard",0.117867901150543,1.15861266116739,1.26375921284357,0.620637181259901,0.76,0,0.595793970521837
"c2_floor_n150_ni_r077",2,"floor",150,FALSE,77,"v2_cohort_posterior_hazard",0.093909909949752,1.17460568895679,2.10269805694247,0.575476082274913,0.686666666666667,0,0.602331291485862
"c2_floor_n150_ni_r078",2,"floor",150,FALSE,78,"v2_cohort_posterior_hazard",0.111503838380284,1.45758866526457,1.63315539088696,0.589027694212276,0.74,0,0.684840644357565
"c2_floor_n150_ni_r079",2,"floor",150,FALSE,79,"v2_cohort_posterior_hazard",0.141257163257024,1.28909150013659,1.07236426839415,0.604178327176225,0.773333333333333,0,0.604222082546012
"c2_floor_n150_ni_r080",2,"floor",150,FALSE,80,"v2_cohort_posterior_hazard",0.109503009547397,1.25782976342855,1.75122636979736,0.573935417649594,0.713333333333333,0,0.653083992925854
"c2_floor_n150_ni_r081",2,"floor",150,FALSE,81,"v2_cohort_posterior_hazard",0.103447873848418,0.874775524233669,1.65046952789761,0.612613580184008,0.726666666666667,0,0.575712943065946
"c2_floor_n150_ni_r082",2,"floor",150,FALSE,82,"v2_cohort_posterior_hazard",0.118038474984693,1.12939488351332,1.69476666118896,0.579257239939379,0.713333333333333,0,0.590473315962335
"c2_floor_n150_ni_r083",2,"floor",150,FALSE,83,"v2_cohort_posterior_hazard",0.131478170030294,1.41915715554598,1.74131571028744,0.549905163736117,0.706666666666667,0,0.616297984150252
"c2_floor_n150_ni_r084",2,"floor",150,FALSE,84,"v2_cohort_posterior_hazard",0.126440916281091,1.28704839977491,1.5819982409965,0.553047322914526,0.7,0,0.575471232954337
"c2_floor_n150_ni_r085",2,"floor",150,FALSE,85,"v2_cohort_posterior_hazard",0.0985494005960058,1.51517084176125,2.15427485682203,0.605765477220315,0.74,0,0.518491004243185
"c2_floor_n150_ni_r086",2,"floor",150,FALSE,86,"v2_cohort_posterior_hazard",0.0954243508747028,1.18391831220064,1.82780322015281,0.595225538364913,0.713333333333333,0,0.631257437053379
"c2_floor_n150_ni_r087",2,"floor",150,FALSE,87,"v2_cohort_posterior_hazard",0.112660360349177,1.2538997624581,1.64906605818097,0.588977318707588,0.733333333333333,0,0.581129416185685
"c2_floor_n150_ni_r088",2,"floor",150,FALSE,88,"v2_cohort_posterior_hazard",0.111547458241832,1.49589593772618,1.66909835037225,0.605967107191232,0.766666666666667,0,0.593332536699925
"c2_floor_n150_ni_r089",2,"floor",150,FALSE,89,"v2_cohort_posterior_hazard",0.125679006005472,1.16197765783133,1.56406791510163,0.507084811947707,0.64,0,0.630889323822387
"c2_floor_n150_ni_r090",2,"floor",150,FALSE,90,"v2_cohort_posterior_hazard",0.0833872314385479,1.75322683979576,2.43708557233043,0.650023198130506,0.8,0,0.582627881936573
"c2_floor_n150_ni_r091",2,"floor",150,FALSE,91,"v2_cohort_posterior_hazard",0.117578920333946,1.29273998073935,1.63264240697844,0.589187512438638,0.74,0,0.58566513360843
"c2_floor_n150_ni_r092",2,"floor",150,FALSE,92,"v2_cohort_posterior_hazard",0.109383002310312,1.8272138005781,1.73009271202748,0.597884723943628,0.766666666666667,0,0.616331388330121
"c2_floor_n150_ni_r093",2,"floor",150,FALSE,93,"v2_cohort_posterior_hazard",0.14835937779206,1.2709585687485,1.05986164352716,0.611335620286232,0.78,0,0.574645013907566
"c2_floor_n150_ni_r094",2,"floor",150,FALSE,94,"v2_cohort_posterior_hazard",0.132817705412233,1.42300406913199,1.35228298326861,0.581262958785037,0.746666666666667,0,0.602334601648931
"c2_floor_n150_ni_r095",2,"floor",150,FALSE,95,"v2_cohort_posterior_hazard",0.133729576892324,1.02687280160088,1.46675879306668,0.539527362472115,0.673333333333333,0,0.617681786134398
"c2_floor_n150_ni_r096",2,"floor",150,FALSE,96,"v2_cohort_posterior_hazard",0.0907610842654092,1.44684352608598,2.34573214947341,0.616860502634901,0.733333333333333,0,0.629937388335643
"c2_floor_n150_ni_r097",2,"floor",150,FALSE,97,"v2_cohort_posterior_hazard",0.132678171573597,1.22698477777275,1.14329622330109,0.580587058298082,0.74,0,0.702038478848064
"c2_floor_n150_ni_r098",2,"floor",150,FALSE,98,"v2_cohort_posterior_hazard",0.0849156713614404,1.33945729099443,2.37808374229036,0.578562967554766,0.693333333333333,0,0.57733195170059
"c2_floor_n150_ni_r099",2,"floor",150,FALSE,99,"v2_cohort_posterior_hazard",0.115475338370554,1.3549084173815,1.42755794572959,0.586310185790026,0.74,0,0.559096401760768
"c2_floor_n150_ni_r100",2,"floor",150,FALSE,100,"v2_cohort_posterior_hazard",0.110710091658053,1.37888335982427,1.77595637567293,0.571597520650267,0.713333333333333,0,0.593294630522097
"c3_floor_n300_ni_r001",3,"floor",300,FALSE,1,"v2_cohort_posterior_hazard",0.089042226186974,2.01722807137392,2.4031180811326,0.568091366953745,0.713333333333333,0,0.614593076496701
"c3_floor_n300_ni_r002",3,"floor",300,FALSE,2,"v2_cohort_posterior_hazard",0.103047905487366,1.52250690890022,1.905720936097,0.578243149106168,0.726666666666667,0,0.531125403517653
"c3_floor_n300_ni_r003",3,"floor",300,FALSE,3,"v2_cohort_posterior_hazard",0.0828743545921841,1.66940018623877,2.24759802579884,0.587893632921769,0.716666666666667,0,0.612021967804289
"c3_floor_n300_ni_r004",3,"floor",300,FALSE,4,"v2_cohort_posterior_hazard",0.098100472934198,1.60318389482028,2.07744744710922,0.612657544287999,0.76,0,0.533647067380109
"c3_floor_n300_ni_r005",3,"floor",300,FALSE,5,"v2_cohort_posterior_hazard",0.104457637152159,1.61773848973186,2.01135373771726,0.604977404211023,0.763333333333333,0,0.598586257184709
"c3_floor_n300_ni_r006",3,"floor",300,FALSE,6,"v2_cohort_posterior_hazard",0.111276695896339,1.60334468732389,1.83434961729308,0.609453323069118,0.776666666666667,0,0.636700283830612
"c3_floor_n300_ni_r007",3,"floor",300,FALSE,7,"v2_cohort_posterior_hazard",0.104995375961397,1.38578368758037,1.53223390742029,0.584499364520706,0.723333333333333,0,0.573207068010175
"c3_floor_n300_ni_r008",3,"floor",300,FALSE,8,"v2_cohort_posterior_hazard",0.110282388457948,1.42846050854504,1.6219350552088,0.604987612201756,0.76,0,0.625872408650132
"c3_floor_n300_ni_r009",3,"floor",300,FALSE,9,"v2_cohort_posterior_hazard",0.132819505253849,1.22862988446411,1.25627855267134,0.593960653895301,0.746666666666667,0,0.529779316987999
"c3_floor_n300_ni_r010",3,"floor",300,FALSE,10,"v2_cohort_posterior_hazard",0.0982814740858916,1.59915632228874,1.94324350126661,0.561835127990884,0.703333333333333,0,0.583734497118896
"c3_floor_n300_ni_r011",3,"floor",300,FALSE,11,"v2_cohort_posterior_hazard",0.113055395214773,1.31991536561897,1.54094472294526,0.60072576187885,0.75,0,0.492269821877708
"c3_floor_n300_ni_r012",3,"floor",300,FALSE,12,"v2_cohort_posterior_hazard",0.103547539366708,1.31882277199405,1.50892728059289,0.603849809565911,0.743333333333333,0,0.599361269940264
"c3_floor_n300_ni_r013",3,"floor",300,FALSE,13,"v2_cohort_posterior_hazard",0.104120262499598,1.76524415855693,2.19868580751494,0.591198521294289,0.75,0,0.527369286936567
"c3_floor_n300_ni_r014",3,"floor",300,FALSE,14,"v2_cohort_posterior_hazard",0.130181054551296,1.38394284248054,1.4500282901325,0.59296341470255,0.756666666666667,0,0.525770381964
"c3_floor_n300_ni_r015",3,"floor",300,FALSE,15,"v2_cohort_posterior_hazard",0.0989174616645171,1.43019611380043,2.03500212549215,0.594188648062871,0.73,0,0.581264848537816
"c3_floor_n300_ni_r016",3,"floor",300,FALSE,16,"v2_cohort_posterior_hazard",0.120028614715838,1.55060033574962,1.78363930907544,0.530578299983991,0.68,0,0.658841260971809
"c3_floor_n300_ni_r017",3,"floor",300,FALSE,17,"v2_cohort_posterior_hazard",0.111860638676258,1.12675675759702,1.47560061699909,0.547614963954414,0.673333333333333,0,0.562397078250124
"c3_floor_n300_ni_r018",3,"floor",300,FALSE,18,"v2_cohort_posterior_hazard",0.110724980537247,1.36825069183837,1.56204994364214,0.581608885502148,0.723333333333333,0,0.661645624128244
"c3_floor_n300_ni_r019",3,"floor",300,FALSE,19,"v2_cohort_posterior_hazard",0.0925471064724702,1.50722162692874,1.79056400492056,0.570108673501067,0.7,0,0.63284645911129
"c3_floor_n300_ni_r020",3,"floor",300,FALSE,20,"v2_cohort_posterior_hazard",0.111909111209313,1.50196877320507,1.78632293366317,0.598578293975641,0.75,0,0.582565130601909
"c3_floor_n300_ni_r021",3,"floor",300,FALSE,21,"v2_cohort_posterior_hazard",0.114047848048391,1.40694341380351,1.63278001882903,0.598925557726963,0.75,0,0.561312023338907
"c3_floor_n300_ni_r022",3,"floor",300,FALSE,22,"v2_cohort_posterior_hazard",0.100336018922172,1.67345413104113,2.03438313882624,0.627293022831861,0.773333333333333,0,0.535798134675718
"c3_floor_n300_ni_r023",3,"floor",300,FALSE,23,"v2_cohort_posterior_hazard",0.217054989158934,0.725773769353537,0.286563203169651,0.682403799215707,0.73,0,0.000103576167678187
"c3_floor_n300_ni_r024",3,"floor",300,FALSE,24,"v2_cohort_posterior_hazard",0.113425882041301,1.44212432059237,1.56416355681813,0.604524537657997,0.756666666666667,0,0.495189677511207
"c3_floor_n300_ni_r025",3,"floor",300,FALSE,25,"v2_cohort_posterior_hazard",0.11098051872035,1.29246959995874,1.48020546702523,0.580900609931729,0.716666666666667,0,0.546884936181995
"c3_floor_n300_ni_r026",3,"floor",300,FALSE,26,"v2_cohort_posterior_hazard",0.0906708444658907,1.49155510660497,1.99369918945157,0.556226532748891,0.686666666666667,0,0.570256752545216
"c3_floor_n300_ni_r027",3,"floor",300,FALSE,27,"v2_cohort_posterior_hazard",0.0836006824812399,1.39689764856822,2.38612655135774,0.598934239403276,0.72,0,0.588311864165347
"c3_floor_n300_ni_r028",3,"floor",300,FALSE,28,"v2_cohort_posterior_hazard",0.113865185543084,1.57495980745165,1.72715435285338,0.581496805831972,0.743333333333333,0,0.623863561456517
"c3_floor_n300_ni_r029",3,"floor",300,FALSE,29,"v2_cohort_posterior_hazard",0.111175726041789,1.28239158572226,1.61933231275921,0.566403345255707,0.706666666666667,0,0.582495598806497
"c3_floor_n300_ni_r030",3,"floor",300,FALSE,30,"v2_cohort_posterior_hazard",0.092200953380939,1.36962088512326,1.78856258591721,0.567035396920875,0.693333333333333,0,0.551310801575705
"c3_floor_n300_ni_r031",3,"floor",300,FALSE,31,"v2_cohort_posterior_hazard",0.0945653436142785,1.42660898644599,1.7821212372494,0.570860814335902,0.703333333333333,0,0.590119321297346
"c3_floor_n300_ni_r032",3,"floor",300,FALSE,32,"v2_cohort_posterior_hazard",0.114967899246092,1.58263975504869,1.68752912127566,0.565453501677166,0.726666666666667,0,0.609322049631196
"c3_floor_n300_ni_r033",3,"floor",300,FALSE,33,"v2_cohort_posterior_hazard",0.0964255239273829,1.12650346949112,1.89099488863735,0.570946389828796,0.683333333333333,0,0.63860509719658
"c3_floor_n300_ni_r034",3,"floor",300,FALSE,34,"v2_cohort_posterior_hazard",0.102852815422158,1.82051576789323,2.03510829213731,0.567150147706768,0.723333333333333,0,0.588630830203688
"c3_floor_n300_ni_r035",3,"floor",300,FALSE,35,"v2_cohort_posterior_hazard",0.093723429325886,1.49154560973739,2.06936682608807,0.605700020917627,0.74,0,0.579340842969125
"c3_floor_n300_ni_r036",3,"floor",300,FALSE,36,"v2_cohort_posterior_hazard",0.104078705447843,1.37424875454647,1.58911215348212,0.608667072010862,0.753333333333333,0,0.610726626907201
"c3_floor_n300_ni_r037",3,"floor",300,FALSE,37,"v2_cohort_posterior_hazard",0.116964166899065,1.46324931928075,1.51599727228096,0.640912427236876,0.81,0,0.494573261841778
"c3_floor_n300_ni_r038",3,"floor",300,FALSE,38,"v2_cohort_posterior_hazard",0.106114902707961,1.28605507642236,1.78983931925696,0.595221992248902,0.733333333333333,0,0.556559071507858
"c3_floor_n300_ni_r039",3,"floor",300,FALSE,39,"v2_cohort_posterior_hazard",0.090377784409985,1.50486667330037,1.91241435569934,0.603281182041134,0.736666666666667,0,0.557939489346293
"c3_floor_n300_ni_r040",3,"floor",300,FALSE,40,"v2_cohort_posterior_hazard",0.104504242675257,1.47932914417048,1.84152835896576,0.537644826386325,0.676666666666667,0,0.558465797533047
"c3_floor_n300_ni_r041",3,"floor",300,FALSE,41,"v2_cohort_posterior_hazard",0.113085036295326,1.34568439883217,1.67293331356297,0.572750559224095,0.716666666666667,0,0.557235188641494
"c3_floor_n300_ni_r042",3,"floor",300,FALSE,42,"v2_cohort_posterior_hazard",0.112779406064931,1.31107350480835,1.67377383391675,0.58705786763593,0.733333333333333,0,0.69925822690872
"c3_floor_n300_ni_r043",3,"floor",300,FALSE,43,"v2_cohort_posterior_hazard",0.108796571076518,1.53536907224682,2.02939603102985,0.542770528761987,0.683333333333333,0,0.548036338746916
"c3_floor_n300_ni_r044",3,"floor",300,FALSE,44,"v2_cohort_posterior_hazard",0.118235216442542,1.29051965770261,1.45207538636934,0.585752849526098,0.736666666666667,0,0.593513945577831
"c3_floor_n300_ni_r045",3,"floor",300,FALSE,45,"v2_cohort_posterior_hazard",0.120060838045151,1.2056408671641,1.39386197864694,0.545464055723637,0.686666666666667,0,0.63055767985451
"c3_floor_n300_ni_r046",3,"floor",300,FALSE,46,"v2_cohort_posterior_hazard",0.111054292863743,1.41545429245911,1.65377510400458,0.58088812068538,0.723333333333333,0,0.615841374487199
"c3_floor_n300_ni_r047",3,"floor",300,FALSE,47,"v2_cohort_posterior_hazard",0.0983310120900506,1.5177810665281,1.80236362014037,0.578707306252196,0.723333333333333,0,0.59399838467268
"c3_floor_n300_ni_r048",3,"floor",300,FALSE,48,"v2_cohort_posterior_hazard",0.0923745070372062,1.51526115761519,2.23675857303872,0.587979333023979,0.72,0,0.576332269001566
"c3_floor_n300_ni_r049",3,"floor",300,FALSE,49,"v2_cohort_posterior_hazard",0.0983023120396718,1.32888103536329,1.85802306828781,0.559754693829487,0.69,0,0.623512315200185
"c3_floor_n300_ni_r050",3,"floor",300,FALSE,50,"v2_cohort_posterior_hazard",0.109011856355043,1.23659060013567,1.54373705359478,0.610149095284342,0.753333333333333,0,0.696450525826154
"c3_floor_n300_ni_r051",3,"floor",300,FALSE,51,"v2_cohort_posterior_hazard",0.115814163372073,1.30925934975076,1.68403246085575,0.558135327657032,0.7,0,0.635796085793293
"c3_floor_n300_ni_r052",3,"floor",300,FALSE,52,"v2_cohort_posterior_hazard",0.10112541282321,1.26422297052816,1.69278499592094,0.563116371802311,0.693333333333333,0,0.619958774658694
"c3_floor_n300_ni_r053",3,"floor",300,FALSE,53,"v2_cohort_posterior_hazard",0.124545827401834,1.31943514639195,1.38349385182424,0.566614300351151,0.713333333333333,0,0.632253179172187
"c3_floor_n300_ni_r054",3,"floor",300,FALSE,54,"v2_cohort_posterior_hazard",0.0988046185619022,1.4345017764218,1.78831802711012,0.582153718518832,0.72,0,0.648305459539233
"c3_floor_n300_ni_r055",3,"floor",300,FALSE,55,"v2_cohort_posterior_hazard",0.111459628805474,1.37546650854553,1.68664175813194,0.568445627578739,0.713333333333333,0,0.683089462704451
"c3_floor_n300_ni_r056",3,"floor",300,FALSE,56,"v2_cohort_posterior_hazard",0.0844711402570846,1.48008486722282,1.88306297653895,0.614698541423037,0.736666666666667,0,0.56817794647678
"c3_floor_n300_ni_r057",3,"floor",300,FALSE,57,"v2_cohort_posterior_hazard",0.0929006305786395,1.1129909125374,1.85040213491709,0.62297856393902,0.743333333333333,0,0.580356496209909
"c3_floor_n300_ni_r058",3,"floor",300,FALSE,58,"v2_cohort_posterior_hazard",0.106900034012683,1.48881645323653,1.71176575191629,0.569338588492397,0.716666666666667,0,0.593385008916672
"c3_floor_n300_ni_r059",3,"floor",300,FALSE,59,"v2_cohort_posterior_hazard",0.113991625754941,1.24308934766858,1.53048024389235,0.571786194786591,0.71,0,0.594872198898571
"c3_floor_n300_ni_r060",3,"floor",300,FALSE,60,"v2_cohort_posterior_hazard",0.100290009577625,1.39968249244283,1.87108928941955,0.57980497969717,0.716666666666667,0,0.55117120783201
"c3_floor_n300_ni_r061",3,"floor",300,FALSE,61,"v2_cohort_posterior_hazard",0.101896590608885,1.37352019194204,1.58699057408774,0.593010338339168,0.73,0,0.519866381651366
"c3_floor_n300_ni_r062",3,"floor",300,FALSE,62,"v2_cohort_posterior_hazard",0.087960099865251,1.15921990501572,1.90866654978615,0.586665978208543,0.696666666666667,0,0.619287717944197
"c3_floor_n300_ni_r063",3,"floor",300,FALSE,63,"v2_cohort_posterior_hazard",0.0975616780850135,1.32019150021874,1.70746652407797,0.601953483307353,0.733333333333333,0,0.599157625744558
"c3_floor_n300_ni_r064",3,"floor",300,FALSE,64,"v2_cohort_posterior_hazard",0.10392489975011,1.19449524595077,1.87628671144276,0.555697627362624,0.673333333333333,0,0.664455708926834
"c3_floor_n300_ni_r065",3,"floor",300,FALSE,65,"v2_cohort_posterior_hazard",0.0919258925458418,1.65559835628361,2.10622057882678,0.606659686402247,0.746666666666667,0,0.591464172766494
"c3_floor_n300_ni_r066",3,"floor",300,FALSE,66,"v2_cohort_posterior_hazard",0.117900563379087,1.16529460313259,1.40156437256587,0.56920827526526,0.703333333333333,0,0.595176122978433
"c3_floor_n300_ni_r067",3,"floor",300,FALSE,67,"v2_cohort_posterior_hazard",0.08677104302005,1.45805445996018,2.19435853566033,0.58948416589964,0.71,0,0.543480185458349
"c3_floor_n300_ni_r068",3,"floor",300,FALSE,68,"v2_cohort_posterior_hazard",0.103742569621118,1.39610082442887,1.77490182212802,0.598636775119457,0.736666666666667,0,0.630729932803069
"c3_floor_n300_ni_r069",3,"floor",300,FALSE,69,"v2_cohort_posterior_hazard",0.105865375826169,1.67431463355647,2.00895860206156,0.567262989627493,0.716666666666667,0,0.557930696798566
"c3_floor_n300_ni_r070",3,"floor",300,FALSE,70,"v2_cohort_posterior_hazard",0.0955979583391079,1.32427020976152,1.93007489246559,0.627815734229626,0.766666666666667,0,0.526508634098556
"c3_floor_n300_ni_r071",3,"floor",300,FALSE,71,"v2_cohort_posterior_hazard",0.085574425530589,1.37583946196871,2.10782134940016,0.608306265896468,0.733333333333333,0,0.688077865738877
"c3_floor_n300_ni_r072",3,"floor",300,FALSE,72,"v2_cohort_posterior_hazard",0.0924956694117484,1.5225911091106,2.20701407530973,0.607764713164773,0.743333333333333,0,0.509411384459835
"c3_floor_n300_ni_r073",3,"floor",300,FALSE,73,"v2_cohort_posterior_hazard",0.108012328255487,1.26794365766096,1.81058494472549,0.554602424195559,0.68,0,0.614806480634646
"c3_floor_n300_ni_r074",3,"floor",300,FALSE,74,"v2_cohort_posterior_hazard",0.0701363260122192,1.42437252184755,2.83406091153952,0.612107850902795,0.723333333333333,0,0.640301854162858
"c3_floor_n300_ni_r075",3,"floor",300,FALSE,75,"v2_cohort_posterior_hazard",0.110141091635652,1.35573725172056,1.56168642058519,0.567687294610493,0.71,0,0.616999768134541
"c3_floor_n300_ni_r076",3,"floor",300,FALSE,76,"v2_cohort_posterior_hazard",0.108435390723956,1.45517158329337,1.83786326608721,0.6011743946811,0.746666666666667,0,0.590938428041267
"c3_floor_n300_ni_r077",3,"floor",300,FALSE,77,"v2_cohort_posterior_hazard",0.0900300666657872,1.64050624298877,2.08209169550361,0.588324457358707,0.726666666666667,0,0.597800886347862
"c3_floor_n300_ni_r078",3,"floor",300,FALSE,78,"v2_cohort_posterior_hazard",0.105461193663763,1.60934587517065,1.99838722573513,0.569057171689134,0.71,0,0.654542748347732
"c3_floor_n300_ni_r079",3,"floor",300,FALSE,79,"v2_cohort_posterior_hazard",0.101215326547181,1.335425801395,1.82207220431093,0.586478607321473,0.716666666666667,0,0.577635624342726
"c3_floor_n300_ni_r080",3,"floor",300,FALSE,80,"v2_cohort_posterior_hazard",0.123404169244564,1.37677816574644,1.36591497920706,0.562626365425003,0.716666666666667,0,0.500694119638293
"c3_floor_n300_ni_r081",3,"floor",300,FALSE,81,"v2_cohort_posterior_hazard",0.127156829001726,1.28941233341711,1.32937219713311,0.609394376452933,0.766666666666667,0,0.602217617039518
"c3_floor_n300_ni_r082",3,"floor",300,FALSE,82,"v2_cohort_posterior_hazard",0.10896753656543,1.32816429856987,1.76836618610497,0.578337865771315,0.713333333333333,0,0.576629897773384
"c3_floor_n300_ni_r083",3,"floor",300,FALSE,83,"v2_cohort_posterior_hazard",0.11022406159271,1.39946405337997,1.49777508564069,0.575609304209285,0.723333333333333,0,0.537427338094046
"c3_floor_n300_ni_r084",3,"floor",300,FALSE,84,"v2_cohort_posterior_hazard",0.100806136073152,1.58332768176047,1.63962265879452,0.596726750381242,0.746666666666667,0,0.577483771014008
"c3_floor_n300_ni_r085",3,"floor",300,FALSE,85,"v2_cohort_posterior_hazard",0.101503065061058,1.5025076580476,2.00609134913114,0.581006649937368,0.726666666666667,0,0.559798292574295
"c3_floor_n300_ni_r086",3,"floor",300,FALSE,86,"v2_cohort_posterior_hazard",0.113786473285659,1.22298089655684,1.53628749426213,0.579155599503837,0.716666666666667,0,0.506090123968342
"c3_floor_n300_ni_r087",3,"floor",300,FALSE,87,"v2_cohort_posterior_hazard",0.106156154240471,1.12681513903011,1.61625566337814,0.613066602406162,0.743333333333333,0,0.520305809496319
"c3_floor_n300_ni_r088",3,"floor",300,FALSE,88,"v2_cohort_posterior_hazard",0.0886248746811048,2.24707610726654,2.95845842300365,0.597422710133869,0.743333333333333,0,0.592815624839771
"c3_floor_n300_ni_r089",3,"floor",300,FALSE,89,"v2_cohort_posterior_hazard",0.0900299171914858,1.92228995377928,2.12734682172421,0.567803795278061,0.716666666666667,0,0.626676442097
"c3_floor_n300_ni_r090",3,"floor",300,FALSE,90,"v2_cohort_posterior_hazard",0.11142273539001,1.29673680631304,1.35503871643374,0.621631674014727,0.77,0,0.584029234635973
"c3_floor_n300_ni_r091",3,"floor",300,FALSE,91,"v2_cohort_posterior_hazard",0.10894462067642,1.14585436950175,1.47521818107582,0.577435307355897,0.703333333333333,0,0.674599268463728
"c3_floor_n300_ni_r092",3,"floor",300,FALSE,92,"v2_cohort_posterior_hazard",0.0971213355935961,1.24532977246835,1.97186702418827,0.576635192882707,0.696666666666667,0,0.543423996898633
"c3_floor_n300_ni_r093",3,"floor",300,FALSE,93,"v2_cohort_posterior_hazard",0.107885763073385,1.31840302031016,1.74048268388708,0.579754555758782,0.716666666666667,0,0.597470578712196
"c3_floor_n300_ni_r094",3,"floor",300,FALSE,94,"v2_cohort_posterior_hazard",0.12109038021323,1.33476502233463,1.48780722308021,0.575348259726024,0.726666666666667,0,0.573611664674224
"c3_floor_n300_ni_r095",3,"floor",300,FALSE,95,"v2_cohort_posterior_hazard",0.122299906966132,1.39685673234787,1.47453326478044,0.62371557994492,0.783333333333333,0,0.618099948070198
"c3_floor_n300_ni_r096",3,"floor",300,FALSE,96,"v2_cohort_posterior_hazard",0.103057956251234,1.30292963784682,1.81676869353017,0.581722909412993,0.713333333333333,0,0.554145527236493
"c3_floor_n300_ni_r097",3,"floor",300,FALSE,97,"v2_cohort_posterior_hazard",0.100899335171199,1.29192929636876,1.60235700520024,0.592986302582408,0.726666666666667,0,0.546934509066815
"c3_floor_n300_ni_r098",3,"floor",300,FALSE,98,"v2_cohort_posterior_hazard",0.0945995453986004,1.44869744250449,1.76809481062762,0.596531429199479,0.733333333333333,0,0.578510119069258
"c3_floor_n300_ni_r099",3,"floor",300,FALSE,99,"v2_cohort_posterior_hazard",0.0961243188045746,1.45517171989225,1.84981978804106,0.607094190699691,0.753333333333333,0,0.541265121856821
"c3_floor_n300_ni_r100",3,"floor",300,FALSE,100,"v2_cohort_posterior_hazard",0.115817824530263,1.46087434879516,1.62473859546981,0.604201057262975,0.76,0,0.527663633853839
"c4_floor_n150_inf_r001",4,"floor",150,TRUE,1,"v2_cohort_posterior_hazard",0.0948949939035168,0.948232999122037,2.19460400596916,0.433281963979737,0.493333333333333,0,0.579562335049025
"c4_floor_n150_inf_r002",4,"floor",150,TRUE,2,"v2_cohort_posterior_hazard",0.110727192759869,0.702121407933881,1.87582011612655,0.43974995809497,0.493333333333333,0,0.614449581893901
"c4_floor_n150_inf_r003",4,"floor",150,TRUE,3,"v2_cohort_posterior_hazard",0.0739502080876372,1.01694992058863,2.57192991962567,0.38756310233492,0.426666666666667,0,0.677763135956814
"c4_floor_n150_inf_r004",4,"floor",150,TRUE,4,"v2_cohort_posterior_hazard",0.0676161401679594,0.67418903164775,2.66953248878423,0.517743072350371,0.56,0,0.5500838869046
"c4_floor_n150_inf_r005",4,"floor",150,TRUE,5,"v2_cohort_posterior_hazard",0.0757162071601412,1.06044659451603,2.44937217632976,0.456811897999908,0.5,0,0.669505235037867
"c4_floor_n150_inf_r006",4,"floor",150,TRUE,6,"v2_cohort_posterior_hazard",0.0886218519353782,0.821926955199697,2.26866621692515,0.478007123314485,0.526666666666667,0,0.625753101791657
"c4_floor_n150_inf_r007",4,"floor",150,TRUE,7,"v2_cohort_posterior_hazard",0.0891209691346622,1.16722912615088,2.71448076589464,0.471364405193589,0.526666666666667,0,0.597713380846095
"c4_floor_n150_inf_r008",4,"floor",150,TRUE,8,"v2_cohort_posterior_hazard",0.109705478035682,0.636462693071687,1.63711330847499,0.398329791736874,0.446666666666667,0,0.606773665297655
"c4_floor_n150_inf_r009",4,"floor",150,TRUE,9,"v2_cohort_posterior_hazard",0.11056257344735,0.749523494760007,1.88489168394643,0.385013959053025,0.42,0,0.643305713506176
"c4_floor_n150_inf_r010",4,"floor",150,TRUE,10,"v2_cohort_posterior_hazard",0.0763671014651053,1.02789263402053,2.5439485892514,0.479069582824731,0.54,0,0.641977778194224
"c4_floor_n150_inf_r011",4,"floor",150,TRUE,11,"v2_cohort_posterior_hazard",0.0835910582307564,0.689968405946647,2.22231964358176,0.488978562667338,0.533333333333333,0,0.626179761864767
"c4_floor_n150_inf_r012",4,"floor",150,TRUE,12,"v2_cohort_posterior_hazard",0.0807550392497635,1.02687295242459,2.30224621763565,0.442662862739161,0.5,0,0.599920785417983
"c4_floor_n150_inf_r013",4,"floor",150,TRUE,13,"v2_cohort_posterior_hazard",0.0716929085832061,0.575648731205524,2.50856200729081,0.42813183910566,0.453333333333333,0,0.621010186141777
"c4_floor_n150_inf_r014",4,"floor",150,TRUE,14,"v2_cohort_posterior_hazard",0.110327696574636,0.705896727633438,1.4836911971617,0.507442668226104,0.586666666666667,0,0.625223715721091
"c4_floor_n150_inf_r015",4,"floor",150,TRUE,15,"v2_cohort_posterior_hazard",0.0798800028789563,0.92944838616479,2.83422877559075,0.405293003297924,0.44,0,0.643547428064265
"c4_floor_n150_inf_r016",4,"floor",150,TRUE,16,"v2_cohort_posterior_hazard",0.103305571704172,0.570427366929098,1.79688616107124,0.465413011695003,0.513333333333333,0,0.587070226184156
"c4_floor_n150_inf_r017",4,"floor",150,TRUE,17,"v2_cohort_posterior_hazard",0.0783149433947407,0.808285047363436,2.57490931417225,0.508302162089923,0.56,0,0.681674667309562
"c4_floor_n150_inf_r018",4,"floor",150,TRUE,18,"v2_cohort_posterior_hazard",0.101958580770121,0.617738248912821,1.81972917668544,0.446556570895506,0.493333333333333,0,0.644374743122394
"c4_floor_n150_inf_r019",4,"floor",150,TRUE,19,"v2_cohort_posterior_hazard",0.0748668748289342,1.76241993122243,3.35616281602186,0.477555352630294,0.54,0,0.674721193427361
"c4_floor_n150_inf_r020",4,"floor",150,TRUE,20,"v2_cohort_posterior_hazard",0.0881952604303321,0.737307694929361,2.39455842468026,0.474112866407924,0.52,0,0.449356976583175
"c4_floor_n150_inf_r021",4,"floor",150,TRUE,21,"v2_cohort_posterior_hazard",0.0824355792311282,1.19456212810885,2.75257743088464,0.47940568301575,0.54,0,0.6235776473678
"c4_floor_n150_inf_r022",4,"floor",150,TRUE,22,"v2_cohort_posterior_hazard",0.0734627461892836,0.922287467911168,2.494057660353,0.4198021508519,0.46,0,0.629015315029043
"c4_floor_n150_inf_r023",4,"floor",150,TRUE,23,"v2_cohort_posterior_hazard",0.0991659844897353,0.754524694812553,2.33247087820512,0.488028376992862,0.546666666666667,0,0.609279818360325
"c4_floor_n150_inf_r024",4,"floor",150,TRUE,24,"v2_cohort_posterior_hazard",0.0954620414898823,0.657887132480332,1.53100456239108,0.479722710801626,0.54,0,0.57814158676516
"c4_floor_n150_inf_r025",4,"floor",150,TRUE,25,"v2_cohort_posterior_hazard",0.0836946905641339,1.49547795582392,3.11538308630843,0.454664040978462,0.506666666666667,0,0.681128451245035
"c4_floor_n150_inf_r026",4,"floor",150,TRUE,26,"v2_cohort_posterior_hazard",0.0971159008803247,0.735788584102459,2.35562872984559,0.481636310160505,0.546666666666667,0,0.591930540669626
"c4_floor_n150_inf_r027",4,"floor",150,TRUE,27,"v2_cohort_posterior_hazard",0.100592894647863,0.95677365199115,2.24167960097769,0.446150992043683,0.506666666666667,0,0.665351062655224
"c4_floor_n150_inf_r028",4,"floor",150,TRUE,28,"v2_cohort_posterior_hazard",0.0998617980824974,0.913434395231318,2.46095607453587,0.451980248006527,0.506666666666667,0,0.614983773295192
"c4_floor_n150_inf_r029",4,"floor",150,TRUE,29,"v2_cohort_posterior_hazard",0.0871853090592581,0.852057410528156,1.88046469904473,0.509522737310266,0.58,0,0.620752020469442
"c4_floor_n150_inf_r030",4,"floor",150,TRUE,30,"v2_cohort_posterior_hazard",0.0825500895283439,1.29735907499662,2.90872361762991,0.480594009339055,0.533333333333333,0,0.617408897022542
"c4_floor_n150_inf_r031",4,"floor",150,TRUE,31,"v2_cohort_posterior_hazard",0.11744314381773,0.665480371029256,1.49793522438545,0.416548030069265,0.48,0,0.638307028380785
"c4_floor_n150_inf_r032",4,"floor",150,TRUE,32,"v2_cohort_posterior_hazard",0.0695328232570392,0.977867844570617,2.530671379681,0.509379757735204,0.573333333333333,0,0.69092398441309
"c4_floor_n150_inf_r033",4,"floor",150,TRUE,33,"v2_cohort_posterior_hazard",0.0775231722853201,0.771812046313968,2.29685027461178,0.482093880604822,0.526666666666667,0,0.616045859443633
"c4_floor_n150_inf_r034",4,"floor",150,TRUE,34,"v2_cohort_posterior_hazard",0.0926669961575613,1.01969234110532,3.90951030657309,0.515431991956323,0.566666666666667,0,0.604264190403477
"c4_floor_n150_inf_r035",4,"floor",150,TRUE,35,"v2_cohort_posterior_hazard",0.09254535813564,0.688486430205568,1.90270482715641,0.469455055477299,0.52,0,0.590787566446188
"c4_floor_n150_inf_r036",4,"floor",150,TRUE,36,"v2_cohort_posterior_hazard",0.0759919181314348,0.792565753759939,2.13678322272488,0.411581154341309,0.453333333333333,0,0.587265982453179
"c4_floor_n150_inf_r037",4,"floor",150,TRUE,37,"v2_cohort_posterior_hazard",0.0826334585664007,0.900804599776854,2.42124485728705,0.461465007276813,0.513333333333333,0,0.618324930588592
"c4_floor_n150_inf_r038",4,"floor",150,TRUE,38,"v2_cohort_posterior_hazard",0.0952058766210264,0.916343837926165,2.09880847913897,0.437503851703794,0.486666666666667,0,0.622110179614762
"c4_floor_n150_inf_r039",4,"floor",150,TRUE,39,"v2_cohort_posterior_hazard",0.0873335720698997,0.772376593677105,1.92947821848218,0.484756069564414,0.54,0,0.580143448361077
"c4_floor_n150_inf_r040",4,"floor",150,TRUE,40,"v2_cohort_posterior_hazard",0.11838100412922,0.495815766030047,1.60546665328669,0.480273298386979,0.526666666666667,0,0.670069860737904
"c4_floor_n150_inf_r041",4,"floor",150,TRUE,41,"v2_cohort_posterior_hazard",0.116537627665672,0.574551488003317,1.47401342399817,0.433428263636438,0.486666666666667,0,0.609912205440401
"c4_floor_n150_inf_r042",4,"floor",150,TRUE,42,"v2_cohort_posterior_hazard",0.0776333803447179,0.917574256031346,2.6456849657566,0.495189575626186,0.553333333333333,0,0.647497076234858
"c4_floor_n150_inf_r043",4,"floor",150,TRUE,43,"v2_cohort_posterior_hazard",0.087025748859538,0.953548924830988,2.39596536315452,0.500197933873224,0.566666666666667,0,0.569546861641016
"c4_floor_n150_inf_r044",4,"floor",150,TRUE,44,"v2_cohort_posterior_hazard",0.0668853644536695,0.712157164667524,2.3207575266193,0.534688628158138,0.586666666666667,0,0.639558510744522
"c4_floor_n150_inf_r045",4,"floor",150,TRUE,45,"v2_cohort_posterior_hazard",0.0821229689825985,0.994410269016245,2.26829290537379,0.424351547050021,0.473333333333333,0,0.655271391492793
"c4_floor_n150_inf_r046",4,"floor",150,TRUE,46,"v2_cohort_posterior_hazard",0.104439997624578,0.826325027640461,1.95882179957889,0.473461913811075,0.54,0,0.717275661818208
"c4_floor_n150_inf_r047",4,"floor",150,TRUE,47,"v2_cohort_posterior_hazard",0.0629453346327936,0.786599432651956,2.6931959176545,0.480491391849009,0.526666666666667,0,0.604962083440115
"c4_floor_n150_inf_r048",4,"floor",150,TRUE,48,"v2_cohort_posterior_hazard",0.075191519408771,1.02289280845997,2.48115899490667,0.524348392341082,0.586666666666667,0,0.617747804714801
"c4_floor_n150_inf_r049",4,"floor",150,TRUE,49,"v2_cohort_posterior_hazard",0.09169133712349,0.899699114878095,2.16022511354275,0.500786409032484,0.573333333333333,0,0.576492094331793
"c4_floor_n150_inf_r050",4,"floor",150,TRUE,50,"v2_cohort_posterior_hazard",0.0691928793743583,0.893101893648883,3.85002164070038,0.476374341108986,0.526666666666667,0,0.578980509202519
"c4_floor_n150_inf_r051",4,"floor",150,TRUE,51,"v2_cohort_posterior_hazard",0.0773830475265169,1.59051087875097,2.84603238202892,0.531030345200419,0.606666666666667,0,0.694186315992107
"c4_floor_n150_inf_r052",4,"floor",150,TRUE,52,"v2_cohort_posterior_hazard",0.102928246626553,0.857402456106653,2.15431041867399,0.371381388017345,0.42,0,0.697922866238356
"c4_floor_n150_inf_r053",4,"floor",150,TRUE,53,"v2_cohort_posterior_hazard",0.111009670582549,0.893595200880903,2.15533664486511,0.36354331810133,0.406666666666667,0,0.640318262237628
"c4_floor_n150_inf_r054",4,"floor",150,TRUE,54,"v2_cohort_posterior_hazard",0.09352816992376,0.76040005859621,2.18299827033591,0.465922745525693,0.513333333333333,0,0.681254594306134
"c4_floor_n150_inf_r055",4,"floor",150,TRUE,55,"v2_cohort_posterior_hazard",0.107602721366897,0.801603774339227,2.25255891784882,0.45311257745723,0.506666666666667,0,0.647574556202882
"c4_floor_n150_inf_r056",4,"floor",150,TRUE,56,"v2_cohort_posterior_hazard",0.086440260676598,0.623838707284759,2.15984825072174,0.543927296146339,0.6,0,0.720410202149143
"c4_floor_n150_inf_r057",4,"floor",150,TRUE,57,"v2_cohort_posterior_hazard",0.086295931758831,1.07476201215394,2.55101289485409,0.408861632621465,0.46,0,0.612073764698965
"c4_floor_n150_inf_r058",4,"floor",150,TRUE,58,"v2_cohort_posterior_hazard",0.0904120722281976,0.593037736619994,2.31679857699608,0.480688866457077,0.526666666666667,0,0.565898041751747
"c4_floor_n150_inf_r059",4,"floor",150,TRUE,59,"v2_cohort_posterior_hazard",0.0718721821648551,1.16802996562513,2.69936339885539,0.477028855966478,0.533333333333333,0,0.633562043113491
"c4_floor_n150_inf_r060",4,"floor",150,TRUE,60,"v2_cohort_posterior_hazard",0.128861886966724,0.631933107942541,1.49087071500769,0.480148826534859,0.553333333333333,0,0.570296768388137
"c4_floor_n150_inf_r061",4,"floor",150,TRUE,61,"v2_cohort_posterior_hazard",0.0923129549638756,1.84671257007134,2.93443991743422,0.451923106912435,0.533333333333333,0,0.615554549400144
"c4_floor_n150_inf_r062",4,"floor",150,TRUE,62,"v2_cohort_posterior_hazard",0.0961071790902589,0.807320943077742,1.9130280438588,0.502398565073719,0.566666666666667,0,0.648686249855973
"c4_floor_n150_inf_r063",4,"floor",150,TRUE,63,"v2_cohort_posterior_hazard",0.0781249717781764,1.18421929824926,2.7988453416503,0.448219241625347,0.506666666666667,0,0.537473668582221
"c4_floor_n150_inf_r064",4,"floor",150,TRUE,64,"v2_cohort_posterior_hazard",0.0820101651604551,0.749135813146578,2.14933557933193,0.410147157571358,0.44,0,0.628035290967418
"c4_floor_n150_inf_r065",4,"floor",150,TRUE,65,"v2_cohort_posterior_hazard",0.0821785114897175,1.01493048182628,2.52840306295925,0.486448230304583,0.533333333333333,0,0.697747386196952
"c4_floor_n150_inf_r066",4,"floor",150,TRUE,66,"v2_cohort_posterior_hazard",0.0698118295645692,0.759954315578381,2.95574033933179,0.477664430641239,0.513333333333333,0,0.649502425952525
"c4_floor_n150_inf_r067",4,"floor",150,TRUE,67,"v2_cohort_posterior_hazard",0.116474304376039,0.688844545137096,2.06445315749904,0.465729731252314,0.52,0,0.616281282433051
"c4_floor_n150_inf_r068",4,"floor",150,TRUE,68,"v2_cohort_posterior_hazard",0.120086724839899,0.51025894371337,1.77646888186136,0.46636679966438,0.513333333333333,0,0.566617901097636
"c4_floor_n150_inf_r069",4,"floor",150,TRUE,69,"v2_cohort_posterior_hazard",0.0755146515891215,1.26544348482191,2.9772334782536,0.482606725398098,0.553333333333333,0,0.617981572182451
"c4_floor_n150_inf_r070",4,"floor",150,TRUE,70,"v2_cohort_posterior_hazard",0.0994770212868368,0.703861299502844,1.97188804873927,0.545844003548115,0.613333333333333,0,0.630679586919012
"c4_floor_n150_inf_r071",4,"floor",150,TRUE,71,"v2_cohort_posterior_hazard",0.0832242699411614,0.733875462590988,2.68280627759303,0.498036425812664,0.553333333333333,0,0.641012176413852
"c4_floor_n150_inf_r072",4,"floor",150,TRUE,72,"v2_cohort_posterior_hazard",0.0777216265154731,1.08572676141535,2.64125198766431,0.448636784624593,0.493333333333333,0,0.606774261465393
"c4_floor_n150_inf_r073",4,"floor",150,TRUE,73,"v2_cohort_posterior_hazard",0.0966724626633468,0.699611901508848,1.72635227555993,0.444272473941126,0.5,0,0.699401091007084
"c4_floor_n150_inf_r074",4,"floor",150,TRUE,74,"v2_cohort_posterior_hazard",0.0780312986059971,0.904880180405816,2.47816621779555,0.392778373410296,0.426666666666667,0,0.562458480214457
"c4_floor_n150_inf_r075",4,"floor",150,TRUE,75,"v2_cohort_posterior_hazard",0.099450397698466,0.520417308795575,2.12920307779458,0.460924163510416,0.493333333333333,0,0.678952161419801
"c4_floor_n150_inf_r076",4,"floor",150,TRUE,76,"v2_cohort_posterior_hazard",0.0696239789807535,1.71272585620168,3.71838738408647,0.452633867597609,0.513333333333333,0,0.646235402562477
"c4_floor_n150_inf_r077",4,"floor",150,TRUE,77,"v2_cohort_posterior_hazard",0.089427728417427,0.694643239534024,2.01537400774524,0.502081327484315,0.546666666666667,0,0.619429218882805
"c4_floor_n150_inf_r078",4,"floor",150,TRUE,78,"v2_cohort_posterior_hazard",0.103250778161844,0.640567533011728,1.71071074509797,0.440429218564946,0.493333333333333,0,0.662252324583364
"c4_floor_n150_inf_r079",4,"floor",150,TRUE,79,"v2_cohort_posterior_hazard",0.0787126827699496,1.08377205347808,2.49890733968574,0.459991698527551,0.506666666666667,0,0.722999873251435
"c4_floor_n150_inf_r080",4,"floor",150,TRUE,80,"v2_cohort_posterior_hazard",0.0822984032447911,0.996670322053739,2.56841525345287,0.439206701746663,0.48,0,0.606020504481657
"c4_floor_n150_inf_r081",4,"floor",150,TRUE,81,"v2_cohort_posterior_hazard",0.074220863440306,0.741429412572519,2.50887039040457,0.465824004828764,0.513333333333333,0,0.612659027785045
"c4_floor_n150_inf_r082",4,"floor",150,TRUE,82,"v2_cohort_posterior_hazard",0.105650739861711,0.499407028920253,1.73434118653293,0.525969116565928,0.58,0,0.59472632686045
"c4_floor_n150_inf_r083",4,"floor",150,TRUE,83,"v2_cohort_posterior_hazard",0.0993849214198676,0.854828895565733,2.01493853245596,0.468343226554571,0.526666666666667,0,0.650757353931219
"c4_floor_n150_inf_r084",4,"floor",150,TRUE,84,"v2_cohort_posterior_hazard",0.0911272193757752,0.989561739618388,2.15364463195032,0.453679145056129,0.52,0,0.585961205826662
"c4_floor_n150_inf_r085",4,"floor",150,TRUE,85,"v2_cohort_posterior_hazard",0.0842304031646332,0.587792975321821,2.15538797869991,0.483655137656509,0.533333333333333,0,0.550250802587149
"c4_floor_n150_inf_r086",4,"floor",150,TRUE,86,"v2_cohort_posterior_hazard",0.102641726679687,0.798092959508635,1.98815778234465,0.527587448384364,0.593333333333333,0,0.585061868891376
"c4_floor_n150_inf_r087",4,"floor",150,TRUE,87,"v2_cohort_posterior_hazard",0.0833167029201885,0.875543422705955,2.72872621076656,0.4138901510991,0.453333333333333,0,0.625684133917599
"c4_floor_n150_inf_r088",4,"floor",150,TRUE,88,"v2_cohort_posterior_hazard",0.0867755559848679,0.677617119512863,1.74459777803708,0.468028637731303,0.52,0,0.66945137364179
"c4_floor_n150_inf_r089",4,"floor",150,TRUE,89,"v2_cohort_posterior_hazard",0.102744598191734,0.781454677927077,2.08264182748674,0.511367435025802,0.58,0,0.707079993038782
"c4_floor_n150_inf_r090",4,"floor",150,TRUE,90,"v2_cohort_posterior_hazard",0.064835352905172,0.676522530144619,2.94074640587128,0.476332201939297,0.506666666666667,0,0.66881136110631
"c4_floor_n150_inf_r091",4,"floor",150,TRUE,91,"v2_cohort_posterior_hazard",0.0736841798130036,1.03841045990296,2.61478397972411,0.482453528145629,0.533333333333333,0,0.638414063929634
"c4_floor_n150_inf_r092",4,"floor",150,TRUE,92,"v2_cohort_posterior_hazard",0.0875908781027026,0.644445104505634,2.0295857657803,0.469508089106447,0.5,0,0.594017429318375
"c4_floor_n150_inf_r093",4,"floor",150,TRUE,93,"v2_cohort_posterior_hazard",0.089298422420685,0.817946643720078,2.24374023543377,0.496694972599392,0.553333333333333,0,0.602987933963228
"c4_floor_n150_inf_r094",4,"floor",150,TRUE,94,"v2_cohort_posterior_hazard",0.122452729476685,0.734316747980629,1.66836498913378,0.413200281136875,0.473333333333333,0,0.669078721603811
"c4_floor_n150_inf_r095",4,"floor",150,TRUE,95,"v2_cohort_posterior_hazard",0.0913668483977631,0.616731575850878,1.80226182374062,0.45621716593254,0.506666666666667,0,0.585384756428782
"c4_floor_n150_inf_r096",4,"floor",150,TRUE,96,"v2_cohort_posterior_hazard",0.0625291497255402,1.63250664450052,3.59636136516526,0.485002490893209,0.533333333333333,0,0.630434353187151
"c4_floor_n150_inf_r097",4,"floor",150,TRUE,97,"v2_cohort_posterior_hazard",0.0848278052196332,1.00958139957534,2.70938686519186,0.441593848340895,0.493333333333333,0,0.648589260500998
"c4_floor_n150_inf_r098",4,"floor",150,TRUE,98,"v2_cohort_posterior_hazard",0.0963470974922278,0.835246439904584,2.1993615852203,0.402068999827282,0.446666666666667,0,0.701865375936597
"c4_floor_n150_inf_r099",4,"floor",150,TRUE,99,"v2_cohort_posterior_hazard",0.0774843278907783,0.880652712941064,2.16955837650768,0.375494147720887,0.42,0,0.578290401519545
"c4_floor_n150_inf_r100",4,"floor",150,TRUE,100,"v2_cohort_posterior_hazard",0.0950412119158733,0.714279394226086,2.21171205629612,0.507497374096241,0.566666666666667,0,0.591764984368625
"c5_threshold_n150_ni_r001",5,"threshold",150,FALSE,1,"v2_cohort_posterior_hazard",0.0266884278603052,2.33743904467296,4.76408009106975,0.668632533628307,0.706666666666667,60,0.491001811980845
"c5_threshold_n150_ni_r002",5,"threshold",150,FALSE,2,"v2_cohort_posterior_hazard",0.0319323625885634,1.75044777891543,1.72403664105016,0.680003429250205,0.733333333333333,180,0.635756395899402
"c5_threshold_n150_ni_r003",5,"threshold",150,FALSE,3,"v2_cohort_posterior_hazard",0.0139143626572953,17.1224637385584,44.8517141365284,0.676257595371911,0.706666666666667,42,0.416993549980355
"c5_threshold_n150_ni_r004",5,"threshold",150,FALSE,4,"v2_cohort_posterior_hazard",0.0401680933117043,0.91569193042216,1.27015609594774,0.728529356892925,0.773333333333333,339,0.509249926066113
"c5_threshold_n150_ni_r005",5,"threshold",150,FALSE,5,"v2_cohort_posterior_hazard",0.0262561418339788,1.84339946469168,2.07700774888825,0.675634590162112,0.706666666666667,83,0.496633680959474
"c5_threshold_n150_ni_r006",5,"threshold",150,FALSE,6,"v2_cohort_posterior_hazard",0.0265770961791126,0.718938768994746,1.98715518808262,0.65513958687789,0.68,168,0.584626782356343
"c5_threshold_n150_ni_r007",5,"threshold",150,FALSE,7,"v2_cohort_posterior_hazard",0.0538784636657248,1.41160357121311,1.61763867222917,0.619633605294784,0.68,86,0.617712448408405
"c5_threshold_n150_ni_r008",5,"threshold",150,FALSE,8,"v2_cohort_posterior_hazard",0.0532910438842585,1.30805431615586,1.56869169579789,0.666510475965613,0.733333333333333,202,0.573393211683447
"c5_threshold_n150_ni_r009",5,"threshold",150,FALSE,9,"v2_cohort_posterior_hazard",0.0394086026405612,1.24283709469317,1.81491034882333,0.722602923520913,0.773333333333333,160,0.517075985026497
"c5_threshold_n150_ni_r010",5,"threshold",150,FALSE,10,"v2_cohort_posterior_hazard",0.0376469395901411,1.63590061724824,2.05834285062586,0.677848360945222,0.726666666666667,63,0.5952738462533
"c5_threshold_n150_ni_r011",5,"threshold",150,FALSE,11,"v2_cohort_posterior_hazard",0.0402548932530772,0.988900182976976,1.76716679473584,0.671747099722465,0.713333333333333,154,0.599514402243885
"c5_threshold_n150_ni_r012",5,"threshold",150,FALSE,12,"v2_cohort_posterior_hazard",0.0256181027726246,1.35592724209407,3.43531580829663,0.69941970242675,0.726666666666667,60,0.553215499053851
"c5_threshold_n150_ni_r013",5,"threshold",150,FALSE,13,"v2_cohort_posterior_hazard",0.029951783867,2.20422928867503,1.84662946217775,0.768991792762067,0.82,153,0.531192312574985
"c5_threshold_n150_ni_r014",5,"threshold",150,FALSE,14,"v2_cohort_posterior_hazard",0.0109623690159397,24.1573349408793,45.6857455295986,0.743581811610965,0.76,41,0.499103671581425
"c5_threshold_n150_ni_r015",5,"threshold",150,FALSE,15,"v2_cohort_posterior_hazard",0.0357214648970644,0.988418418217526,1.39527405353008,0.68344590242381,0.726666666666667,136,0.575579992904445
"c5_threshold_n150_ni_r017",5,"threshold",150,FALSE,17,"v2_cohort_posterior_hazard",0.0316259297593935,1.60426675721759,2.75902404027985,0.686501635558776,0.726666666666667,87,0.515868150811303
"c5_threshold_n150_ni_r018",5,"threshold",150,FALSE,18,"v2_cohort_posterior_hazard",0.0371659078826625,1.58915634986465,1.61990439534019,0.680588752639454,0.726666666666667,157,0.58799625426935
