"sbc","param","rank","L","ndiv","comp_fail"
1,"beta0",36,100,0,0
1,"beta1",59,100,0,0
1,"beta2",86,100,0,0
1,"beta_bm",93,100,0,0
1,"sigma_y",99,100,0,0
1,"tau0",83,100,0,0
1,"tau1",73,100,0,0
1,"gamma0",28,100,0,0
1,"gamma1",46,100,0,0
1,"gamma2",40,100,0,0
1,"alpha",3,100,0,0
2,"beta0",60,100,0,0
2,"beta1",90,100,0,0
2,"beta2",13,100,0,0
2,"beta_bm",22,100,0,0
2,"sigma_y",59,100,0,0
2,"tau0",81,100,0,0
2,"tau1",29,100,0,0
2,"gamma0",48,100,0,0
2,"gamma1",92,100,0,0
2,"gamma2",43,100,0,0
2,"alpha",74,100,0,0
3,"beta0",44,100,0,0
3,"beta1",48,100,0,0
3,"beta2",76,100,0,0
3,"beta_bm",81,100,0,0
3,"sigma_y",11,100,0,0
3,"tau0",48,100,0,0
3,"tau1",45,100,0,0
3,"gamma0",64,100,0,0
3,"gamma1",38,100,0,0
3,"gamma2",30,100,0,0
3,"alpha",56,100,0,0
4,"beta0",100,100,0,0
4,"beta1",51,100,0,0
4,"beta2",28,100,0,0
4,"beta_bm",31,100,0,0
4,"sigma_y",46,100,0,0
4,"tau0",45,100,0,0
4,"tau1",20,100,0,0
4,"gamma0",58,100,0,0
4,"gamma1",80,100,0,0
4,"gamma2",10,100,0,0
4,"alpha",56,100,0,0
5,"beta0",52,100,0,0
5,"beta1",9,100,0,0
5,"beta2",95,100,0,0
5,"beta_bm",46,100,0,0
5,"sigma_y",36,100,0,0
5,"tau0",32,100,0,0
5,"tau1",9,100,0,0
5,"gamma0",62,100,0,0
5,"gamma1",94,100,0,0
5,"gamma2",8,100,0,0
5,"alpha",81,100,0,0
6,"beta0",43,100,0,0
6,"beta1",73,100,0,0
6,"beta2",23,100,0,0
6,"beta_bm",48,100,0,0
6,"sigma_y",72,100,0,0
6,"tau0",35,100,0,0
6,"tau1",70,100,0,0
6,"gamma0",35,100,0,0
6,"gamma1",80,100,0,0
6,"gamma2",36,100,0,0
6,"alpha",42,100,0,0
7,"beta0",45,100,0,0
7,"beta1",96,100,0,0
7,"beta2",4,100,0,0
7,"beta_bm",11,100,0,0
7,"sigma_y",1,100,0,0
7,"tau0",92,100,0,0
7,"tau1",82,100,0,0
7,"gamma0",3,100,0,0
7,"gamma1",91,100,0,0
7,"gamma2",83,100,0,0
7,"alpha",49,100,0,0
8,"beta0",38,100,0,0
8,"beta1",58,100,0,0
8,"beta2",52,100,0,0
8,"beta_bm",29,100,0,0
8,"sigma_y",20,100,0,0
8,"tau0",7,100,0,0
8,"tau1",48,100,0,0
8,"gamma0",39,100,0,0
8,"gamma1",70,100,0,0
8,"gamma2",64,100,0,0
8,"alpha",85,100,0,0
9,"beta0",82,100,0,0
9,"beta1",8,100,0,0
9,"beta2",100,100,0,0
9,"beta_bm",73,100,0,0
9,"sigma_y",15,100,0,0
9,"tau0",17,100,0,0
9,"tau1",57,100,0,0
9,"gamma0",52,100,0,0
9,"gamma1",59,100,0,0
9,"gamma2",86,100,0,0
9,"alpha",51,100,0,0
10,"beta0",58,100,0,0
10,"beta1",59,100,0,0
10,"beta2",68,100,0,0
10,"beta_bm",77,100,0,0
10,"sigma_y",100,100,0,0
10,"tau0",18,100,0,0
10,"tau1",51,100,0,0
10,"gamma0",28,100,0,0
10,"gamma1",65,100,0,0
10,"gamma2",67,100,0,0
10,"alpha",37,100,0,0
11,"beta0",43,100,0,0
11,"beta1",82,100,0,0
11,"beta2",35,100,0,0
11,"beta_bm",20,100,0,0
11,"sigma_y",48,100,0,0
11,"tau0",29,100,0,0
11,"tau1",92,100,0,0
11,"gamma0",45,100,0,0
11,"gamma1",52,100,0,0
11,"gamma2",60,100,0,0
11,"alpha",33,100,0,0
12,"beta0",27,100,0,0
12,"beta1",47,100,0,0
12,"beta2",40,100,0,0
12,"beta_bm",84,100,0,0
12,"sigma_y",22,100,0,0
12,"tau0",52,100,0,0
12,"tau1",34,100,0,0
12,"gamma0",95,100,0,0
12,"gamma1",35,100,0,0
12,"gamma2",43,100,0,0
12,"alpha",91,100,0,0
13,"beta0",24,100,0,0
13,"beta1",29,100,0,0
13,"beta2",65,100,0,0
13,"beta_bm",55,100,0,0
13,"sigma_y",9,100,0,0
13,"tau0",45,100,0,0
13,"tau1",3,100,0,0
13,"gamma0",53,100,0,0
13,"gamma1",81,100,0,0
13,"gamma2",3,100,0,0
13,"alpha",52,100,0,0
14,"beta0",81,100,0,0
14,"beta1",64,100,0,0
14,"beta2",35,100,0,0
14,"beta_bm",2,100,0,0
14,"sigma_y",99,100,0,0
14,"tau0",0,100,0,0
14,"tau1",5,100,0,0
14,"gamma0",34,100,0,0
14,"gamma1",79,100,0,0
14,"gamma2",89,100,0,0
14,"alpha",60,100,0,0
15,"beta0",0,100,0,0
15,"beta1",95,100,0,0
15,"beta2",6,100,0,0
15,"beta_bm",88,100,0,0
15,"sigma_y",68,100,0,0
15,"tau0",48,100,0,0
15,"tau1",61,100,0,0
15,"gamma0",73,100,0,0
15,"gamma1",8,100,0,0
15,"gamma2",74,100,0,0
15,"alpha",70,100,0,0
16,"beta0",6,100,0,0
16,"beta1",48,100,0,0
16,"beta2",87,100,0,0
16,"beta_bm",86,100,0,0
16,"sigma_y",49,100,0,0
16,"tau0",45,100,0,0
16,"tau1",35,100,0,0
16,"gamma0",26,100,0,0
16,"gamma1",18,100,0,0
16,"gamma2",94,100,0,0
16,"alpha",46,100,0,0
17,"beta0",85,100,0,0
17,"beta1",91,100,0,0
17,"beta2",40,100,0,0
17,"beta_bm",96,100,0,0
17,"sigma_y",69,100,0,0
17,"tau0",98,100,0,0
17,"tau1",34,100,0,0
17,"gamma0",15,100,0,0
17,"gamma1",74,100,0,0
17,"gamma2",42,100,0,0
17,"alpha",29,100,0,0
18,"beta0",91,100,33,1
18,"beta1",66,100,33,1
18,"beta2",46,100,33,1
18,"beta_bm",40,100,33,1
18,"sigma_y",3,100,33,1
18,"tau0",31,100,33,1
18,"tau1",26,100,33,1
18,"gamma0",79,100,33,1
18,"gamma1",69,100,33,1
18,"gamma2",9,100,33,1
18,"alpha",71,100,33,1
19,"beta0",45,100,0,0
19,"beta1",100,100,0,0
19,"beta2",11,100,0,0
19,"beta_bm",4,100,0,0
19,"sigma_y",7,100,0,0
19,"tau0",60,100,0,0
19,"tau1",66,100,0,0
19,"gamma0",17,100,0,0
19,"gamma1",94,100,0,0
19,"gamma2",2,100,0,0
19,"alpha",11,100,0,0
20,"beta0",22,100,0,0
20,"beta1",77,100,0,0
20,"beta2",29,100,0,0
20,"beta_bm",87,100,0,0
20,"sigma_y",68,100,0,0
20,"tau0",24,100,0,0
20,"tau1",9,100,0,0
20,"gamma0",65,100,0,0
20,"gamma1",49,100,0,0
20,"gamma2",34,100,0,0
20,"alpha",51,100,0,0
21,"beta0",81,100,0,0
21,"beta1",29,100,0,0
21,"beta2",85,100,0,0
21,"beta_bm",5,100,0,0
21,"sigma_y",3,100,0,0
21,"tau0",16,100,0,0
21,"tau1",4,100,0,0
21,"gamma0",54,100,0,0
21,"gamma1",87,100,0,0
21,"gamma2",40,100,0,0
21,"alpha",46,100,0,0
22,"beta0",12,100,0,0
22,"beta1",87,100,0,0
22,"beta2",15,100,0,0
22,"beta_bm",55,100,0,0
22,"sigma_y",54,100,0,0
22,"tau0",37,100,0,0
22,"tau1",56,100,0,0
22,"gamma0",10,100,0,0
22,"gamma1",92,100,0,0
22,"gamma2",16,100,0,0
22,"alpha",21,100,0,0
23,"beta0",71,100,0,0
23,"beta1",50,100,0,0
23,"beta2",56,100,0,0
23,"beta_bm",98,100,0,0
23,"sigma_y",41,100,0,0
23,"tau0",69,100,0,0
23,"tau1",33,100,0,0
23,"gamma0",22,100,0,0
23,"gamma1",89,100,0,0
23,"gamma2",57,100,0,0
23,"alpha",17,100,0,0
24,"beta0",20,100,0,0
24,"beta1",25,100,0,0
24,"beta2",52,100,0,0
24,"beta_bm",94,100,0,0
24,"sigma_y",72,100,0,0
24,"tau0",36,100,0,0
24,"tau1",81,100,0,0
24,"gamma0",22,100,0,0
24,"gamma1",93,100,0,0
24,"gamma2",79,100,0,0
24,"alpha",37,100,0,0
25,"beta0",63,100,0,0
25,"beta1",72,100,0,0
25,"beta2",41,100,0,0
25,"beta_bm",13,100,0,0
25,"sigma_y",30,100,0,0
25,"tau0",22,100,0,0
25,"tau1",60,100,0,0
25,"gamma0",20,100,0,0
25,"gamma1",43,100,0,0
25,"gamma2",94,100,0,0
25,"alpha",67,100,0,0
26,"beta0",9,100,0,0
26,"beta1",47,100,0,0
26,"beta2",49,100,0,0
26,"beta_bm",99,100,0,0
26,"sigma_y",65,100,0,0
26,"tau0",59,100,0,0
26,"tau1",89,100,0,0
26,"gamma0",26,100,0,0
26,"gamma1",22,100,0,0
26,"gamma2",10,100,0,0
26,"alpha",9,100,0,0
27,"beta0",68,100,0,0
27,"beta1",46,100,0,0
27,"beta2",63,100,0,0
27,"beta_bm",33,100,0,0
27,"sigma_y",39,100,0,0
27,"tau0",76,100,0,0
27,"tau1",15,100,0,0
27,"gamma0",34,100,0,0
27,"gamma1",82,100,0,0
27,"gamma2",68,100,0,0
27,"alpha",76,100,0,0
28,"beta0",22,100,0,0
28,"beta1",4,100,0,0
28,"beta2",96,100,0,0
28,"beta_bm",89,100,0,0
28,"sigma_y",69,100,0,0
28,"tau0",97,100,0,0
28,"tau1",16,100,0,0
28,"gamma0",25,100,0,0
28,"gamma1",91,100,0,0
28,"gamma2",59,100,0,0
28,"alpha",55,100,0,0
29,"beta0",100,100,0,0
29,"beta1",12,100,0,0
29,"beta2",76,100,0,0
29,"beta_bm",0,100,0,0
29,"sigma_y",80,100,0,0
29,"tau0",92,100,0,0
29,"tau1",10,100,0,0
29,"gamma0",52,100,0,0
29,"gamma1",77,100,0,0
29,"gamma2",9,100,0,0
29,"alpha",58,100,0,0
30,"beta0",18,100,0,0
30,"beta1",74,100,0,0
30,"beta2",32,100,0,0
30,"beta_bm",86,100,0,0
30,"sigma_y",51,100,0,0
30,"tau0",70,100,0,0
30,"tau1",24,100,0,0
30,"gamma0",51,100,0,0
30,"gamma1",2,100,0,0
30,"gamma2",28,100,0,0
30,"alpha",52,100,0,0
31,"beta0",30,100,0,0
31,"beta1",31,100,0,0
31,"beta2",66,100,0,0
31,"beta_bm",96,100,0,0
31,"sigma_y",34,100,0,0
31,"tau0",76,100,0,0
31,"tau1",95,100,0,0
31,"gamma0",48,100,0,0
31,"gamma1",91,100,0,0
31,"gamma2",19,100,0,0
31,"alpha",98,100,0,0
32,"beta0",54,100,0,0
32,"beta1",81,100,0,0
32,"beta2",20,100,0,0
32,"beta_bm",5,100,0,0
32,"sigma_y",79,100,0,0
32,"tau0",43,100,0,0
32,"tau1",32,100,0,0
32,"gamma0",49,100,0,0
32,"gamma1",86,100,0,0
32,"gamma2",30,100,0,0
32,"alpha",71,100,0,0
33,"beta0",17,100,0,0
33,"beta1",100,100,0,0
33,"beta2",62,100,0,0
33,"beta_bm",100,100,0,0
33,"sigma_y",45,100,0,0
33,"tau0",88,100,0,0
33,"tau1",76,100,0,0
33,"gamma0",80,100,0,0
33,"gamma1",44,100,0,0
33,"gamma2",4,100,0,0
33,"alpha",85,100,0,0
34,"beta0",94,100,0,0
34,"beta1",66,100,0,0
34,"beta2",23,100,0,0
34,"beta_bm",12,100,0,0
34,"sigma_y",47,100,0,0
34,"tau0",3,100,0,0
34,"tau1",19,100,0,0
34,"gamma0",83,100,0,0
34,"gamma1",49,100,0,0
34,"gamma2",42,100,0,0
34,"alpha",94,100,0,0
35,"beta0",40,100,0,0
35,"beta1",37,100,0,0
35,"beta2",72,100,0,0
35,"beta_bm",54,100,0,0
35,"sigma_y",41,100,0,0
35,"tau0",39,100,0,0
35,"tau1",74,100,0,0
35,"gamma0",44,100,0,0
35,"gamma1",85,100,0,0
35,"gamma2",42,100,0,0
35,"alpha",64,100,0,0
36,"beta0",13,100,0,0
36,"beta1",74,100,0,0
36,"beta2",3,100,0,0
36,"beta_bm",35,100,0,0
36,"sigma_y",33,100,0,0
36,"tau0",53,100,0,0
36,"tau1",98,100,0,0
36,"gamma0",71,100,0,0
36,"gamma1",80,100,0,0
36,"gamma2",71,100,0,0
36,"alpha",91,100,0,0
37,"beta0",65,100,0,0
37,"beta1",15,100,0,0
37,"beta2",95,100,0,0
37,"beta_bm",42,100,0,0
37,"sigma_y",36,100,0,0
37,"tau0",86,100,0,0
37,"tau1",30,100,0,0
37,"gamma0",24,100,0,0
37,"gamma1",51,100,0,0
37,"gamma2",76,100,0,0
37,"alpha",30,100,0,0
38,"beta0",8,100,0,0
38,"beta1",58,100,0,0
38,"beta2",29,100,0,0
38,"beta_bm",74,100,0,0
38,"sigma_y",93,100,0,0
38,"tau0",80,100,0,0
38,"tau1",78,100,0,0
38,"gamma0",49,100,0,0
38,"gamma1",12,100,0,0
38,"gamma2",63,100,0,0
38,"alpha",53,100,0,0
39,"beta0",14,100,0,0
39,"beta1",46,100,0,0
39,"beta2",48,100,0,0
39,"beta_bm",79,100,0,0
39,"sigma_y",12,100,0,0
39,"tau0",43,100,0,0
39,"tau1",38,100,0,0
39,"gamma0",77,100,0,0
39,"gamma1",38,100,0,0
39,"gamma2",38,100,0,0
39,"alpha",55,100,0,0
40,"beta0",86,100,0,0
40,"beta1",41,100,0,0
40,"beta2",59,100,0,0
40,"beta_bm",25,100,0,0
40,"sigma_y",91,100,0,0
40,"tau0",28,100,0,0
40,"tau1",75,100,0,0
40,"gamma0",65,100,0,0
40,"gamma1",61,100,0,0
40,"gamma2",77,100,0,0
40,"alpha",32,100,0,0
41,"beta0",28,100,0,0
41,"beta1",9,100,0,0
41,"beta2",39,100,0,0
41,"beta_bm",29,100,0,0
41,"sigma_y",85,100,0,0
41,"tau0",2,100,0,0
41,"tau1",62,100,0,0
41,"gamma0",50,100,0,0
41,"gamma1",83,100,0,0
41,"gamma2",53,100,0,0
41,"alpha",85,100,0,0
42,"beta0",67,100,0,0
42,"beta1",47,100,0,0
42,"beta2",2,100,0,0
42,"beta_bm",4,100,0,0
42,"sigma_y",9,100,0,0
42,"tau0",53,100,0,0
42,"tau1",4,100,0,0
42,"gamma0",66,100,0,0
42,"gamma1",6,100,0,0
42,"gamma2",62,100,0,0
42,"alpha",6,100,0,0
43,"beta0",47,100,0,0
43,"beta1",33,100,0,0
43,"beta2",43,100,0,0
43,"beta_bm",50,100,0,0
43,"sigma_y",72,100,0,0
43,"tau0",92,100,0,0
43,"tau1",76,100,0,0
43,"gamma0",55,100,0,0
43,"gamma1",52,100,0,0
43,"gamma2",45,100,0,0
43,"alpha",47,100,0,0
44,"beta0",33,100,0,0
44,"beta1",27,100,0,0
44,"beta2",57,100,0,0
44,"beta_bm",71,100,0,0
44,"sigma_y",0,100,0,0
44,"tau0",63,100,0,0
44,"tau1",23,100,0,0
44,"gamma0",42,100,0,0
44,"gamma1",71,100,0,0
44,"gamma2",36,100,0,0
44,"alpha",54,100,0,0
45,"beta0",88,100,0,0
45,"beta1",4,100,0,0
45,"beta2",94,100,0,0
45,"beta_bm",69,100,0,0
45,"sigma_y",34,100,0,0
45,"tau0",20,100,0,0
45,"tau1",51,100,0,0
45,"gamma0",65,100,0,0
45,"gamma1",73,100,0,0
45,"gamma2",16,100,0,0
45,"alpha",61,100,0,0
46,"beta0",78,100,0,0
46,"beta1",30,100,0,0
46,"beta2",33,100,0,0
46,"beta_bm",32,100,0,0
46,"sigma_y",68,100,0,0
46,"tau0",19,100,0,0
46,"tau1",33,100,0,0
46,"gamma0",91,100,0,0
46,"gamma1",0,100,0,0
46,"gamma2",40,100,0,0
46,"alpha",13,100,0,0
47,"beta0",57,100,0,0
47,"beta1",49,100,0,0
47,"beta2",67,100,0,0
47,"beta_bm",23,100,0,0
47,"sigma_y",99,100,0,0
47,"tau0",34,100,0,0
47,"tau1",6,100,0,0
47,"gamma0",50,100,0,0
47,"gamma1",46,100,0,0
47,"gamma2",98,100,0,0
47,"alpha",48,100,0,0
48,"beta0",7,100,0,0
48,"beta1",78,100,0,0
48,"beta2",23,100,0,0
48,"beta_bm",97,100,0,0
48,"sigma_y",61,100,0,0
48,"tau0",91,100,0,0
48,"tau1",4,100,0,0
48,"gamma0",10,100,0,0
48,"gamma1",60,100,0,0
48,"gamma2",88,100,0,0
48,"alpha",20,100,0,0
49,"beta0",42,100,0,0
49,"beta1",76,100,0,0
49,"beta2",44,100,0,0
49,"beta_bm",50,100,0,0
49,"sigma_y",48,100,0,0
49,"tau0",97,100,0,0
49,"tau1",15,100,0,0
49,"gamma0",84,100,0,0
49,"gamma1",31,100,0,0
49,"gamma2",0,100,0,0
49,"alpha",41,100,0,0
50,"beta0",85,100,0,0
50,"beta1",12,100,0,0
50,"beta2",96,100,0,0
50,"beta_bm",1,100,0,0
50,"sigma_y",66,100,0,0
50,"tau0",42,100,0,0
50,"tau1",50,100,0,0
50,"gamma0",4,100,0,0
50,"gamma1",84,100,0,0
50,"gamma2",22,100,0,0
50,"alpha",4,100,0,0
51,"beta0",7,100,0,0
51,"beta1",81,100,0,0
51,"beta2",37,100,0,0
51,"beta_bm",64,100,0,0
51,"sigma_y",20,100,0,0
51,"tau0",67,100,0,0
51,"tau1",3,100,0,0
51,"gamma0",41,100,0,0
51,"gamma1",29,100,0,0
51,"gamma2",92,100,0,0
51,"alpha",54,100,0,0
52,"beta0",69,100,0,0
52,"beta1",15,100,0,0
52,"beta2",53,100,0,0
52,"beta_bm",15,100,0,0
52,"sigma_y",6,100,0,0
52,"tau0",65,100,0,0
52,"tau1",79,100,0,0
52,"gamma0",27,100,0,0
52,"gamma1",94,100,0,0
52,"gamma2",43,100,0,0
52,"alpha",25,100,0,0
53,"beta0",7,100,0,0
53,"beta1",93,100,0,0
53,"beta2",10,100,0,0
53,"beta_bm",86,100,0,0
53,"sigma_y",40,100,0,0
53,"tau0",91,100,0,0
53,"tau1",81,100,0,0
53,"gamma0",13,100,0,0
53,"gamma1",59,100,0,0
53,"gamma2",39,100,0,0
53,"alpha",27,100,0,0
54,"beta0",13,100,0,0
54,"beta1",92,100,0,0
54,"beta2",4,100,0,0
54,"beta_bm",52,100,0,0
54,"sigma_y",72,100,0,0
54,"tau0",85,100,0,0
54,"tau1",69,100,0,0
54,"gamma0",19,100,0,0
54,"gamma1",57,100,0,0
54,"gamma2",63,100,0,0
54,"alpha",34,100,0,0
55,"beta0",61,100,0,0
55,"beta1",74,100,0,0
55,"beta2",65,100,0,0
55,"beta_bm",1,100,0,0
55,"sigma_y",92,100,0,0
55,"tau0",68,100,0,0
55,"tau1",63,100,0,0
55,"gamma0",4,100,0,0
55,"gamma1",18,100,0,0
55,"gamma2",75,100,0,0
55,"alpha",55,100,0,0
56,"beta0",20,100,0,0
56,"beta1",25,100,0,0
56,"beta2",68,100,0,0
56,"beta_bm",35,100,0,0
56,"sigma_y",63,100,0,0
56,"tau0",13,100,0,0
56,"tau1",1,100,0,0
56,"gamma0",60,100,0,0
56,"gamma1",9,100,0,0
56,"gamma2",46,100,0,0
56,"alpha",18,100,0,0
57,"beta0",56,100,71,1
57,"beta1",22,100,71,1
57,"beta2",55,100,71,1
57,"beta_bm",35,100,71,1
57,"sigma_y",77,100,71,1
57,"tau0",73,100,71,1
57,"tau1",20,100,71,1
57,"gamma0",15,100,71,1
57,"gamma1",70,100,71,1
57,"gamma2",92,100,71,1
57,"alpha",48,100,71,1
58,"beta0",56,100,0,0
58,"beta1",42,100,0,0
58,"beta2",64,100,0,0
58,"beta_bm",73,100,0,0
58,"sigma_y",20,100,0,0
58,"tau0",87,100,0,0
58,"tau1",50,100,0,0
58,"gamma0",87,100,0,0
58,"gamma1",37,100,0,0
58,"gamma2",2,100,0,0
58,"alpha",45,100,0,0
59,"beta0",57,100,0,0
59,"beta1",79,100,0,0
59,"beta2",14,100,0,0
59,"beta_bm",30,100,0,0
59,"sigma_y",60,100,0,0
59,"tau0",46,100,0,0
59,"tau1",65,100,0,0
59,"gamma0",55,100,0,0
59,"gamma1",49,100,0,0
59,"gamma2",17,100,0,0
59,"alpha",54,100,0,0
60,"beta0",24,100,0,0
60,"beta1",51,100,0,0
60,"beta2",56,100,0,0
60,"beta_bm",10,100,0,0
60,"sigma_y",68,100,0,0
60,"tau0",66,100,0,0
60,"tau1",14,100,0,0
60,"gamma0",94,100,0,0
60,"gamma1",16,100,0,0
60,"gamma2",38,100,0,0
60,"alpha",89,100,0,0
61,"beta0",72,100,0,0
61,"beta1",66,100,0,0
61,"beta2",21,100,0,0
61,"beta_bm",31,100,0,0
61,"sigma_y",50,100,0,0
61,"tau0",10,100,0,0
61,"tau1",9,100,0,0
61,"gamma0",65,100,0,0
61,"gamma1",10,100,0,0
61,"gamma2",69,100,0,0
61,"alpha",44,100,0,0
62,"beta0",45,100,0,0
62,"beta1",65,100,0,0
62,"beta2",28,100,0,0
62,"beta_bm",88,100,0,0
62,"sigma_y",83,100,0,0
62,"tau0",17,100,0,0
62,"tau1",62,100,0,0
62,"gamma0",3,100,0,0
62,"gamma1",65,100,0,0
62,"gamma2",50,100,0,0
62,"alpha",18,100,0,0
63,"beta0",66,100,0,0
63,"beta1",100,100,0,0
63,"beta2",96,100,0,0
63,"beta_bm",82,100,0,0
63,"sigma_y",62,100,0,0
63,"tau0",93,100,0,0
63,"tau1",88,100,0,0
63,"gamma0",4,100,0,0
63,"gamma1",93,100,0,0
63,"gamma2",100,100,0,0
63,"alpha",77,100,0,0
64,"beta0",46,100,0,0
64,"beta1",98,100,0,0
64,"beta2",1,100,0,0
64,"beta_bm",93,100,0,0
64,"sigma_y",85,100,0,0
64,"tau0",35,100,0,0
64,"tau1",65,100,0,0
64,"gamma0",5,100,0,0
64,"gamma1",19,100,0,0
64,"gamma2",97,100,0,0
64,"alpha",7,100,0,0
65,"beta0",88,100,0,0
65,"beta1",19,100,0,0
65,"beta2",85,100,0,0
65,"beta_bm",13,100,0,0
65,"sigma_y",22,100,0,0
65,"tau0",30,100,0,0
65,"tau1",63,100,0,0
65,"gamma0",36,100,0,0
65,"gamma1",1,100,0,0
65,"gamma2",93,100,0,0
65,"alpha",22,100,0,0
66,"beta0",90,100,0,0
66,"beta1",92,100,0,0
66,"beta2",1,100,0,0
66,"beta_bm",8,100,0,0
66,"sigma_y",35,100,0,0
66,"tau0",56,100,0,0
66,"tau1",70,100,0,0
66,"gamma0",59,100,0,0
66,"gamma1",90,100,0,0
66,"gamma2",43,100,0,0
66,"alpha",62,100,0,0
67,"beta0",75,100,0,0
67,"beta1",12,100,0,0
67,"beta2",76,100,0,0
67,"beta_bm",65,100,0,0
67,"sigma_y",13,100,0,0
67,"tau0",13,100,0,0
67,"tau1",87,100,0,0
67,"gamma0",86,100,0,0
67,"gamma1",54,100,0,0
67,"gamma2",3,100,0,0
67,"alpha",71,100,0,0
68,"beta0",43,100,0,0
68,"beta1",63,100,0,0
68,"beta2",35,100,0,0
68,"beta_bm",42,100,0,0
68,"sigma_y",4,100,0,0
68,"tau0",66,100,0,0
68,"tau1",52,100,0,0
68,"gamma0",6,100,0,0
68,"gamma1",95,100,0,0
68,"gamma2",81,100,0,0
68,"alpha",26,100,0,0
69,"beta0",1,100,0,0
69,"beta1",98,100,0,0
69,"beta2",9,100,0,0
69,"beta_bm",81,100,0,0
69,"sigma_y",78,100,0,0
69,"tau0",17,100,0,0
69,"tau1",87,100,0,0
69,"gamma0",54,100,0,0
69,"gamma1",37,100,0,0
69,"gamma2",63,100,0,0
69,"alpha",62,100,0,0
70,"beta0",16,100,0,0
70,"beta1",45,100,0,0
70,"beta2",33,100,0,0
70,"beta_bm",79,100,0,0
70,"sigma_y",15,100,0,0
70,"tau0",38,100,0,0
70,"tau1",53,100,0,0
70,"gamma0",93,100,0,0
70,"gamma1",10,100,0,0
70,"gamma2",44,100,0,0
70,"alpha",61,100,0,0
71,"beta0",92,100,0,0
71,"beta1",5,100,0,0
71,"beta2",99,100,0,0
71,"beta_bm",53,100,0,0
71,"sigma_y",72,100,0,0
71,"tau0",44,100,0,0
71,"tau1",61,100,0,0
71,"gamma0",42,100,0,0
71,"gamma1",71,100,0,0
71,"gamma2",63,100,0,0
71,"alpha",19,100,0,0
72,"beta0",87,100,0,0
72,"beta1",66,100,0,0
72,"beta2",29,100,0,0
72,"beta_bm",3,100,0,0
72,"sigma_y",93,100,0,0
72,"tau0",99,100,0,0
72,"tau1",10,100,0,0
72,"gamma0",85,100,0,0
72,"gamma1",10,100,0,0
72,"gamma2",69,100,0,0
72,"alpha",69,100,0,0
73,"beta0",69,100,0,0
73,"beta1",52,100,0,0
73,"beta2",76,100,0,0
73,"beta_bm",28,100,0,0
73,"sigma_y",44,100,0,0
73,"tau0",46,100,0,0
73,"tau1",78,100,0,0
73,"gamma0",89,100,0,0
73,"gamma1",24,100,0,0
73,"gamma2",32,100,0,0
73,"alpha",91,100,0,0
74,"beta0",17,100,0,0
74,"beta1",49,100,0,0
74,"beta2",52,100,0,0
74,"beta_bm",94,100,0,0
74,"sigma_y",45,100,0,0
74,"tau0",56,100,0,0
74,"tau1",83,100,0,0
74,"gamma0",56,100,0,0
74,"gamma1",72,100,0,0
74,"gamma2",93,100,0,0
74,"alpha",57,100,0,0
75,"beta0",47,100,0,0
75,"beta1",84,100,0,0
75,"beta2",40,100,0,0
75,"beta_bm",82,100,0,0
75,"sigma_y",89,100,0,0
75,"tau0",63,100,0,0
75,"tau1",30,100,0,0
75,"gamma0",74,100,0,0
75,"gamma1",22,100,0,0
75,"gamma2",67,100,0,0
75,"alpha",83,100,0,0
76,"beta0",89,100,0,0
76,"beta1",66,100,0,0
76,"beta2",31,100,0,0
76,"beta_bm",20,100,0,0
76,"sigma_y",7,100,0,0
76,"tau0",19,100,0,0
76,"tau1",78,100,0,0
76,"gamma0",65,100,0,0
76,"gamma1",39,100,0,0
76,"gamma2",12,100,0,0
76,"alpha",8,100,0,0
77,"beta0",55,100,0,0
77,"beta1",86,100,0,0
77,"beta2",17,100,0,0
77,"beta_bm",54,100,0,0
77,"sigma_y",14,100,0,0
77,"tau0",31,100,0,0
77,"tau1",63,100,0,0
77,"gamma0",50,100,0,0
77,"gamma1",59,100,0,0
77,"gamma2",75,100,0,0
77,"alpha",89,100,0,0
78,"beta0",88,100,0,0
78,"beta1",45,100,0,0
78,"beta2",47,100,0,0
78,"beta_bm",91,100,0,0
78,"sigma_y",12,100,0,0
78,"tau0",19,100,0,0
78,"tau1",41,100,0,0
78,"gamma0",24,100,0,0
78,"gamma1",69,100,0,0
78,"gamma2",79,100,0,0
78,"alpha",21,100,0,0
79,"beta0",87,100,0,0
79,"beta1",41,100,0,0
79,"beta2",46,100,0,0
79,"beta_bm",13,100,0,0
79,"sigma_y",52,100,0,0
79,"tau0",71,100,0,0
79,"tau1",24,100,0,0
79,"gamma0",89,100,0,0
79,"gamma1",61,100,0,0
79,"gamma2",22,100,0,0
79,"alpha",85,100,0,0
80,"beta0",100,100,0,0
80,"beta1",57,100,0,0
80,"beta2",69,100,0,0
80,"beta_bm",0,100,0,0
80,"sigma_y",23,100,0,0
80,"tau0",8,100,0,0
80,"tau1",46,100,0,0
80,"gamma0",16,100,0,0
80,"gamma1",81,100,0,0
80,"gamma2",38,100,0,0
80,"alpha",48,100,0,0
81,"beta0",51,100,0,0
81,"beta1",42,100,0,0
81,"beta2",23,100,0,0
81,"beta_bm",6,100,0,0
81,"sigma_y",75,100,0,0
81,"tau0",19,100,0,0
81,"tau1",4,100,0,0
81,"gamma0",41,100,0,0
81,"gamma1",66,100,0,0
81,"gamma2",22,100,0,0
81,"alpha",34,100,0,0
82,"beta0",57,100,0,0
82,"beta1",86,100,0,0
82,"beta2",23,100,0,0
82,"beta_bm",33,100,0,0
82,"sigma_y",48,100,0,0
82,"tau0",76,100,0,0
82,"tau1",68,100,0,0
82,"gamma0",8,100,0,0
82,"gamma1",88,100,0,0
82,"gamma2",90,100,0,0
82,"alpha",7,100,0,0
83,"beta0",77,100,0,0
83,"beta1",51,100,0,0
83,"beta2",40,100,0,0
83,"beta_bm",26,100,0,0
83,"sigma_y",3,100,0,0
83,"tau0",62,100,0,0
83,"tau1",62,100,0,0
83,"gamma0",22,100,0,0
83,"gamma1",58,100,0,0
83,"gamma2",95,100,0,0
83,"alpha",25,100,0,0
84,"beta0",5,100,0,0
84,"beta1",33,100,0,0
84,"beta2",35,100,0,0
84,"beta_bm",17,100,0,0
84,"sigma_y",48,100,0,0
84,"tau0",39,100,0,0
84,"tau1",90,100,0,0
84,"gamma0",2,100,0,0
84,"gamma1",91,100,0,0
84,"gamma2",41,100,0,0
84,"alpha",2,100,0,0
85,"beta0",33,100,0,0
85,"beta1",48,100,0,0
85,"beta2",23,100,0,0
85,"beta_bm",89,100,0,0
85,"sigma_y",69,100,0,0
85,"tau0",74,100,0,0
85,"tau1",70,100,0,0
85,"gamma0",29,100,0,0
85,"gamma1",41,100,0,0
85,"gamma2",51,100,0,0
85,"alpha",36,100,0,0
86,"beta0",60,100,0,0
86,"beta1",47,100,0,0
86,"beta2",57,100,0,0
86,"beta_bm",53,100,0,0
86,"sigma_y",69,100,0,0
86,"tau0",63,100,0,0
86,"tau1",33,100,0,0
86,"gamma0",74,100,0,0
86,"gamma1",13,100,0,0
86,"gamma2",38,100,0,0
86,"alpha",47,100,0,0
87,"beta0",52,100,0,0
87,"beta1",71,100,0,0
87,"beta2",33,100,0,0
87,"beta_bm",85,100,0,0
87,"sigma_y",76,100,0,0
87,"tau0",36,100,0,0
87,"tau1",21,100,0,0
87,"gamma0",71,100,0,0
87,"gamma1",30,100,0,0
87,"gamma2",22,100,0,0
87,"alpha",70,100,0,0
88,"beta0",64,100,0,0
88,"beta1",65,100,0,0
88,"beta2",43,100,0,0
88,"beta_bm",29,100,0,0
88,"sigma_y",33,100,0,0
88,"tau0",75,100,0,0
88,"tau1",55,100,0,0
88,"gamma0",55,100,0,0
88,"gamma1",11,100,0,0
88,"gamma2",78,100,0,0
88,"alpha",36,100,0,0
89,"beta0",73,100,0,0
89,"beta1",99,100,0,0
89,"beta2",1,100,0,0
89,"beta_bm",2,100,0,0
89,"sigma_y",43,100,0,0
89,"tau0",30,100,0,0
89,"tau1",25,100,0,0
89,"gamma0",62,100,0,0
89,"gamma1",82,100,0,0
89,"gamma2",74,100,0,0
89,"alpha",65,100,0,0
90,"beta0",85,100,0,0
90,"beta1",54,100,0,0
90,"beta2",75,100,0,0
90,"beta_bm",33,100,0,0
90,"sigma_y",70,100,0,0
90,"tau0",96,100,0,0
90,"tau1",12,100,0,0
90,"gamma0",2,100,0,0
90,"gamma1",90,100,0,0
90,"gamma2",61,100,0,0
90,"alpha",3,100,0,0
91,"beta0",73,100,0,0
91,"beta1",50,100,0,0
91,"beta2",52,100,0,0
91,"beta_bm",11,100,0,0
91,"sigma_y",43,100,0,0
91,"tau0",56,100,0,0
91,"tau1",50,100,0,0
91,"gamma0",37,100,0,0
91,"gamma1",83,100,0,0
91,"gamma2",48,100,0,0
91,"alpha",13,100,0,0
92,"beta0",44,100,0,0
92,"beta1",28,100,0,0
92,"beta2",46,100,0,0
92,"beta_bm",51,100,0,0
92,"sigma_y",20,100,0,0
92,"tau0",5,100,0,0
92,"tau1",83,100,0,0
92,"gamma0",26,100,0,0
92,"gamma1",89,100,0,0
92,"gamma2",24,100,0,0
92,"alpha",0,100,0,0
93,"beta0",84,100,0,0
93,"beta1",11,100,0,0
93,"beta2",72,100,0,0
93,"beta_bm",38,100,0,0
93,"sigma_y",65,100,0,0
93,"tau0",60,100,0,0
93,"tau1",58,100,0,0
93,"gamma0",57,100,0,0
93,"gamma1",75,100,0,0
93,"gamma2",47,100,0,0
93,"alpha",84,100,0,0
94,"beta0",33,100,0,0
94,"beta1",9,100,0,0
94,"beta2",90,100,0,0
94,"beta_bm",93,100,0,0
94,"sigma_y",95,100,0,0
94,"tau0",84,100,0,0
94,"tau1",20,100,0,0
94,"gamma0",59,100,0,0
94,"gamma1",16,100,0,0
94,"gamma2",29,100,0,0
94,"alpha",93,100,0,0
95,"beta0",85,100,0,0
95,"beta1",29,100,0,0
95,"beta2",90,100,0,0
95,"beta_bm",85,100,0,0
95,"sigma_y",67,100,0,0
95,"tau0",70,100,0,0
95,"tau1",15,100,0,0
95,"gamma0",80,100,0,0
95,"gamma1",10,100,0,0
95,"gamma2",21,100,0,0
95,"alpha",29,100,0,0
96,"beta0",51,100,0,0
96,"beta1",30,100,0,0
96,"beta2",55,100,0,0
96,"beta_bm",10,100,0,0
96,"sigma_y",83,100,0,0
96,"tau0",63,100,0,0
96,"tau1",28,100,0,0
96,"gamma0",13,100,0,0
96,"gamma1",72,100,0,0
96,"gamma2",42,100,0,0
96,"alpha",10,100,0,0
97,"beta0",75,100,0,0
97,"beta1",26,100,0,0
97,"beta2",89,100,0,0
97,"beta_bm",94,100,0,0
97,"sigma_y",1,100,0,0
97,"tau0",23,100,0,0
97,"tau1",42,100,0,0
97,"gamma0",23,100,0,0
97,"gamma1",9,100,0,0
97,"gamma2",99,100,0,0
97,"alpha",20,100,0,0
98,"beta0",90,100,0,0
98,"beta1",17,100,0,0
98,"beta2",52,100,0,0
98,"beta_bm",11,100,0,0
98,"sigma_y",14,100,0,0
98,"tau0",44,100,0,0
98,"tau1",23,100,0,0
98,"gamma0",84,100,0,0
98,"gamma1",47,100,0,0
98,"gamma2",78,100,0,0
98,"alpha",74,100,0,0
99,"beta0",9,100,0,0
99,"beta1",40,100,0,0
99,"beta2",62,100,0,0
99,"beta_bm",92,100,0,0
99,"sigma_y",35,100,0,0
99,"tau0",53,100,0,0
99,"tau1",13,100,0,0
99,"gamma0",76,100,0,0
99,"gamma1",63,100,0,0
99,"gamma2",53,100,0,0
99,"alpha",95,100,0,0
100,"beta0",36,100,0,0
100,"beta1",10,100,0,0
100,"beta2",61,100,0,0
100,"beta_bm",85,100,0,0
100,"sigma_y",26,100,0,0
100,"tau0",38,100,0,0
100,"tau1",17,100,0,0
100,"gamma0",32,100,0,0
100,"gamma1",97,100,0,0
100,"gamma2",63,100,0,0
100,"alpha",64,100,0,0
101,"beta0",27,100,0,0
101,"beta1",13,100,0,0
101,"beta2",88,100,0,0
101,"beta_bm",56,100,0,0
101,"sigma_y",100,100,0,0
101,"tau0",82,100,0,0
101,"tau1",89,100,0,0
101,"gamma0",30,100,0,0
101,"gamma1",35,100,0,0
101,"gamma2",70,100,0,0
101,"alpha",40,100,0,0
102,"beta0",45,100,0,0
102,"beta1",61,100,0,0
102,"beta2",31,100,0,0
102,"beta_bm",60,100,0,0
102,"sigma_y",80,100,0,0
102,"tau0",53,100,0,0
102,"tau1",84,100,0,0
102,"gamma0",24,100,0,0
102,"gamma1",70,100,0,0
102,"gamma2",49,100,0,0
102,"alpha",52,100,0,0
103,"beta0",14,100,0,0
103,"beta1",50,100,0,0
103,"beta2",63,100,0,0
103,"beta_bm",59,100,0,0
103,"sigma_y",36,100,0,0
103,"tau0",83,100,0,0
103,"tau1",62,100,0,0
103,"gamma0",29,100,0,0
103,"gamma1",91,100,0,0
103,"gamma2",97,100,0,0
103,"alpha",61,100,0,0
104,"beta0",76,100,0,0
104,"beta1",53,100,0,0
104,"beta2",70,100,0,0
104,"beta_bm",69,100,0,0
104,"sigma_y",7,100,0,0
104,"tau0",57,100,0,0
104,"tau1",60,100,0,0
104,"gamma0",91,100,0,0
104,"gamma1",31,100,0,0
104,"gamma2",17,100,0,0
104,"alpha",90,100,0,0
105,"beta0",4,100,0,0
105,"beta1",91,100,0,0
105,"beta2",16,100,0,0
105,"beta_bm",99,100,0,0
105,"sigma_y",43,100,0,0
105,"tau0",23,100,0,0
105,"tau1",19,100,0,0
105,"gamma0",69,100,0,0
105,"gamma1",23,100,0,0
105,"gamma2",83,100,0,0
105,"alpha",77,100,0,0
106,"beta0",17,100,0,0
106,"beta1",22,100,0,0
106,"beta2",55,100,0,0
106,"beta_bm",98,100,0,0
106,"sigma_y",44,100,0,0
106,"tau0",55,100,0,0
106,"tau1",88,100,0,0
106,"gamma0",98,100,0,0
106,"gamma1",53,100,0,0
106,"gamma2",8,100,0,0
106,"alpha",83,100,0,0
107,"beta0",74,100,0,0
107,"beta1",1,100,0,0
107,"beta2",52,100,0,0
107,"beta_bm",39,100,0,0
107,"sigma_y",60,100,0,0
107,"tau0",36,100,0,0
107,"tau1",39,100,0,0
107,"gamma0",24,100,0,0
107,"gamma1",1,100,0,0
107,"gamma2",34,100,0,0
107,"alpha",0,100,0,0
108,"beta0",23,100,0,0
108,"beta1",92,100,0,0
108,"beta2",27,100,0,0
108,"beta_bm",51,100,0,0
108,"sigma_y",14,100,0,0
108,"tau0",30,100,0,0
108,"tau1",13,100,0,0
108,"gamma0",30,100,0,0
108,"gamma1",58,100,0,0
108,"gamma2",91,100,0,0
108,"alpha",49,100,0,0
109,"beta0",84,100,1,1
109,"beta1",43,100,1,1
109,"beta2",44,100,1,1
109,"beta_bm",48,100,1,1
109,"sigma_y",4,100,1,1
109,"tau0",29,100,1,1
109,"tau1",82,100,1,1
109,"gamma0",48,100,1,1
109,"gamma1",88,100,1,1
109,"gamma2",19,100,1,1
109,"alpha",42,100,1,1
110,"beta0",83,100,0,0
110,"beta1",7,100,0,0
110,"beta2",84,100,0,0
110,"beta_bm",98,100,0,0
110,"sigma_y",97,100,0,0
110,"tau0",92,100,0,0
110,"tau1",75,100,0,0
110,"gamma0",3,100,0,0
110,"gamma1",98,100,0,0
110,"gamma2",19,100,0,0
110,"alpha",2,100,0,0
111,"beta0",86,100,0,0
111,"beta1",2,100,0,0
111,"beta2",93,100,0,0
111,"beta_bm",71,100,0,0
111,"sigma_y",98,100,0,0
111,"tau0",75,100,0,0
111,"tau1",19,100,0,0
111,"gamma0",47,100,0,0
111,"gamma1",97,100,0,0
111,"gamma2",8,100,0,0
111,"alpha",61,100,0,0
112,"beta0",38,100,0,0
112,"beta1",43,100,0,0
112,"beta2",51,100,0,0
112,"beta_bm",98,100,0,0
112,"sigma_y",12,100,0,0
112,"tau0",51,100,0,0
112,"tau1",96,100,0,0
112,"gamma0",39,100,0,0
112,"gamma1",47,100,0,0
112,"gamma2",57,100,0,0
112,"alpha",93,100,0,0
113,"beta0",45,100,0,0
113,"beta1",52,100,0,0
113,"beta2",15,100,0,0
113,"beta_bm",49,100,0,0
113,"sigma_y",62,100,0,0
113,"tau0",41,100,0,0
113,"tau1",47,100,0,0
113,"gamma0",75,100,0,0
113,"gamma1",11,100,0,0
113,"gamma2",95,100,0,0
113,"alpha",49,100,0,0
114,"beta0",73,100,0,0
114,"beta1",31,100,0,0
114,"beta2",58,100,0,0
114,"beta_bm",33,100,0,0
114,"sigma_y",76,100,0,0
114,"tau0",67,100,0,0
114,"tau1",65,100,0,0
114,"gamma0",13,100,0,0
114,"gamma1",52,100,0,0
114,"gamma2",13,100,0,0
114,"alpha",12,100,0,0
115,"beta0",35,100,0,0
115,"beta1",59,100,0,0
115,"beta2",6,100,0,0
115,"beta_bm",70,100,0,0
115,"sigma_y",85,100,0,0
115,"tau0",36,100,0,0
115,"tau1",85,100,0,0
115,"gamma0",98,100,0,0
115,"gamma1",2,100,0,0
115,"gamma2",14,100,0,0
115,"alpha",100,100,0,0
116,"beta0",96,100,0,0
116,"beta1",17,100,0,0
116,"beta2",18,100,0,0
116,"beta_bm",14,100,0,0
116,"sigma_y",71,100,0,0
116,"tau0",2,100,0,0
116,"tau1",74,100,0,0
116,"gamma0",15,100,0,0
116,"gamma1",95,100,0,0
116,"gamma2",2,100,0,0
116,"alpha",8,100,0,0
117,"beta0",36,100,0,0
117,"beta1",78,100,0,0
117,"beta2",74,100,0,0
117,"beta_bm",93,100,0,0
117,"sigma_y",37,100,0,0
117,"tau0",83,100,0,0
117,"tau1",52,100,0,0
117,"gamma0",46,100,0,0
117,"gamma1",57,100,0,0
117,"gamma2",29,100,0,0
117,"alpha",19,100,0,0
118,"beta0",75,100,0,0
118,"beta1",57,100,0,0
118,"beta2",43,100,0,0
118,"beta_bm",27,100,0,0
118,"sigma_y",36,100,0,0
118,"tau0",89,100,0,0
118,"tau1",41,100,0,0
118,"gamma0",96,100,0,0
118,"gamma1",46,100,0,0
118,"gamma2",53,100,0,0
118,"alpha",93,100,0,0
119,"beta0",87,100,0,0
119,"beta1",23,100,0,0
119,"beta2",60,100,0,0
119,"beta_bm",16,100,0,0
119,"sigma_y",6,100,0,0
119,"tau0",67,100,0,0
119,"tau1",49,100,0,0
119,"gamma0",65,100,0,0
119,"gamma1",11,100,0,0
119,"gamma2",76,100,0,0
119,"alpha",34,100,0,0
120,"beta0",86,100,0,0
120,"beta1",75,100,0,0
120,"beta2",13,100,0,0
120,"beta_bm",36,100,0,0
120,"sigma_y",67,100,0,0
120,"tau0",2,100,0,0
120,"tau1",44,100,0,0
120,"gamma0",44,100,0,0
120,"gamma1",77,100,0,0
120,"gamma2",46,100,0,0
120,"alpha",47,100,0,0
121,"beta0",31,100,0,0
121,"beta1",48,100,0,0
121,"beta2",20,100,0,0
121,"beta_bm",70,100,0,0
121,"sigma_y",93,100,0,0
121,"tau0",92,100,0,0
121,"tau1",54,100,0,0
121,"gamma0",23,100,0,0
121,"gamma1",54,100,0,0
121,"gamma2",65,100,0,0
121,"alpha",73,100,0,0
122,"beta0",83,100,0,0
122,"beta1",8,100,0,0
122,"beta2",27,100,0,0
122,"beta_bm",73,100,0,0
122,"sigma_y",1,100,0,0
122,"tau0",89,100,0,0
122,"tau1",57,100,0,0
122,"gamma0",31,100,0,0
122,"gamma1",94,100,0,0
122,"gamma2",11,100,0,0
122,"alpha",37,100,0,0
123,"beta0",79,100,0,0
123,"beta1",46,100,0,0
123,"beta2",53,100,0,0
123,"beta_bm",2,100,0,0
123,"sigma_y",37,100,0,0
123,"tau0",15,100,0,0
123,"tau1",63,100,0,0
123,"gamma0",43,100,0,0
123,"gamma1",12,100,0,0
123,"gamma2",56,100,0,0
123,"alpha",17,100,0,0
124,"beta0",88,100,0,0
124,"beta1",21,100,0,0
124,"beta2",52,100,0,0
124,"beta_bm",84,100,0,0
124,"sigma_y",37,100,0,0
124,"tau0",100,100,0,0
124,"tau1",98,100,0,0
124,"gamma0",34,100,0,0
124,"gamma1",91,100,0,0
124,"gamma2",31,100,0,0
124,"alpha",68,100,0,0
125,"beta0",51,100,0,0
125,"beta1",28,100,0,0
125,"beta2",81,100,0,0
125,"beta_bm",81,100,0,0
125,"sigma_y",88,100,0,0
125,"tau0",62,100,0,0
125,"tau1",96,100,0,0
125,"gamma0",17,100,0,0
125,"gamma1",17,100,0,0
125,"gamma2",42,100,0,0
125,"alpha",13,100,0,0
126,"beta0",61,100,0,0
126,"beta1",34,100,0,0
126,"beta2",72,100,0,0
126,"beta_bm",63,100,0,0
126,"sigma_y",77,100,0,0
126,"tau0",24,100,0,0
126,"tau1",40,100,0,0
126,"gamma0",48,100,0,0
126,"gamma1",97,100,0,0
126,"gamma2",43,100,0,0
126,"alpha",66,100,0,0
127,"beta0",0,100,0,0
127,"beta1",99,100,0,0
127,"beta2",6,100,0,0
127,"beta_bm",46,100,0,0
127,"sigma_y",45,100,0,0
127,"tau0",80,100,0,0
127,"tau1",19,100,0,0
127,"gamma0",64,100,0,0
127,"gamma1",14,100,0,0
127,"gamma2",78,100,0,0
127,"alpha",69,100,0,0
128,"beta0",87,100,0,0
128,"beta1",1,100,0,0
128,"beta2",88,100,0,0
128,"beta_bm",50,100,0,0
128,"sigma_y",80,100,0,0
128,"tau0",46,100,0,0
128,"tau1",99,100,0,0
128,"gamma0",75,100,0,0
128,"gamma1",70,100,0,0
128,"gamma2",4,100,0,0
128,"alpha",75,100,0,0
129,"beta0",51,100,0,0
129,"beta1",48,100,0,0
129,"beta2",5,100,0,0
129,"beta_bm",36,100,0,0
129,"sigma_y",19,100,0,0
129,"tau0",12,100,0,0
129,"tau1",26,100,0,0
129,"gamma0",15,100,0,0
129,"gamma1",90,100,0,0
129,"gamma2",80,100,0,0
129,"alpha",84,100,0,0
130,"beta0",92,100,0,0
130,"beta1",50,100,0,0
130,"beta2",5,100,0,0
130,"beta_bm",98,100,0,0
130,"sigma_y",66,100,0,0
130,"tau0",96,100,0,0
130,"tau1",100,100,0,0
130,"gamma0",100,100,0,0
130,"gamma1",7,100,0,0
130,"gamma2",63,100,0,0
130,"alpha",99,100,0,0
131,"beta0",45,100,0,0
131,"beta1",50,100,0,0
131,"beta2",51,100,0,0
131,"beta_bm",0,100,0,0
131,"sigma_y",45,100,0,0
131,"tau0",45,100,0,0
131,"tau1",37,100,0,0
131,"gamma0",33,100,0,0
131,"gamma1",15,100,0,0
131,"gamma2",70,100,0,0
131,"alpha",8,100,0,0
132,"beta0",15,100,0,0
132,"beta1",90,100,0,0
132,"beta2",15,100,0,0
132,"beta_bm",53,100,0,0
132,"sigma_y",1,100,0,0
132,"tau0",89,100,0,0
132,"tau1",41,100,0,0
132,"gamma0",21,100,0,0
132,"gamma1",99,100,0,0
132,"gamma2",95,100,0,0
132,"alpha",50,100,0,0
133,"beta0",37,100,0,0
133,"beta1",52,100,0,0
133,"beta2",54,100,0,0
133,"beta_bm",59,100,0,0
133,"sigma_y",8,100,0,0
133,"tau0",31,100,0,0
133,"tau1",0,100,0,0
133,"gamma0",5,100,0,0
133,"gamma1",88,100,0,0
133,"gamma2",51,100,0,0
133,"alpha",6,100,0,0
134,"beta0",29,100,0,0
134,"beta1",20,100,0,0
134,"beta2",62,100,0,0
134,"beta_bm",32,100,0,0
134,"sigma_y",33,100,0,0
134,"tau0",0,100,0,0
134,"tau1",74,100,0,0
134,"gamma0",47,100,0,0
134,"gamma1",73,100,0,0
134,"gamma2",69,100,0,0
134,"alpha",57,100,0,0
135,"beta0",69,100,0,0
135,"beta1",87,100,0,0
135,"beta2",1,100,0,0
135,"beta_bm",21,100,0,0
135,"sigma_y",80,100,0,0
135,"tau0",58,100,0,0
135,"tau1",96,100,0,0
135,"gamma0",58,100,0,0
135,"gamma1",4,100,0,0
135,"gamma2",81,100,0,0
135,"alpha",33,100,0,0
136,"beta0",73,100,0,0
136,"beta1",15,100,0,0
136,"beta2",92,100,0,0
136,"beta_bm",15,100,0,0
136,"sigma_y",65,100,0,0
136,"tau0",9,100,0,0
136,"tau1",95,100,0,0
136,"gamma0",75,100,0,0
136,"gamma1",25,100,0,0
136,"gamma2",28,100,0,0
136,"alpha",39,100,0,0
137,"beta0",46,100,0,0
137,"beta1",72,100,0,0
137,"beta2",15,100,0,0
137,"beta_bm",69,100,0,0
137,"sigma_y",98,100,0,0
137,"tau0",52,100,0,0
137,"tau1",62,100,0,0
137,"gamma0",65,100,0,0
137,"gamma1",76,100,0,0
137,"gamma2",1,100,0,0
137,"alpha",64,100,0,0
138,"beta0",85,100,0,0
138,"beta1",6,100,0,0
138,"beta2",87,100,0,0
138,"beta_bm",96,100,0,0
138,"sigma_y",29,100,0,0
138,"tau0",0,100,0,0
138,"tau1",59,100,0,0
138,"gamma0",32,100,0,0
138,"gamma1",81,100,0,0
138,"gamma2",19,100,0,0
138,"alpha",54,100,0,0
139,"beta0",89,100,0,0
139,"beta1",2,100,0,0
139,"beta2",75,100,0,0
139,"beta_bm",26,100,0,0
139,"sigma_y",61,100,0,0
139,"tau0",45,100,0,0
139,"tau1",85,100,0,0
139,"gamma0",62,100,0,0
139,"gamma1",15,100,0,0
139,"gamma2",32,100,0,0
139,"alpha",35,100,0,0
140,"beta0",96,100,0,0
140,"beta1",21,100,0,0
140,"beta2",64,100,0,0
140,"beta_bm",12,100,0,0
140,"sigma_y",86,100,0,0
140,"tau0",81,100,0,0
140,"tau1",38,100,0,0
140,"gamma0",29,100,0,0
140,"gamma1",70,100,0,0
140,"gamma2",98,100,0,0
140,"alpha",79,100,0,0
141,"beta0",89,100,0,0
141,"beta1",7,100,0,0
141,"beta2",87,100,0,0
141,"beta_bm",52,100,0,0
141,"sigma_y",92,100,0,0
141,"tau0",24,100,0,0
141,"tau1",88,100,0,0
141,"gamma0",64,100,0,0
141,"gamma1",19,100,0,0
141,"gamma2",15,100,0,0
141,"alpha",55,100,0,0
142,"beta0",43,100,0,0
142,"beta1",66,100,0,0
142,"beta2",27,100,0,0
142,"beta_bm",78,100,0,0
142,"sigma_y",59,100,0,0
142,"tau0",54,100,0,0
142,"tau1",54,100,0,0
142,"gamma0",72,100,0,0
142,"gamma1",25,100,0,0
142,"gamma2",20,100,0,0
142,"alpha",73,100,0,0
143,"beta0",37,100,0,0
143,"beta1",29,100,0,0
143,"beta2",35,100,0,0
143,"beta_bm",32,100,0,0
143,"sigma_y",40,100,0,0
143,"tau0",81,100,0,0
143,"tau1",76,100,0,0
143,"gamma0",60,100,0,0
143,"gamma1",30,100,0,0
143,"gamma2",47,100,0,0
143,"alpha",55,100,0,0
144,"beta0",86,100,0,0
144,"beta1",12,100,0,0
144,"beta2",86,100,0,0
144,"beta_bm",20,100,0,0
144,"sigma_y",10,100,0,0
144,"tau0",70,100,0,0
144,"tau1",30,100,0,0
144,"gamma0",8,100,0,0
144,"gamma1",91,100,0,0
144,"gamma2",99,100,0,0
144,"alpha",72,100,0,0
145,"beta0",94,100,0,0
145,"beta1",1,100,0,0
145,"beta2",84,100,0,0
145,"beta_bm",58,100,0,0
145,"sigma_y",20,100,0,0
145,"tau0",75,100,0,0
145,"tau1",15,100,0,0
145,"gamma0",96,100,0,0
145,"gamma1",0,100,0,0
145,"gamma2",96,100,0,0
145,"alpha",84,100,0,0
146,"beta0",33,100,0,0
146,"beta1",78,100,0,0
146,"beta2",17,100,0,0
146,"beta_bm",40,100,0,0
146,"sigma_y",46,100,0,0
146,"tau0",5,100,0,0
146,"tau1",57,100,0,0
146,"gamma0",57,100,0,0
146,"gamma1",27,100,0,0
146,"gamma2",41,100,0,0
146,"alpha",15,100,0,0
147,"beta0",68,100,0,0
147,"beta1",13,100,0,0
147,"beta2",72,100,0,0
147,"beta_bm",58,100,0,0
147,"sigma_y",56,100,0,0
147,"tau0",29,100,0,0
147,"tau1",1,100,0,0
147,"gamma0",63,100,0,0
147,"gamma1",62,100,0,0
147,"gamma2",8,100,0,0
147,"alpha",41,100,0,0
148,"beta0",57,100,0,0
148,"beta1",53,100,0,0
148,"beta2",45,100,0,0
148,"beta_bm",70,100,0,0
148,"sigma_y",58,100,0,0
148,"tau0",13,100,0,0
148,"tau1",87,100,0,0
148,"gamma0",94,100,0,0
148,"gamma1",49,100,0,0
148,"gamma2",93,100,0,0
148,"alpha",98,100,0,0
149,"beta0",53,100,0,0
149,"beta1",92,100,0,0
149,"beta2",6,100,0,0
149,"beta_bm",33,100,0,0
149,"sigma_y",21,100,0,0
149,"tau0",68,100,0,0
149,"tau1",36,100,0,0
149,"gamma0",68,100,0,0
149,"gamma1",47,100,0,0
149,"gamma2",17,100,0,0
149,"alpha",71,100,0,0
150,"beta0",81,100,0,0
150,"beta1",32,100,0,0
150,"beta2",51,100,0,0
150,"beta_bm",18,100,0,0
150,"sigma_y",52,100,0,0
150,"tau0",95,100,0,0
150,"tau1",6,100,0,0
150,"gamma0",94,100,0,0
150,"gamma1",34,100,0,0
150,"gamma2",74,100,0,0
150,"alpha",92,100,0,0
