gap_id,data_evidence,reference_keys,literature_coverage,identified_gap,manuscript_use
G1,"68/87 patients had observed DMR; event-time median among events was 14.8 months, but first DMR is interval-observed","Hochhaus2020ELN; Hughes2014EarlyMolecularResponse; Rasekh2026TFRPredictor; Ono2026MR45","Response milestones, early molecular response, DMR/MR4.5, and TFR eligibility are established","Routine data often identify DMR only between visits, not at an exact response date","Justifies interval-survival or joint longitudinal-survival modeling"
G2,"Median visit gap was 6.0 months; 50.3% of gaps exceeded 6 months and 20.0% exceeded 12 months","Hochhaus2020ELN; Senapati2023CMLManagement; Verweij2026RemoteMonitoring; Parihar2026TFR","Guidelines and real-world studies discuss monitoring schedules and feasibility","Few studies model how irregular monitoring changes DMR-time estimation","Frames irregular follow-up as a central analytic feature"
G3,"495 repeated molecular observations include log-MRD and derived DMR/CMR states","Kim2026BCRABLqPCR; Hughes2014EarlyMolecularResponse; Atallah2021TFR","Molecular monitoring thresholds are well established","Continuous log-MRD trajectories are often reduced to categorical milestones","Supports modeling log-MRD as a longitudinal biomarker"
G4,"Many deep-response observations reach the reporting floor around log-MRD -5","Kim2026BCRABLqPCR; Ono2026MR45; Atallah2021TFR","Assay performance and deep response concepts are described","Floor or lower-limit behavior is often treated as exact measurement","Motivates sensitivity analysis for assay-floor behavior"
G5,"PH+ cytogenetic percentages are available at baseline and landmark times but are incomplete","Tokac2026CytogeneticDiversity; Wang2026AdditionalChromosomal; Takahashi2024JSHGuidelines","Cytogenetic abnormalities and Philadelphia chromosome status remain clinically important","Sparse serial cytogenetic data are rarely integrated with longitudinal molecular response","Use PH+ variables as descriptive or secondary covariates"
G6,"Complete core covariates are available for 62/87 patients (71.3%)","Jabbour2025JAMAReview; Senapati2023CMLManagement; Oehler2026TKIManagement","Reviews describe clinically important baseline and treatment factors","Incomplete real-world covariates limit standard multivariable modeling","Report complete-case analyses and sensitivity limitations"
G7,"Public modeling files use coded patient IDs and isolate the private patient key","Verweij2026RemoteMonitoring; Uwizeyimana2026Rwanda","Real-world CML monitoring studies show the value of routine data","Privacy-preserving reproducible model-ready CML datasets are uncommon","Position the data-cleaning workflow as a reproducible contribution"
G8,"The cohort is small but longitudinally rich: 87 patients and 495 observations","Wulfsohn1997JointModel; Rizopoulos2016JMbayes; Lovblom2026MixedObservationJointModel; Niu2026QuantileJointModel","Joint models exist for longitudinal biomarkers and event outcomes","Applied CML examples with irregular monitoring and interval-observed DMR are scarce","Frames the modeling contribution as applied joint/interval methodology"

