"dgm_tag","quantity","label","simulated","cohort","ratio","n_check","r_check","checked_at"
"v2_cohort_posterior_hazard","visits_med","visits/patient (median)",7.925,7,1.132,300,20,"2026-07-29 18:52:25"
"v2_cohort_posterior_hazard","visits_mean","visits/patient (mean)",8.1073,7.295,1.111,300,20,"2026-07-29 18:52:25"
"v2_cohort_posterior_hazard","gap_med_mo","visit gap, months (median)",5.586,6.2334,0.896,300,20,"2026-07-29 18:52:25"
"v2_cohort_posterior_hazard","gap_p_gt6mo","P(gap > 6 months)",0.4418,0.5361,0.824,300,20,"2026-07-29 18:52:25"
"v2_cohort_posterior_hazard","fu_med_y","follow-up, years (median)",3.8762,3.692,1.05,300,20,"2026-07-29 18:52:25"
"v2_cohort_posterior_hazard","fu_max_y","follow-up, years (max)",6.8741,6.9305,0.992,300,20,"2026-07-29 18:52:25"
"v2_cohort_posterior_hazard","floor_rate","assay-floor rate",0.3774,0.4085,0.924,300,20,"2026-07-29 18:52:25"
"v2_cohort_posterior_hazard","dmr_rate","documented DMR rate",0.7287,0.76,0.959,300,20,"2026-07-29 18:52:25"
"v2_cohort_posterior_hazard","y_med","observed y (median)",-3.9024,-4.177,0.934,300,20,"2026-07-29 18:52:25"
