"scen","n","informative","estimator","rep","beta1","sigma_y","tau1","alpha","brier","mean_pred","obs_rate","se_beta1","se_tau1"
"ni_n87",87,FALSE,"floor",1,-2.0754252,1.5889875,9.8250055,-2.3180327,0.0523727783270481,0.738687682832054,0.850574712643678,NA,NA
"ni_n87",87,FALSE,"floor",2,-2.0939313,1.44999,9.4972153,-2.1788567,0.0726322798356099,0.754307572423276,0.862068965517241,NA,NA
"ni_n87",87,FALSE,"floor",3,-1.9560755,1.4215446,11.323122,-2.123521,0.0637065679443597,0.725084915296386,0.816091954022989,NA,NA
"ni_n87",87,FALSE,"floor",4,-2.1411124,1.5156029,11.511902,-1.8701353,0.0840326009129745,0.651550335967291,0.758620689655172,NA,NA
"ni_n87",87,FALSE,"floor",5,-2.1976162,1.5131141,11.282976,-2.7509012,0.0392763831650423,0.789135958369711,0.850574712643678,NA,NA
"ni_n87",87,FALSE,"floor",6,-2.193556,1.5364179,10.412692,-2.0398775,0.083323863260747,0.738618610311757,0.862068965517241,NA,NA
"ni_n87",87,FALSE,"floor",7,-1.930028,1.5862811,11.296663,-1.9715078,0.0778016335988622,0.724460233167938,0.850574712643678,NA,NA
"ni_n87",87,FALSE,"floor",8,-2.1785401,1.4691997,10.547486,-2.0870065,0.0776249056770914,0.719917665771796,0.827586206896552,NA,NA
"ni_n87",87,FALSE,"floor",9,-2.1065129,1.4136262,12.165336,-1.8198974,0.0636708521434252,0.70530558568143,0.816091954022989,NA,NA
"ni_n87",87,FALSE,"floor",10,-1.9400371,1.5647387,10.271719,-2.3946231,0.0647500466355232,0.759826906842268,0.862068965517241,NA,NA
"ni_n87",87,FALSE,"floor",11,-1.8674992,1.5483112,9.9871978,-2.675115,0.0500438424707867,0.737707327376226,0.827586206896552,NA,NA
"ni_n87",87,FALSE,"floor",12,-2.1762299,1.5941128,10.774151,-2.4501517,0.0491337151725946,0.729123789086701,0.793103448275862,NA,NA
"ni_n87",87,FALSE,"floor",13,-1.5388267,1.5182149,11.7094,-2.4427177,0.0556391717734699,0.76390017781595,0.862068965517241,NA,NA
"ni_n87",87,FALSE,"floor",14,-1.8548652,1.5040833,11.809418,-2.1673925,0.0489541606639804,0.701142942975442,0.781609195402299,NA,NA
"ni_n87",87,FALSE,"floor",15,-1.9522535,1.4809526,11.21153,-2.1949041,0.0588030560906794,0.712105716766102,0.804597701149425,NA,NA
"ni_n87",87,FALSE,"floor",16,-1.9257769,1.5077849,12.911723,-2.0774043,0.0643665903601067,0.655905938743286,0.770114942528736,NA,NA
"ni_n87",87,FALSE,"floor",17,-2.1426212,1.7158099,11.387003,-2.5878073,0.0356941349135984,0.758995168580632,0.839080459770115,NA,NA
"ni_n87",87,FALSE,"floor",18,-1.999212,1.5486338,11.064121,-2.7193005,0.0461585729372058,0.754566372532691,0.839080459770115,NA,NA
"ni_n87",87,FALSE,"floor",19,-1.8027047,1.6067086,10.37591,-2.3692384,0.0461369926281068,0.749356110661796,0.839080459770115,NA,NA
"ni_n87",87,FALSE,"floor",20,-1.6713306,1.5079463,10.576762,-2.5332403,0.0402891774901825,0.717663805192635,0.793103448275862,NA,NA
"ni_n87",87,FALSE,"floor",21,-2.14388,1.4762145,9.5064548,-2.1332818,0.068232015937668,0.713492322398024,0.804597701149425,NA,NA
"ni_n87",87,FALSE,"floor",22,-2.0979758,1.51974,10.941546,-2.3387426,0.0579794161603261,0.696343435501262,0.781609195402299,NA,NA
"ni_n87",87,FALSE,"floor",23,-2.2997572,1.4088968,12.218014,-2.2661827,0.0544716405943645,0.730285500089061,0.816091954022989,NA,NA
"ni_n87",87,FALSE,"floor",24,-2.2827076,1.6096328,11.823712,-2.1260087,0.0532030458095035,0.75732413250069,0.850574712643678,NA,NA
"ni_n87",87,FALSE,"floor",25,-1.8272218,1.5176503,12.055836,-2.6720394,0.0376131081219852,0.723930916148182,0.804597701149425,NA,NA
"ni_n87",87,FALSE,"floor",26,-1.8472616,1.3967817,11.380489,-2.5744973,0.0324738431755419,0.728735388208552,0.804597701149425,NA,NA
"ni_n87",87,FALSE,"floor",27,-2.1165122,1.4247365,9.4905681,-2.2208413,0.072508595242915,0.673001603087142,0.758620689655172,NA,NA
"ni_n87",87,FALSE,"floor",28,-2.0653099,1.4467555,12.034755,-2.0743944,0.077527792290707,0.681031480185083,0.804597701149425,NA,NA
"ni_n87",87,FALSE,"floor",29,-1.9991762,1.5660544,11.38213,-2.4686233,0.0489862702221893,0.75841493219677,0.862068965517241,NA,NA
"ni_n87",87,FALSE,"floor",30,-1.8890452,1.5083732,11.771461,-2.3484752,0.0459664469149215,0.646699853077039,0.71264367816092,NA,NA
"ni_n87",87,FALSE,"floor",31,-1.9615062,1.5080773,11.342609,-2.0826407,0.0587108162566761,0.737575490379347,0.850574712643678,NA,NA
"ni_n87",87,FALSE,"floor",32,-1.8616185,1.5140184,8.7035319,-2.4791089,0.0546453707267191,0.703787570887235,0.804597701149425,NA,NA
"ni_n87",87,FALSE,"floor",33,-2.1251378,1.4451789,12.956695,-2.249821,0.0461220795350723,0.804223908094509,0.896551724137931,NA,NA
"ni_n87",87,FALSE,"floor",34,-1.8012612,1.5280241,10.070027,-2.1183646,0.0691330372161598,0.644520633192356,0.770114942528736,NA,NA
"ni_n87",87,FALSE,"floor",35,-2.0907171,1.3977272,10.64196,-2.1327822,0.0810916388991173,0.683567604309607,0.804597701149425,NA,NA
"ni_n87",87,FALSE,"floor",36,-2.0551788,1.7429781,11.794037,-2.1729239,0.0629477775356128,0.724693560797516,0.816091954022989,NA,NA
"ni_n87",87,FALSE,"floor",37,-1.9884936,1.5239825,11.809114,-2.212056,0.0582693574037086,0.706397475802846,0.781609195402299,NA,NA
"ni_n87",87,FALSE,"floor",38,-1.5132793,1.5592541,9.7755555,-2.7919907,0.0326361286153823,0.68361174009357,0.770114942528736,NA,NA
"ni_n87",87,FALSE,"floor",39,-1.9727231,1.4707309,11.842427,-2.3815088,0.0362936585525618,0.703064622869842,0.781609195402299,NA,NA
"ni_n87",87,FALSE,"floor",40,-2.1195168,1.5433742,10.437395,-2.440857,0.032310132327506,0.731948385391531,0.804597701149425,NA,NA
"ni_n87",87,FALSE,"floor",41,-1.6541115,1.5702761,12.176177,-1.9977573,0.0574465467521028,0.697098597858138,0.793103448275862,NA,NA
"ni_n87",87,FALSE,"floor",42,-1.82672,1.4593653,10.30143,-2.2593503,0.0629464126009726,0.712921011090751,0.839080459770115,NA,NA
"ni_n87",87,FALSE,"floor",43,-1.8778325,1.4955205,10.815742,-2.3860638,0.044694037589127,0.732127752581998,0.804597701149425,NA,NA
"ni_n87",87,FALSE,"floor",44,-2.0104242,1.4840711,10.524894,-2.3414871,0.0480667867028658,0.700652441393455,0.781609195402299,NA,NA
"ni_n87",87,FALSE,"floor",45,-2.0429775,1.5376093,11.936903,-2.5569554,0.0444441455790115,0.716567677289004,0.793103448275862,NA,NA
"ni_n87",87,FALSE,"floor",46,-1.6488209,1.5276379,11.952103,-2.4295037,0.0314721124091924,0.704550311904814,0.770114942528736,NA,NA
"ni_n87",87,FALSE,"floor",47,-1.7266744,1.532836,12.059238,-1.9158024,0.0759377515057064,0.709758710034043,0.816091954022989,NA,NA
"ni_n87",87,FALSE,"floor",48,-1.8810789,1.5832512,11.901643,-2.3710368,0.0502611103804061,0.746003984202025,0.816091954022989,NA,NA
"ni_n87",87,FALSE,"floor",49,-1.9127973,1.4541949,13.331695,-2.3423956,0.062726778726387,0.73772957196902,0.827586206896552,NA,NA
"ni_n87",87,FALSE,"floor",50,-1.973401,1.3670045,12.641079,-1.7783612,0.0968743159106068,0.613465497490969,0.735632183908046,NA,NA
"ni_n87",87,FALSE,"floor",51,-1.9824478,1.730102,12.069602,-2.5009861,0.0402537530609943,0.763907401997212,0.839080459770115,NA,NA
"ni_n87",87,FALSE,"floor",52,-1.6253553,1.5992984,10.0909,-2.5407564,0.0467409435290768,0.743186105053415,0.839080459770115,NA,NA
"ni_n87",87,FALSE,"floor",53,-1.5548019,1.5777871,10.579886,-2.4340034,0.0491374595290621,0.654473838435091,0.735632183908046,NA,NA
"ni_n87",87,FALSE,"floor",54,-2.4206436,1.4664622,11.489793,-1.8582679,0.0889171169826849,0.746703851793739,0.873563218390805,NA,NA
"ni_n87",87,FALSE,"floor",55,-1.9875776,1.4544067,9.9706813,-2.2800366,0.0661514509534881,0.659858481521682,0.747126436781609,NA,NA
"ni_n87",87,FALSE,"floor",56,-1.9159414,1.4449846,14.482193,-2.368791,0.0599604138615168,0.661445651937109,0.735632183908046,NA,NA
"ni_n87",87,FALSE,"floor",57,-2.1873617,1.4486291,11.214112,-2.385377,0.0490505572067069,0.755230212561504,0.816091954022989,NA,NA
"ni_n87",87,FALSE,"floor",58,-1.9051084,1.5938763,13.181313,-2.4140458,0.0507594090411317,0.706060162857772,0.793103448275862,NA,NA
"ni_n87",87,FALSE,"floor",59,-1.8638933,1.4900529,10.75017,-2.5292571,0.0328461615663481,0.700043757716122,0.758620689655172,NA,NA
"ni_n87",87,FALSE,"floor",60,-1.4326178,1.6437147,11.481202,-2.488877,0.0538740956583819,0.71210030189133,0.804597701149425,NA,NA
"ni_n87",87,FALSE,"floor",61,-2.0567511,1.6181005,13.513329,-2.8005211,0.0222284885173154,0.733383636209408,0.781609195402299,NA,NA
"ni_n87",87,FALSE,"floor",62,-2.0777423,1.5076479,10.696463,-2.263772,0.0744530223776766,0.699734985836605,0.793103448275862,NA,NA
"ni_n87",87,FALSE,"floor",63,-1.9707689,1.4910064,9.4691326,-2.6483119,0.0550106084499725,0.62876138279332,0.701149425287356,NA,NA
"ni_n87",87,FALSE,"floor",64,-1.8369966,1.5572202,10.861816,-2.1333734,0.0641750203493106,0.668522326020273,0.758620689655172,NA,NA
"ni_n87",87,FALSE,"floor",65,-1.7392362,1.4240636,10.312003,-2.4469957,0.0511060160392042,0.707394576433161,0.804597701149425,NA,NA
"ni_n87",87,FALSE,"floor",66,-2.0415892,1.5042714,9.4196846,-2.3943381,0.0545516320460147,0.699646586687953,0.804597701149425,NA,NA
"ni_n87",87,FALSE,"floor",67,-1.9582835,1.5559887,9.6156764,-2.1554949,0.0619168706569481,0.758337474426285,0.862068965517241,NA,NA
"ni_n87",87,FALSE,"floor",68,-1.8796428,1.4785858,11.40367,-2.1868067,0.0546068863508088,0.747219354097786,0.839080459770115,NA,NA
"ni_n87",87,FALSE,"floor",69,-2.1305875,1.5178545,11.197754,-2.0088471,0.069474283931148,0.722093111809295,0.839080459770115,NA,NA
"ni_n87",87,FALSE,"floor",70,-2.2903541,1.7184011,11.039335,-2.6307136,0.0467388121975393,0.785343986978779,0.862068965517241,NA,NA
"ni_n87",87,FALSE,"floor",71,-1.9532877,1.6959359,11.822985,-2.5828609,0.0331248046355366,0.789132096518177,0.873563218390805,NA,NA
"ni_n87",87,FALSE,"floor",72,-1.9312438,1.352017,11.012236,-2.3868249,0.0459163178420947,0.786914673464498,0.862068965517241,NA,NA
"ni_n87",87,FALSE,"floor",73,-1.8822638,1.3728289,9.6942505,-2.3066854,0.0598503711208011,0.621122590031629,0.701149425287356,NA,NA
"ni_n87",87,FALSE,"floor",74,-2.1133313,1.4180455,10.432386,-2.1352798,0.0691886075300882,0.694062350495201,0.781609195402299,NA,NA
"ni_n87",87,FALSE,"floor",75,-2.2239127,1.4338336,10.865153,-2.4668015,0.0372739972769205,0.670932145068945,0.758620689655172,NA,NA
"ni_n87",87,FALSE,"floor",76,-2.1127153,1.5804148,12.209702,-2.4280428,0.0593298896652449,0.710200384749788,0.804597701149425,NA,NA
"ni_n87",87,FALSE,"floor",77,-1.8544128,1.5462332,11.6278,-2.5014782,0.0382556571748944,0.768002308088202,0.862068965517241,NA,NA
"ni_n87",87,FALSE,"floor",78,-2.0990434,1.5677886,9.3434838,-2.4207284,0.0426431874303228,0.724269087451435,0.816091954022989,NA,NA
"ni_n87",87,FALSE,"floor",79,-2.2134396,1.5474404,11.346848,-1.9538409,0.0687193646351762,0.691602909772936,0.816091954022989,NA,NA
"ni_n87",87,FALSE,"floor",80,-2.1262795,1.572386,12.952685,-2.3644658,0.051899522977364,0.735413473729749,0.804597701149425,NA,NA
"ni_n87",87,FALSE,"floor",81,-2.1715581,1.5174205,12.727826,-2.267648,0.0497446801179461,0.76364682170566,0.862068965517241,NA,NA
"ni_n87",87,FALSE,"floor",82,-1.8427086,1.6830634,9.058321,-2.6770279,0.0332453602828874,0.736867163238806,0.816091954022989,NA,NA
"ni_n87",87,FALSE,"floor",83,-1.9306731,1.5199827,10.877131,-2.0628656,0.0560073396860037,0.671991416810987,0.758620689655172,NA,NA
"ni_n87",87,FALSE,"floor",84,-2.027203,1.3776199,10.501378,-2.5075304,0.0549688401240174,0.720758492285417,0.793103448275862,NA,NA
"ni_n87",87,FALSE,"floor",85,-1.9999403,1.5525936,10.612957,-2.4613552,0.0571903656432604,0.678843196049409,0.770114942528736,NA,NA
"ni_n87",87,FALSE,"floor",86,-1.8238083,1.548058,12.645474,-2.4288604,0.0474875847259539,0.702501775249195,0.781609195402299,NA,NA
"ni_n87",87,FALSE,"floor",87,-2.1369618,1.5215065,11.343609,-2.4085879,0.0422824702787784,0.760527360911076,0.827586206896552,NA,NA
"ni_n87",87,FALSE,"floor",88,-1.888459,1.5248066,11.690779,-2.1102218,0.056624123805906,0.719471101644106,0.839080459770115,NA,NA
"ni_n87",87,FALSE,"floor",89,-1.974304,1.480026,10.339107,-2.5468424,0.052104197142775,0.722143369736835,0.804597701149425,NA,NA
"ni_n87",87,FALSE,"floor",90,-2.3141185,1.52353,11.643308,-2.3565974,0.0534741439298529,0.778892824723855,0.885057471264368,NA,NA
"ni_n87",87,FALSE,"floor",91,-1.8748344,1.4025095,10.96757,-2.2032476,0.0712413589118603,0.694103422943099,0.770114942528736,NA,NA
"ni_n87",87,FALSE,"floor",92,-1.9830086,1.4776002,12.218084,-2.1835036,0.055837791110353,0.704368121972194,0.804597701149425,NA,NA
"ni_n87",87,FALSE,"floor",93,-2.0358905,1.5400763,10.891182,-2.2209577,0.0403698670548526,0.756851708482674,0.850574712643678,NA,NA
"ni_n87",87,FALSE,"floor",94,-2.003433,1.3547766,11.629896,-1.8997709,0.0666246896177379,0.740219182266565,0.850574712643678,NA,NA
"ni_n87",87,FALSE,"floor",95,-1.9259878,1.4715043,12.434612,-1.7288367,0.0839702629998208,0.699593724976206,0.839080459770115,NA,NA
"ni_n87",87,FALSE,"floor",96,-2.1203323,1.5789464,12.067642,-2.5093038,0.0517837698886985,0.728389374997821,0.804597701149425,NA,NA
"ni_n87",87,FALSE,"floor",97,-1.7834412,1.4036313,11.004326,-2.1329477,0.0538974193928584,0.704295991522277,0.793103448275862,NA,NA
"ni_n87",87,FALSE,"floor",98,-1.8714743,1.604166,11.547207,-2.3514015,0.0454367394811373,0.6781025379825,0.758620689655172,NA,NA
"ni_n87",87,FALSE,"floor",99,-1.8758313,1.4623258,12.274241,-2.0273519,0.0536669692397141,0.718886502209046,0.804597701149425,NA,NA
"ni_n87",87,FALSE,"floor",100,-1.6699752,1.6125046,10.798887,-2.2855275,0.0621204929399445,0.664493088541808,0.758620689655172,NA,NA
"ni_n87",87,FALSE,"exact",1,-2.345837,1.1489826,6.4176316,-2.3349628,0.0893551263580668,0.684080918879419,0.850574712643678,NA,NA
"ni_n87",87,FALSE,"exact",2,-2.220907,1.0569848,6.3548768,-2.2583012,0.10501871121958,0.707503633153944,0.862068965517241,NA,NA
"ni_n87",87,FALSE,"exact",3,-2.0331628,1.0351877,7.3806325,-2.1985277,0.103532655175584,0.681654039305279,0.816091954022989,NA,NA
"ni_n87",87,FALSE,"exact",4,-2.5141917,1.115015,6.7807665,-1.9704578,0.116367813052692,0.617305101455942,0.758620689655172,NA,NA
"ni_n87",87,FALSE,"exact",5,-2.4191201,1.069537,6.6642126,-2.8133542,0.0708608834061003,0.750201411305905,0.850574712643678,NA,NA
"ni_n87",87,FALSE,"exact",6,-2.3581355,1.0929757,5.7750027,-2.3120546,0.109780413535677,0.707230941783305,0.862068965517241,NA,NA
"ni_n87",87,FALSE,"exact",7,-2.0123767,1.158753,7.7154298,-1.8709357,0.135275809009593,0.663800902545793,0.850574712643678,NA,NA
"ni_n87",87,FALSE,"exact",8,-2.2329716,1.066361,7.0885265,-2.2740833,0.107134994613797,0.684699944547968,0.827586206896552,NA,NA
"ni_n87",87,FALSE,"exact",9,-2.2157225,1.0185035,7.3917447,-2.0733016,0.0861445444484602,0.670374910383199,0.816091954022989,NA,NA
"ni_n87",87,FALSE,"exact",10,-2.0758178,1.1916162,6.177217,-2.5890639,0.0875461113219924,0.729026095795305,0.862068965517241,NA,NA
"ni_n87",87,FALSE,"exact",11,-1.8323957,1.2136067,6.8708841,-2.8321198,0.0710817320279969,0.711713597293834,0.827586206896552,NA,NA
"ni_n87",87,FALSE,"exact",12,-2.4407072,1.1164817,6.2573794,-2.6543663,0.0843751095006745,0.698085960805708,0.793103448275862,NA,NA
"ni_n87",87,FALSE,"exact",13,-1.518403,1.1666261,7.2801009,-2.7021934,0.0779403620986187,0.725222318635425,0.862068965517241,NA,NA
"ni_n87",87,FALSE,"exact",14,-1.9634634,1.098127,7.2417438,-2.4686962,0.0696457045626758,0.668893679941727,0.781609195402299,NA,NA
"ni_n87",87,FALSE,"exact",15,-1.9733262,1.1260568,6.1790984,-2.4758479,0.0785170968051901,0.684216120893141,0.804597701149425,NA,NA
"ni_n87",87,FALSE,"exact",16,-2.1375477,1.1569088,7.1423012,-2.3337626,0.083837823071886,0.621346760404268,0.770114942528736,NA,NA
"ni_n87",87,FALSE,"exact",17,-2.3090672,1.2117751,6.7967619,-2.7866316,0.0597079861650138,0.724859804050058,0.839080459770115,NA,NA
"ni_n87",87,FALSE,"exact",18,-2.2858532,1.142943,6.7635776,-2.5403965,0.120320850856603,0.689598956323703,0.839080459770115,NA,NA
"ni_n87",87,FALSE,"exact",19,-1.9111374,1.2122935,6.6165999,-2.6866969,0.0598949143062878,0.728867353436626,0.839080459770115,NA,NA
"ni_n87",87,FALSE,"exact",20,-1.6640957,1.1231899,5.7616228,-2.5612089,0.0709878885518715,0.671909797997238,0.793103448275862,NA,NA
"ni_n87",87,FALSE,"exact",21,-2.2366527,1.0619955,6.1481978,-2.1894735,0.104811262128921,0.672145214593098,0.804597701149425,NA,NA
"ni_n87",87,FALSE,"exact",22,-2.2819182,1.0818663,6.2174502,-2.2342739,0.110120826547729,0.643430124907134,0.781609195402299,NA,NA
"ni_n87",87,FALSE,"exact",23,-2.6009528,1.0251783,6.9766345,-2.2468416,0.0905297395580248,0.682059005102979,0.816091954022989,NA,NA
"ni_n87",87,FALSE,"exact",24,-2.4018118,1.1736504,7.246037,-2.2903689,0.0832662518019719,0.71210048504573,0.850574712643678,NA,NA
"ni_n87",87,FALSE,"exact",25,-2.0212068,1.1162365,6.9652132,-2.5505155,0.0742040461028999,0.674882931887547,0.804597701149425,NA,NA
"ni_n87",87,FALSE,"exact",26,-1.9974072,0.9917368,7.2560105,-2.7008666,0.0616901197923684,0.69234830452266,0.804597701149425,NA,NA
"ni_n87",87,FALSE,"exact",27,-2.1786009,1.0483838,6.6042092,-2.313035,0.107883011768851,0.638081895182651,0.758620689655172,NA,NA
"ni_n87",87,FALSE,"exact",28,-2.2808408,1.1167973,7.30604,-2.1379704,0.1138147483187,0.642746519342713,0.804597701149425,NA,NA
"ni_n87",87,FALSE,"exact",29,-2.1449983,1.1364534,8.2868363,-2.5433803,0.0842415201149305,0.707800160284739,0.862068965517241,NA,NA
"ni_n87",87,FALSE,"exact",30,-1.9232306,1.1569585,7.2630765,-2.5166185,0.0758981271482184,0.62174275869674,0.71264367816092,NA,NA
"ni_n87",87,FALSE,"exact",31,-2.1778222,1.0921551,6.2924197,-2.1936062,0.0823864855762778,0.70127955334407,0.850574712643678,NA,NA
"ni_n87",87,FALSE,"exact",32,-1.8951476,1.1166131,6.3794669,-2.5911366,0.076494617275432,0.678837266626356,0.804597701149425,NA,NA
"ni_n87",87,FALSE,"exact",33,-2.4217991,1.0603146,6.4543664,-2.4738151,0.075550129060669,0.752533722034691,0.896551724137931,NA,NA
"ni_n87",87,FALSE,"exact",34,-1.9330624,1.1742121,6.6878549,-2.2525249,0.0949421248965631,0.611448925137425,0.770114942528736,NA,NA
"ni_n87",87,FALSE,"exact",35,-2.2216029,1.0630228,6.576928,-2.375238,0.099565134225005,0.659822672570631,0.804597701149425,NA,NA
"ni_n87",87,FALSE,"exact",36,-2.1028699,1.2567874,7.3917339,-2.0528121,0.111134180927117,0.680527757051335,0.816091954022989,NA,NA
"ni_n87",87,FALSE,"exact",37,-2.046948,1.1035358,7.8843687,-2.43861,0.092424868983962,0.668930869571169,0.781609195402299,NA,NA
"ni_n87",87,FALSE,"exact",38,-1.5419295,1.1909294,6.72494,-2.5535252,0.0711013847804376,0.638643526418174,0.770114942528736,NA,NA
"ni_n87",87,FALSE,"exact",39,-2.211842,1.0973415,6.8979839,-2.6729971,0.0544946005118657,0.668508824784966,0.781609195402299,NA,NA
"ni_n87",87,FALSE,"exact",40,-2.1919994,1.1696555,7.5679016,-2.6863496,0.0521833278244877,0.705863152811302,0.804597701149425,NA,NA
"ni_n87",87,FALSE,"exact",41,-1.7038824,1.1949253,7.6332414,-2.2766685,0.0731438504495796,0.66535197135819,0.793103448275862,NA,NA
"ni_n87",87,FALSE,"exact",42,-2.0602513,1.1419418,6.9995112,-2.4367207,0.0852989730198353,0.67866049204361,0.839080459770115,NA,NA
"ni_n87",87,FALSE,"exact",43,-2.0282779,1.0977474,7.610337,-2.5786652,0.0756337573128495,0.698631260354964,0.804597701149425,NA,NA
"ni_n87",87,FALSE,"exact",44,-2.0888561,1.0747087,6.819158,-2.271193,0.0935688356904839,0.649799466266398,0.781609195402299,NA,NA
"ni_n87",87,FALSE,"exact",45,-2.1227083,1.158927,7.393135,-2.4279758,0.0823669801268594,0.674726790531032,0.793103448275862,NA,NA
"ni_n87",87,FALSE,"exact",46,-1.5904451,1.1243063,7.3327902,-2.5862084,0.0562923652498229,0.671497892875922,0.770114942528736,NA,NA
"ni_n87",87,FALSE,"exact",47,-2.0182034,1.1605481,6.899226,-2.1411566,0.113793664437065,0.66958959440594,0.816091954022989,NA,NA
"ni_n87",87,FALSE,"exact",48,-1.8379504,1.1597385,7.4980837,-2.6063927,0.074760997156006,0.723516200031936,0.816091954022989,NA,NA
"ni_n87",87,FALSE,"exact",49,-2.1738573,1.0858281,7.2185571,-2.2355614,0.111195044206892,0.680401989595071,0.827586206896552,NA,NA
"ni_n87",87,FALSE,"exact",50,-2.1322742,1.0611556,7.4143267,-1.7784228,0.130096644047794,0.576903607475118,0.735632183908046,NA,NA
"ni_n87",87,FALSE,"exact",51,-2.0275601,1.2084299,7.3048561,-2.4474815,0.100627160685595,0.705120019620502,0.839080459770115,NA,NA
"ni_n87",87,FALSE,"exact",52,-1.607338,1.1716859,6.6102854,-2.5197674,0.0817690333363831,0.698934229147722,0.839080459770115,NA,NA
"ni_n87",87,FALSE,"exact",53,-1.6643109,1.2324063,6.9249436,-2.6273127,0.0853576864523642,0.621554888633722,0.735632183908046,NA,NA
"ni_n87",87,FALSE,"exact",54,-2.7354969,1.0718436,7.2070178,-1.9324452,0.123949328931008,0.697245228225286,0.873563218390805,NA,NA
"ni_n87",87,FALSE,"exact",55,-2.0934437,1.081771,6.2359008,-2.173684,0.131968788349119,0.602902086329345,0.747126436781609,NA,NA
"ni_n87",87,FALSE,"exact",56,-2.3070323,1.1474332,7.1957984,-2.345973,0.114423210783499,0.604838288523069,0.735632183908046,NA,NA
"ni_n87",87,FALSE,"exact",57,-2.3040899,1.0077082,7.7406727,-2.5031906,0.0929814246447467,0.707981201495442,0.816091954022989,NA,NA
"ni_n87",87,FALSE,"exact",58,-2.0943212,1.2456354,6.585224,-2.5989765,0.0783476175187602,0.674533520609224,0.793103448275862,NA,NA
"ni_n87",87,FALSE,"exact",59,-1.922202,1.1348755,6.7133506,-2.5723262,0.06083310601993,0.667131938354613,0.758620689655172,NA,NA
"ni_n87",87,FALSE,"exact",60,-1.5724652,1.2282256,6.9946876,-2.3638455,0.103212670736609,0.662348603209529,0.804597701149425,NA,NA
"ni_n87",87,FALSE,"exact",61,-2.1899481,1.2386642,6.445972,-3.0853824,0.0335151244426782,0.716046232449679,0.781609195402299,NA,NA
"ni_n87",87,FALSE,"exact",62,-2.2010053,1.0988547,6.804375,-2.1308926,0.130906761644081,0.647015123527871,0.793103448275862,NA,NA
"ni_n87",87,FALSE,"exact",63,-2.1239083,1.1816073,6.5036098,-2.6940044,0.0838027578598805,0.604685140007119,0.701149425287356,NA,NA
"ni_n87",87,FALSE,"exact",64,-1.8744345,1.1531726,7.2294826,-2.2652936,0.0887626387140758,0.645802895432703,0.758620689655172,NA,NA
"ni_n87",87,FALSE,"exact",65,-1.8977486,1.0710288,6.6371161,-2.5038878,0.0747995327522708,0.667389340794258,0.804597701149425,NA,NA
"ni_n87",87,FALSE,"exact",66,-2.1737404,1.1470112,5.7374155,-2.533059,0.0738699859189227,0.668686099245594,0.804597701149425,NA,NA
"ni_n87",87,FALSE,"exact",67,-2.0247464,1.1435921,6.5022829,-2.3073484,0.0928449446553564,0.723729040105247,0.862068965517241,NA,NA
"ni_n87",87,FALSE,"exact",68,-1.9433703,1.0802552,6.9625999,-2.2136892,0.0868407930986325,0.70606720417513,0.839080459770115,NA,NA
"ni_n87",87,FALSE,"exact",69,-2.2432158,1.0833264,7.2283027,-2.1767415,0.0922683022608502,0.686002919032153,0.839080459770115,NA,NA
"ni_n87",87,FALSE,"exact",70,-2.4637691,1.1599561,5.8362317,-2.3263669,0.121489755962969,0.711387697449125,0.862068965517241,NA,NA
"ni_n87",87,FALSE,"exact",71,-2.2861324,1.1968632,7.035069,-2.4951025,0.0765989733999723,0.724490945965849,0.873563218390805,NA,NA
"ni_n87",87,FALSE,"exact",72,-2.1249273,0.93715113,7.4788298,-2.3365049,0.0910150723788167,0.737723872624665,0.862068965517241,NA,NA
"ni_n87",87,FALSE,"exact",73,-2.1724464,1.0474333,6.7901449,-2.4547747,0.0855618920658214,0.590587478186772,0.701149425287356,NA,NA
"ni_n87",87,FALSE,"exact",74,-2.2914939,1.0707926,6.7253065,-2.4590955,0.0901103680648635,0.672963853236405,0.781609195402299,NA,NA
"ni_n87",87,FALSE,"exact",75,-2.3588703,1.0715474,6.62202,-2.482518,0.0665255449838842,0.629101920166161,0.758620689655172,NA,NA
"ni_n87",87,FALSE,"exact",76,-2.2197056,1.1562402,6.6876965,-2.464626,0.0901993266173909,0.669169776449138,0.804597701149425,NA,NA
"ni_n87",87,FALSE,"exact",77,-2.0245968,1.1075894,7.4607535,-2.5562687,0.0780357348876481,0.705544130648677,0.862068965517241,NA,NA
"ni_n87",87,FALSE,"exact",78,-2.1407333,1.1333637,6.2472258,-2.3854909,0.0764900095926384,0.678967302268742,0.816091954022989,NA,NA
"ni_n87",87,FALSE,"exact",79,-2.4670812,1.1465655,6.8832782,-1.8597728,0.113057689136664,0.637937933782649,0.816091954022989,NA,NA
"ni_n87",87,FALSE,"exact",80,-2.3074771,1.1516232,6.8542391,-2.4839057,0.0773111691655925,0.705496778433067,0.804597701149425,NA,NA
"ni_n87",87,FALSE,"exact",81,-2.4682301,1.1160286,8.3529298,-2.3345695,0.0874824121260437,0.723119403707923,0.862068965517241,NA,NA
"ni_n87",87,FALSE,"exact",82,-1.8282645,1.2107259,5.4503352,-2.8792165,0.0616851032174942,0.69760088991908,0.816091954022989,NA,NA
"ni_n87",87,FALSE,"exact",83,-2.0207154,1.1728891,7.750141,-2.340618,0.0723341441349907,0.647201692422551,0.758620689655172,NA,NA
"ni_n87",87,FALSE,"exact",84,-2.173745,1.0086618,7.2037458,-2.6252464,0.0823590606753727,0.689208910799391,0.793103448275862,NA,NA
"ni_n87",87,FALSE,"exact",85,-2.2580083,1.1794138,7.0705958,-2.5166886,0.0885778915945482,0.649498749163991,0.770114942528736,NA,NA
"ni_n87",87,FALSE,"exact",86,-1.7799445,1.141351,7.7645232,-2.3569997,0.0870009971326769,0.656409170906975,0.781609195402299,NA,NA
"ni_n87",87,FALSE,"exact",87,-2.2817597,1.1078567,6.6151227,-2.4484335,0.0798550007323344,0.720348844713817,0.827586206896552,NA,NA
"ni_n87",87,FALSE,"exact",88,-2.2192986,1.1250485,6.7169712,-2.4066982,0.0813785485728077,0.679543042638813,0.839080459770115,NA,NA
"ni_n87",87,FALSE,"exact",89,-2.2807298,1.1017376,6.7634172,-2.537154,0.0857399337475963,0.683291710311577,0.804597701149425,NA,NA
"ni_n87",87,FALSE,"exact",90,-2.787952,1.034804,7.393222,-1.9721482,0.10488246987979,0.70610355141036,0.885057471264368,NA,NA
"ni_n87",87,FALSE,"exact",91,-2.1202225,1.0453932,6.8287341,-2.3208892,0.10687904490314,0.659696360041134,0.770114942528736,NA,NA
"ni_n87",87,FALSE,"exact",92,-2.1108223,1.1126454,7.0570646,-2.3050921,0.0868068773680526,0.665822450428328,0.804597701149425,NA,NA
"ni_n87",87,FALSE,"exact",93,-1.9818374,1.1646484,8.0680918,-2.4135309,0.0599731519629525,0.725018574612216,0.850574712643678,NA,NA
"ni_n87",87,FALSE,"exact",94,-2.091015,1.0048544,7.2835104,-2.1212685,0.0891536766533326,0.704727326116146,0.850574712643678,NA,NA
"ni_n87",87,FALSE,"exact",95,-2.2195152,1.169002,7.1866244,-2.0247317,0.102704447432012,0.660584094756675,0.839080459770115,NA,NA
"ni_n87",87,FALSE,"exact",96,-2.4336796,1.1786168,7.5348476,-2.7051812,0.0823790599985343,0.697060585442526,0.804597701149425,NA,NA
"ni_n87",87,FALSE,"exact",97,-1.7998705,1.0253176,6.7240756,-2.2853334,0.0893378295340636,0.660880840701726,0.793103448275862,NA,NA
"ni_n87",87,FALSE,"exact",98,-2.0357299,1.2238685,6.6502954,-2.3679605,0.074793907123648,0.649660599800694,0.758620689655172,NA,NA
"ni_n87",87,FALSE,"exact",99,-1.8911518,1.0965639,7.2181834,-2.1142716,0.0874017406946653,0.676349543766936,0.804597701149425,NA,NA
"ni_n87",87,FALSE,"exact",100,-1.6750994,1.2403282,6.8308869,-2.4427721,0.0907617288747551,0.630768212550598,0.758620689655172,NA,NA
"ni_n150",150,FALSE,"floor",1,-1.9920786,1.5274999,14.231205,-2.7253941,0.0404157968944824,0.750165697816015,0.833333333333333,NA,NA
"ni_n150",150,FALSE,"floor",2,-1.9599226,1.5413283,14.394083,-2.8310362,0.0423352933914738,0.708738764667066,0.78,NA,NA
"ni_n150",150,FALSE,"floor",3,-2.1631302,1.6240667,12.751292,-2.7414876,0.0505414207882832,0.715578621669169,0.8,NA,NA
"ni_n150",150,FALSE,"floor",4,-2.1256723,1.5413063,14.413709,-2.8260615,0.0452950924646447,0.719952153138,0.8,NA,NA
"ni_n150",150,FALSE,"floor",5,-2.2816876,1.5625011,13.739862,-2.8406938,0.0300680822758707,0.703488774198058,0.773333333333333,NA,NA
"ni_n150",150,FALSE,"floor",6,-2.1852607,1.4970377,13.743176,-2.4939826,0.065145489793248,0.69583694572927,0.8,NA,NA
"ni_n150",150,FALSE,"floor",7,-2.0301204,1.5138871,13.396852,-2.7463625,0.0424827191102828,0.749914208462609,0.826666666666667,NA,NA
"ni_n150",150,FALSE,"floor",8,-2.3327999,1.4743279,14.77572,-2.2187346,0.0585613689239054,0.705129397639663,0.786666666666667,NA,NA
"ni_n150",150,FALSE,"floor",9,-2.2632429,1.5608499,13.297957,-2.6704497,0.0405293635348753,0.715440202217022,0.793333333333333,NA,NA
"ni_n150",150,FALSE,"floor",10,-2.0531417,1.6052065,14.152981,-2.9581663,0.0255476753055584,0.678587986077947,0.74,NA,NA
"ni_n150",150,FALSE,"floor",11,-2.1823988,1.5062935,14.784468,-2.7529908,0.040334578325682,0.69633693889275,0.766666666666667,NA,NA
"ni_n150",150,FALSE,"floor",12,-2.0734166,1.6149508,13.249724,-2.11423,0.0719045930716986,0.696811911240988,0.806666666666667,NA,NA
"ni_n150",150,FALSE,"floor",13,-1.57818,1.4596891,14.393952,-2.685233,0.0356870545470531,0.731517076642419,0.793333333333333,NA,NA
"ni_n150",150,FALSE,"floor",14,-2.1681306,1.5399769,13.319602,-3.0363179,0.0283707663007489,0.71359890469751,0.766666666666667,NA,NA
"ni_n150",150,FALSE,"floor",15,-2.053167,1.496838,14.641495,-2.5239428,0.0493877247363708,0.716528123799199,0.806666666666667,NA,NA
"ni_n150",150,FALSE,"floor",16,-1.9009817,1.518321,12.66557,-2.8257351,0.0460445440696867,0.680971176834916,0.76,NA,NA
"ni_n150",150,FALSE,"floor",17,-2.0997409,1.5738909,16.153589,-2.4233911,0.0707359405584975,0.687290822931597,0.8,NA,NA
"ni_n150",150,FALSE,"floor",18,-2.1330335,1.4358354,14.676961,-2.585625,0.0531631415893388,0.74060217139333,0.84,NA,NA
"ni_n150",150,FALSE,"floor",19,-2.3939274,1.4459911,15.016839,-2.8831001,0.037101366453782,0.751942376786112,0.813333333333333,NA,NA
"ni_n150",150,FALSE,"floor",20,-2.3663753,1.5620668,15.804232,-2.7649901,0.0481812525077049,0.745801074923908,0.826666666666667,NA,NA
"ni_n150",150,FALSE,"floor",21,-2.1648269,1.4834118,12.95246,-2.9458129,0.0421903542457479,0.626658322352268,0.693333333333333,NA,NA
"ni_n150",150,FALSE,"floor",22,-1.6466649,1.5885362,14.015871,-2.7435702,0.0452497360422588,0.741079363819602,0.826666666666667,NA,NA
"ni_n150",150,FALSE,"floor",23,-2.0296301,1.4957943,13.726102,-2.975117,0.0402502934941998,0.686698901176924,0.76,NA,NA
"ni_n150",150,FALSE,"floor",24,-1.7594534,1.5448021,12.241066,-2.6146066,0.0497209616377502,0.703935299012418,0.793333333333333,NA,NA
"ni_n150",150,FALSE,"floor",25,-2.0861555,1.4356865,17.322437,-2.4495432,0.0504760854999215,0.691945133282371,0.773333333333333,NA,NA
"ni_n150",150,FALSE,"floor",26,-2.3588082,1.4288873,14.21632,-2.7334013,0.0373739220128112,0.758768158388045,0.84,NA,NA
"ni_n150",150,FALSE,"floor",27,-2.329816,1.4699016,12.018742,-2.7256075,0.0422199431298684,0.720011756020049,0.793333333333333,NA,NA
"ni_n150",150,FALSE,"floor",28,-2.0347053,1.5261107,16.267029,-3.0379701,0.0253104318798653,0.741670977415864,0.806666666666667,NA,NA
"ni_n150",150,FALSE,"floor",29,-2.0768968,1.5592293,13.486647,-2.716654,0.0381402948905739,0.722932755900181,0.793333333333333,NA,NA
"ni_n150",150,FALSE,"floor",30,-2.3311013,1.3641844,14.413595,-2.7659525,0.0498105127214415,0.715686070499012,0.8,NA,NA
"ni_n150",150,FALSE,"floor",31,-1.9103909,1.4799166,14.326289,-2.8297933,0.0368014218880693,0.707907029796152,0.773333333333333,NA,NA
"ni_n150",150,FALSE,"floor",32,-2.2373064,1.5445962,14.832752,-3.0040393,0.0405043256611662,0.745942474885448,0.806666666666667,NA,NA
"ni_n150",150,FALSE,"floor",33,-2.327405,1.5344173,13.844503,-2.8989477,0.0371382014573593,0.72154765726719,0.793333333333333,NA,NA
"ni_n150",150,FALSE,"floor",34,-2.2660357,1.5556399,13.039198,-2.8094957,0.0461251512348387,0.720762662903459,0.8,NA,NA
"ni_n150",150,FALSE,"floor",35,-2.2881577,1.5797671,13.922628,-2.8745751,0.0512744468807432,0.72356641245649,0.82,NA,NA
"ni_n150",150,FALSE,"floor",36,-2.2040887,1.5543348,14.484078,-2.9806486,0.0329813511695315,0.681567386631262,0.74,NA,NA
"ni_n150",150,FALSE,"floor",37,-2.2559568,1.5036506,13.611574,-2.6658046,0.0528610696171933,0.772679963154178,0.86,NA,NA
"ni_n150",150,FALSE,"floor",38,-2.0570066,1.4632542,13.602645,-2.5271298,0.0465018566478159,0.706096863008656,0.78,NA,NA
"ni_n150",150,FALSE,"floor",39,-2.3704595,1.5482535,13.815454,-2.521711,0.0471748098633643,0.763951076004562,0.853333333333333,NA,NA
"ni_n150",150,FALSE,"floor",40,-2.0048774,1.5047761,12.765867,-2.7619239,0.035290886461533,0.726987549786138,0.793333333333333,NA,NA
"ni_n150",150,FALSE,"floor",41,-2.1254937,1.4513365,13.623804,-2.834984,0.0472360359470977,0.673594274312773,0.753333333333333,NA,NA
"ni_n150",150,FALSE,"floor",42,-1.9881384,1.4645516,14.979381,-2.4917787,0.0455708410642694,0.77167217741644,0.866666666666667,NA,NA
"ni_n150",150,FALSE,"floor",43,-2.2875821,1.4991403,13.78125,-2.7904947,0.0483777212547168,0.707476012238903,0.78,NA,NA
"ni_n150",150,FALSE,"floor",44,-2.2568584,1.4485362,13.531148,-2.6935445,0.0492179507604987,0.752276338691152,0.826666666666667,NA,NA
"ni_n150",150,FALSE,"floor",45,-2.4495286,1.4939361,11.880887,-3.0651763,0.0367333204271028,0.776010913879512,0.866666666666667,NA,NA
"ni_n150",150,FALSE,"floor",46,-2.1694654,1.4117494,13.634928,-2.6844999,0.0460735046142493,0.708396354599008,0.793333333333333,NA,NA
"ni_n150",150,FALSE,"floor",47,-2.2826645,1.4506866,14.387974,-2.6109343,0.0511127128261269,0.683586297082406,0.76,NA,NA
"ni_n150",150,FALSE,"floor",48,-2.264858,1.6142175,13.020013,-3.0864708,0.0293758369891474,0.748934485820749,0.813333333333333,NA,NA
"ni_n150",150,FALSE,"floor",49,-1.7636755,1.5271746,14.74359,-2.2851326,0.0631778037054693,0.713764522558149,0.826666666666667,NA,NA
"ni_n150",150,FALSE,"floor",50,-2.3739232,1.5040046,14.303539,-2.7579348,0.0314037715786265,0.707943637841666,0.78,NA,NA
"ni_n150",150,FALSE,"floor",51,-2.5861113,1.5473313,13.969738,-2.7566513,0.0347011204096127,0.740695603064018,0.806666666666667,NA,NA
"ni_n150",150,FALSE,"floor",52,-2.4778215,1.5172856,14.191559,-2.7606785,0.0397687682770704,0.74329146802921,0.813333333333333,NA,NA
"ni_n150",150,FALSE,"floor",53,-2.0331149,1.5026188,13.63048,-2.4226713,0.0535641687173744,0.740368989528057,0.84,NA,NA
"ni_n150",150,FALSE,"floor",54,-1.9096318,1.4307333,14.50409,-2.3357168,0.0531044662094556,0.677918396422791,0.766666666666667,NA,NA
"ni_n150",150,FALSE,"floor",55,-2.0211331,1.4597425,14.513908,-2.5593483,0.0564603739490338,0.69606125322773,0.793333333333333,NA,NA
"ni_n150",150,FALSE,"floor",56,-1.9295271,1.4486438,14.731403,-2.6406322,0.0498189188032239,0.681778792817157,0.76,NA,NA
"ni_n150",150,FALSE,"floor",57,-2.1569646,1.544651,13.87962,-2.6924438,0.0441403248899413,0.718993689748399,0.8,NA,NA
"ni_n150",150,FALSE,"floor",58,-1.9681301,1.567041,13.157383,-2.85004,0.0466530017164786,0.696489725615667,0.766666666666667,NA,NA
"ni_n150",150,FALSE,"floor",59,-2.0769325,1.6643574,13.615826,-2.838385,0.0276138003004418,0.753478071561871,0.826666666666667,NA,NA
"ni_n150",150,FALSE,"floor",60,-2.1945585,1.4606235,13.677217,-2.6539236,0.0616378816999615,0.726147059311729,0.813333333333333,NA,NA
"ni_n150",150,FALSE,"floor",61,-2.0845503,1.5308003,12.648263,-2.7323154,0.0357344369649342,0.738683476788499,0.8,NA,NA
"ni_n150",150,FALSE,"floor",62,-1.9912681,1.5917148,15.216683,-3.056401,0.0333603428401075,0.696176141898742,0.753333333333333,NA,NA
"ni_n150",150,FALSE,"floor",63,-2.3002945,1.4363178,15.266161,-2.6643554,0.0487605101428641,0.740187360662874,0.82,NA,NA
"ni_n150",150,FALSE,"floor",64,-1.7383461,1.4850872,13.807403,-2.4208585,0.0644933868289661,0.664997981727138,0.773333333333333,NA,NA
"ni_n150",150,FALSE,"floor",65,-2.3688153,1.560488,16.006895,-2.9348535,0.0308837927942091,0.773639921933292,0.84,NA,NA
"ni_n150",150,FALSE,"floor",66,-1.8425882,1.4985272,13.536678,-2.3948743,0.0455219187754703,0.70052691902363,0.793333333333333,NA,NA
"ni_n150",150,FALSE,"floor",67,-1.7954833,1.5454819,13.169555,-2.5773609,0.0413431461191607,0.6794534571921,0.76,NA,NA
"ni_n150",150,FALSE,"floor",68,-2.0726354,1.5702159,15.613237,-2.903052,0.043648910187927,0.695500047257654,0.78,NA,NA
"ni_n150",150,FALSE,"floor",69,-1.9240957,1.5651569,15.019674,-3.083546,0.0263961564090602,0.734988355549748,0.806666666666667,NA,NA
"ni_n150",150,FALSE,"floor",70,-2.0498745,1.4583359,13.640339,-3.1810367,0.0257759386328634,0.744279829547198,0.8,NA,NA
"ni_n150",150,FALSE,"floor",71,-2.1366768,1.5553183,13.402866,-2.5236568,0.0519392022903934,0.738969054657741,0.826666666666667,NA,NA
"ni_n150",150,FALSE,"floor",72,-2.2554437,1.6072013,13.828911,-3.1001954,0.0353872574250615,0.738402304901587,0.793333333333333,NA,NA
"ni_n150",150,FALSE,"floor",73,-2.2763166,1.5629075,11.988549,-2.796068,0.0489844950131328,0.66875719616084,0.76,NA,NA
"ni_n150",150,FALSE,"floor",74,-2.1216753,1.6156513,13.879624,-2.8357617,0.0392376541008302,0.726706560238964,0.8,NA,NA
"ni_n150",150,FALSE,"floor",75,-2.2541657,1.5690187,12.086229,-2.8333125,0.0403932509697462,0.720643591687624,0.786666666666667,NA,NA
"ni_n150",150,FALSE,"floor",76,-2.1424329,1.5696636,13.807979,-2.629763,0.0400722374335581,0.699743409830948,0.78,NA,NA
"ni_n150",150,FALSE,"floor",77,-2.1835124,1.5413063,14.865691,-2.610818,0.0561022773416718,0.72306358979231,0.806666666666667,NA,NA
"ni_n150",150,FALSE,"floor",78,-2.1263938,1.6080455,13.412088,-2.6153036,0.0538549305909594,0.770449180874557,0.873333333333333,NA,NA
"ni_n150",150,FALSE,"floor",79,-1.7359625,1.5510838,12.467995,-2.8647811,0.0412065617865794,0.725892521746514,0.8,NA,NA
"ni_n150",150,FALSE,"floor",80,-1.8950488,1.5179958,15.192157,-2.8194809,0.0332035199760106,0.727597755127888,0.786666666666667,NA,NA
"ni_n150",150,FALSE,"floor",81,-1.655932,1.5452,13.301097,-2.5977637,0.0413664551400949,0.726016945990801,0.806666666666667,NA,NA
"ni_n150",150,FALSE,"floor",82,-2.1815663,1.4995136,14.015689,-2.7230349,0.0465569568797112,0.653760163451262,0.726666666666667,NA,NA
"ni_n150",150,FALSE,"floor",83,-1.9359381,1.5133734,14.928146,-2.4534221,0.0560417779865779,0.644603662086315,0.72,NA,NA
"ni_n150",150,FALSE,"floor",84,-2.2754917,1.5279538,13.525545,-2.123778,0.0697876451781578,0.625879006059582,0.726666666666667,NA,NA
"ni_n150",150,FALSE,"floor",85,-2.287478,1.5466082,14.458906,-3.2069849,0.0408379495428743,0.764880151909958,0.84,NA,NA
"ni_n150",150,FALSE,"floor",86,-2.2904462,1.4659737,12.425388,-2.3361963,0.067922519507042,0.693405731177863,0.8,NA,NA
"ni_n150",150,FALSE,"floor",87,-2.1859241,1.561891,13.434133,-2.8129542,0.0405916513218486,0.799846395665117,0.873333333333333,NA,NA
"ni_n150",150,FALSE,"floor",88,-1.9363272,1.5308935,13.319427,-2.7774809,0.049426658768498,0.712188338425819,0.793333333333333,NA,NA
"ni_n150",150,FALSE,"floor",89,-2.1779074,1.4409008,14.403939,-2.4184152,0.0479543401118298,0.699636932022662,0.766666666666667,NA,NA
"ni_n150",150,FALSE,"floor",90,-2.1553713,1.4802544,12.583998,-2.8007562,0.0522021161349486,0.689432849711217,0.766666666666667,NA,NA
"ni_n150",150,FALSE,"floor",91,-2.0727222,1.5441958,13.573213,-2.6421395,0.0521484758607665,0.683768214165509,0.753333333333333,NA,NA
"ni_n150",150,FALSE,"floor",92,-2.1355704,1.5771228,13.298674,-2.6586842,0.0491820647604677,0.667586370316963,0.733333333333333,NA,NA
"ni_n150",150,FALSE,"floor",93,-2.4547303,1.4650338,12.955984,-2.5852004,0.0453676967634705,0.679014220413155,0.766666666666667,NA,NA
"ni_n150",150,FALSE,"floor",94,-2.2264,1.4444905,14.165997,-3.0219281,0.0319655388626809,0.734952631852257,0.8,NA,NA
"ni_n150",150,FALSE,"floor",95,-1.9933169,1.5482766,13.308773,-2.4065829,0.0650935636870899,0.671683168572981,0.786666666666667,NA,NA
"ni_n150",150,FALSE,"floor",96,-2.1927056,1.4935323,13.273706,-2.5982829,0.0524777519303858,0.680596897068801,0.766666666666667,NA,NA
"ni_n150",150,FALSE,"floor",97,-2.0357386,1.5532201,13.360846,-2.8323951,0.0439232905711747,0.70758840512637,0.78,NA,NA
"ni_n150",150,FALSE,"floor",98,-1.9442358,1.5396145,13.175532,-2.8132963,0.0368231753034448,0.756622409154666,0.82,NA,NA
"ni_n150",150,FALSE,"floor",99,-2.1111288,1.5055143,14.567688,-2.8953625,0.0443149700663627,0.709075356649936,0.793333333333333,NA,NA
"ni_n150",150,FALSE,"floor",100,-2.1458473,1.6251746,13.178986,-2.8486197,0.0430552374637238,0.738193616206872,0.806666666666667,NA,NA
"ni_n150",150,FALSE,"exact",1,-2.0330079,1.1085476,7.9656092,-2.9868527,0.061028447138273,0.71471153686738,0.833333333333333,NA,NA
"ni_n150",150,FALSE,"exact",2,-2.1172104,1.202413,8.7898285,-2.9821029,0.0651161121247999,0.683264843155268,0.78,NA,NA
"ni_n150",150,FALSE,"exact",3,-2.2571271,1.2138267,8.0988854,-3.0392269,0.0676816836256302,0.695377051428445,0.8,NA,NA
"ni_n150",150,FALSE,"exact",4,-2.3575965,1.1238948,6.8656127,-2.7901979,0.0799873604717331,0.672197938273772,0.8,NA,NA
"ni_n150",150,FALSE,"exact",5,-2.2773645,1.1766468,8.6540597,-3.0530882,0.0504095044177728,0.679364568740943,0.773333333333333,NA,NA
"ni_n150",150,FALSE,"exact",6,-2.3570769,1.120735,7.6477603,-2.6665839,0.0918057946252141,0.660065863516124,0.8,NA,NA
"ni_n150",150,FALSE,"exact",7,-2.074787,1.1025868,7.8639104,-2.8346226,0.0753824720955147,0.714569346815603,0.826666666666667,NA,NA
"ni_n150",150,FALSE,"exact",8,-2.4888575,1.0543827,9.1424476,-2.5313248,0.0852832639156245,0.67562564727738,0.786666666666667,NA,NA
"ni_n150",150,FALSE,"exact",9,-2.4743926,1.1462561,8.5547013,-2.6999786,0.071240989550912,0.675239771755429,0.793333333333333,NA,NA
"ni_n150",150,FALSE,"exact",10,-2.0735355,1.216102,8.629067,-3.0744664,0.0475442541385767,0.645205000609937,0.74,NA,NA
"ni_n150",150,FALSE,"exact",11,-2.2006131,1.1558767,7.9141815,-3.0645573,0.05647390779702,0.676981006137844,0.766666666666667,NA,NA
"ni_n150",150,FALSE,"exact",12,-2.2372378,1.19921,8.2021222,-2.1766429,0.100786191043961,0.664205959737519,0.806666666666667,NA,NA
"ni_n150",150,FALSE,"exact",13,-1.7179581,1.0916008,9.2833375,-3.0498111,0.0572112185099315,0.699737254179337,0.793333333333333,NA,NA
"ni_n150",150,FALSE,"exact",14,-2.2502095,1.1177913,8.5480524,-3.0383153,0.0598278556318946,0.683274829505033,0.766666666666667,NA,NA
"ni_n150",150,FALSE,"exact",15,-2.0860411,1.1139372,8.1850542,-2.757345,0.0765159064205928,0.679823667927142,0.806666666666667,NA,NA
"ni_n150",150,FALSE,"exact",16,-2.0428669,1.1416202,8.1815226,-2.9137913,0.0761263439945588,0.648296128887547,0.76,NA,NA
"ni_n150",150,FALSE,"exact",17,-2.225313,1.2217057,7.820425,-2.6800174,0.0949272689281755,0.651558813965511,0.8,NA,NA
"ni_n150",150,FALSE,"exact",18,-2.3696567,1.0868935,8.5283454,-2.7077045,0.0823748880285082,0.698954541220008,0.84,NA,NA
"ni_n150",150,FALSE,"exact",19,-2.5069908,1.0714495,8.4876074,-3.0609703,0.0689184282528478,0.717235631037688,0.813333333333333,NA,NA
"ni_n150",150,FALSE,"exact",20,-2.5771566,1.0942117,8.3166726,-2.5174168,0.101971057424961,0.682936698815474,0.826666666666667,NA,NA
"ni_n150",150,FALSE,"exact",21,-2.2679859,1.1397985,8.9971652,-3.0369716,0.0742122368546605,0.597152004343706,0.693333333333333,NA,NA
"ni_n150",150,FALSE,"exact",22,-1.7245638,1.1979999,8.4329781,-2.8022471,0.073580897312157,0.705774578390606,0.826666666666667,NA,NA
"ni_n150",150,FALSE,"exact",23,-2.2819445,1.141791,8.5123263,-3.1686852,0.0613781244832488,0.663396034120609,0.76,NA,NA
"ni_n150",150,FALSE,"exact",24,-1.7497534,1.1735494,7.9002048,-2.8038667,0.0702751499176204,0.677988542532376,0.793333333333333,NA,NA
"ni_n150",150,FALSE,"exact",25,-2.323029,1.1284169,9.5839773,-2.7813625,0.0720153476116911,0.664189702319536,0.773333333333333,NA,NA
"ni_n150",150,FALSE,"exact",26,-2.4867731,0.9773879,8.38361,-2.4389701,0.0938479201555423,0.690883270105276,0.84,NA,NA
"ni_n150",150,FALSE,"exact",27,-2.4060842,1.0930982,7.9525916,-2.9676817,0.0665356753373214,0.693995012720614,0.793333333333333,NA,NA
"ni_n150",150,FALSE,"exact",28,-2.2040671,1.1677356,8.1543244,-3.1658945,0.0545085786728549,0.704985003471021,0.806666666666667,NA,NA
"ni_n150",150,FALSE,"exact",29,-2.1550354,1.1369883,7.8171329,-3.0004646,0.0585570112506902,0.69904295715487,0.793333333333333,NA,NA
"ni_n150",150,FALSE,"exact",30,-2.6962119,1.0221292,8.1027772,-2.9408852,0.0777131137583049,0.676516635154201,0.8,NA,NA
"ni_n150",150,FALSE,"exact",31,-1.8867189,1.1202906,8.9179203,-3.1033738,0.0568045487588237,0.676123645800478,0.773333333333333,NA,NA
"ni_n150",150,FALSE,"exact",32,-2.2985796,1.1571614,9.3340934,-3.118918,0.0701011172155933,0.713864506943252,0.806666666666667,NA,NA
"ni_n150",150,FALSE,"exact",33,-2.5454869,1.1125545,8.1329546,-2.9394492,0.0663127640491135,0.686225334237123,0.793333333333333,NA,NA
"ni_n150",150,FALSE,"exact",34,-2.447675,1.1370472,7.3956567,-2.8335429,0.0806698848062199,0.681689871160951,0.8,NA,NA
"ni_n150",150,FALSE,"exact",35,-2.4176765,1.201559,8.2317999,-2.6797391,0.0919419634260539,0.675115288860874,0.82,NA,NA
"ni_n150",150,FALSE,"exact",36,-2.4309556,1.1909022,8.6185874,-3.1470762,0.0573200365084021,0.653599209537257,0.74,NA,NA
"ni_n150",150,FALSE,"exact",37,-2.4450753,1.1020582,7.8327976,-2.8870329,0.0712813774403883,0.738204489716893,0.86,NA,NA
"ni_n150",150,FALSE,"exact",38,-2.0834925,1.1128479,8.252589,-2.693177,0.0663008859856868,0.678803036427691,0.78,NA,NA
"ni_n150",150,FALSE,"exact",39,-2.5458853,1.0975016,7.4538605,-2.7112889,0.0759884666130992,0.722104717350821,0.853333333333333,NA,NA
"ni_n150",150,FALSE,"exact",40,-2.1127497,1.1122639,7.772752,-3.0314105,0.0583428119958129,0.695666968799424,0.793333333333333,NA,NA
"ni_n150",150,FALSE,"exact",41,-2.301291,1.1343157,8.7442231,-2.8796486,0.0799452805395507,0.633529132252327,0.753333333333333,NA,NA
"ni_n150",150,FALSE,"exact",42,-2.2423287,1.1293786,8.0961678,-2.9683703,0.0579976371122054,0.745181138982294,0.866666666666667,NA,NA
"ni_n150",150,FALSE,"exact",43,-2.330886,1.119352,8.1618588,-2.7533077,0.0934067173799553,0.665178647468364,0.78,NA,NA
"ni_n150",150,FALSE,"exact",44,-2.3840763,1.0379374,8.3987745,-2.8100317,0.080935983268244,0.714608583679212,0.826666666666667,NA,NA
"ni_n150",150,FALSE,"exact",45,-2.5447091,1.0439263,7.4080683,-2.8392651,0.081207522032579,0.715891266211639,0.866666666666667,NA,NA
"ni_n150",150,FALSE,"exact",46,-2.4144442,1.0422873,8.1587826,-2.7886534,0.0759714155993006,0.669521035006016,0.793333333333333,NA,NA
"ni_n150",150,FALSE,"exact",47,-2.3845819,1.0592395,8.8748574,-2.696537,0.0840794584029958,0.648094280047895,0.76,NA,NA
"ni_n150",150,FALSE,"exact",48,-2.55796,1.1590685,6.9919003,-3.1454342,0.0664502733224924,0.705981268582718,0.813333333333333,NA,NA
"ni_n150",150,FALSE,"exact",49,-1.7998793,1.1509708,8.2185951,-2.6056614,0.080303156114326,0.684102869240371,0.826666666666667,NA,NA
"ni_n150",150,FALSE,"exact",50,-2.4546928,1.1200604,7.9733864,-2.8416308,0.0544977761148224,0.674763769854453,0.78,NA,NA
"ni_n150",150,FALSE,"exact",51,-2.8808375,1.1234413,7.7665924,-2.9229727,0.0634996139465206,0.703597961299219,0.806666666666667,NA,NA
"ni_n150",150,FALSE,"exact",52,-2.7739858,1.0759189,8.2889248,-2.8622101,0.0713584979192316,0.710121228647064,0.813333333333333,NA,NA
"ni_n150",150,FALSE,"exact",53,-2.1175449,1.128056,7.6438556,-2.5522707,0.089144032630262,0.694113399334999,0.84,NA,NA
"ni_n150",150,FALSE,"exact",54,-1.9865985,1.1263884,7.87142,-2.6335843,0.0718569583431418,0.647890572401052,0.766666666666667,NA,NA
"ni_n150",150,FALSE,"exact",55,-2.3147926,1.0998087,8.1153538,-2.5190675,0.100077898264552,0.643065878709945,0.793333333333333,NA,NA
"ni_n150",150,FALSE,"exact",56,-2.1484416,1.1236143,8.5471994,-2.8534172,0.0674533669103849,0.658553232505034,0.76,NA,NA
"ni_n150",150,FALSE,"exact",57,-2.3185975,1.1737174,8.7063209,-3.0174078,0.0632294973246024,0.696915756612931,0.8,NA,NA
"ni_n150",150,FALSE,"exact",58,-2.0567747,1.2068848,7.9745147,-3.0774373,0.0642821727566255,0.675297431657452,0.766666666666667,NA,NA
"ni_n150",150,FALSE,"exact",59,-2.0839518,1.2324538,8.1184859,-2.9710097,0.0542224011706827,0.717381716139397,0.826666666666667,NA,NA
"ni_n150",150,FALSE,"exact",60,-2.2998996,1.0591149,7.4538203,-2.4550499,0.111218427065237,0.67987551079957,0.813333333333333,NA,NA
"ni_n150",150,FALSE,"exact",61,-2.2279644,1.1132508,7.7901787,-2.9294317,0.064497185634156,0.702854721266435,0.8,NA,NA
"ni_n150",150,FALSE,"exact",62,-2.1725874,1.2449909,8.9320312,-3.3083065,0.0522610376745068,0.673373778436799,0.753333333333333,NA,NA
"ni_n150",150,FALSE,"exact",63,-2.534523,1.0551922,7.7045331,-2.6984449,0.0833332836306769,0.691916712136286,0.82,NA,NA
"ni_n150",150,FALSE,"exact",64,-1.8153612,1.14317,8.9852987,-2.5850307,0.0893802760576612,0.633097091158059,0.773333333333333,NA,NA
"ni_n150",150,FALSE,"exact",65,-2.8043299,1.0902612,7.8299595,-2.8923601,0.0712743304810666,0.721567102628813,0.84,NA,NA
"ni_n150",150,FALSE,"exact",66,-1.8375072,1.0999775,8.7051417,-2.5759228,0.0727697173452503,0.662455400707809,0.793333333333333,NA,NA
"ni_n150",150,FALSE,"exact",67,-1.8087662,1.1871723,8.7277128,-2.8701393,0.0565217430712845,0.659714956523493,0.76,NA,NA
"ni_n150",150,FALSE,"exact",68,-2.2208932,1.2261239,8.5130521,-3.1712038,0.0611940340523323,0.670275738257429,0.78,NA,NA
"ni_n150",150,FALSE,"exact",69,-1.94695,1.1707228,8.2927837,-3.1503122,0.0555644214896811,0.699082975668641,0.806666666666667,NA,NA
"ni_n150",150,FALSE,"exact",70,-2.1799881,1.0731403,9.0300001,-3.2890901,0.0515243881105086,0.706950684985364,0.8,NA,NA
"ni_n150",150,FALSE,"exact",71,-2.2268765,1.1703171,8.8900016,-2.6753106,0.0772695633002475,0.709553051858958,0.826666666666667,NA,NA
"ni_n150",150,FALSE,"exact",72,-2.4084585,1.2285477,7.7554212,-3.2578454,0.0598064795336671,0.712619702853315,0.793333333333333,NA,NA
"ni_n150",150,FALSE,"exact",73,-2.5189152,1.1799117,8.3331211,-2.9148078,0.0752632086605067,0.640425888132847,0.76,NA,NA
"ni_n150",150,FALSE,"exact",74,-2.2555603,1.172219,8.361971,-3.050967,0.0656464418624447,0.693720861864574,0.8,NA,NA
"ni_n150",150,FALSE,"exact",75,-2.4022254,1.1566181,7.9897158,-2.7738914,0.071982850653074,0.687666918421563,0.786666666666667,NA,NA
"ni_n150",150,FALSE,"exact",76,-2.2549498,1.1993144,7.9095367,-2.9700867,0.0623942512899964,0.6716468469115,0.78,NA,NA
"ni_n150",150,FALSE,"exact",77,-2.3460678,1.1509186,7.7125673,-2.8116051,0.079566664195704,0.693844883348467,0.806666666666667,NA,NA
"ni_n150",150,FALSE,"exact",78,-2.2747853,1.1490446,8.4406728,-2.4025641,0.104099142736203,0.705194422644069,0.873333333333333,NA,NA
"ni_n150",150,FALSE,"exact",79,-1.9364368,1.1906911,8.4896071,-3.1320209,0.0608064517378922,0.70030641875297,0.8,NA,NA
"ni_n150",150,FALSE,"exact",80,-1.8041598,1.1235412,9.5342503,-3.0886824,0.0561976295284212,0.699738274972037,0.786666666666667,NA,NA
"ni_n150",150,FALSE,"exact",81,-1.6951628,1.1748475,7.9797406,-2.9428276,0.0611368838710418,0.691802131713077,0.806666666666667,NA,NA
"ni_n150",150,FALSE,"exact",82,-2.4181901,1.132936,8.1691186,-2.9791573,0.0690807560553285,0.629445024109835,0.726666666666667,NA,NA
"ni_n150",150,FALSE,"exact",83,-2.0644569,1.1524492,9.1371361,-2.5788063,0.0866882872853123,0.611734506167153,0.72,NA,NA
"ni_n150",150,FALSE,"exact",84,-2.2870082,1.1634019,8.9288833,-2.3778652,0.093826185805304,0.597285467242113,0.726666666666667,NA,NA
"ni_n150",150,FALSE,"exact",85,-2.4540657,1.1602663,8.827744,-3.1384141,0.0725724555426688,0.728165189383171,0.84,NA,NA
"ni_n150",150,FALSE,"exact",86,-2.4095806,1.0915521,7.7409247,-2.3847461,0.102986705010516,0.652344409473976,0.8,NA,NA
"ni_n150",150,FALSE,"exact",87,-2.37726,1.1046347,8.1174458,-2.675904,0.0844988230113158,0.756722535405917,0.873333333333333,NA,NA
"ni_n150",150,FALSE,"exact",88,-1.9593834,1.1326574,7.1040557,-2.9164389,0.0690615599998264,0.692052311647444,0.793333333333333,NA,NA
"ni_n150",150,FALSE,"exact",89,-2.3200508,1.1219333,9.1449863,-2.6832203,0.0671625690081302,0.674937772276879,0.766666666666667,NA,NA
"ni_n150",150,FALSE,"exact",90,-2.2447997,1.126908,8.2946861,-2.7341234,0.0971455862934245,0.650865194441098,0.766666666666667,NA,NA
"ni_n150",150,FALSE,"exact",91,-2.1876636,1.1254945,8.7593851,-2.7107951,0.0900483773482822,0.647670503823657,0.753333333333333,NA,NA
"ni_n150",150,FALSE,"exact",92,-2.2530951,1.2093984,8.7687707,-2.8875094,0.0702518461932124,0.647490003899863,0.733333333333333,NA,NA
"ni_n150",150,FALSE,"exact",93,-2.6518346,1.0629606,8.1216185,-2.6063319,0.0779084842659465,0.635876957805617,0.766666666666667,NA,NA
"ni_n150",150,FALSE,"exact",94,-2.5122426,1.0494187,8.966411,-3.0114042,0.0624283117045833,0.698357292789932,0.8,NA,NA
"ni_n150",150,FALSE,"exact",95,-2.0964642,1.166403,7.9026028,-2.4998739,0.0991655032603035,0.62654939501481,0.786666666666667,NA,NA
"ni_n150",150,FALSE,"exact",96,-2.4270797,1.1354703,7.7339475,-2.9478419,0.0676416070154846,0.658365039320933,0.766666666666667,NA,NA
"ni_n150",150,FALSE,"exact",97,-2.190936,1.1498989,7.8626164,-2.9229099,0.0759679473956925,0.672775709883403,0.78,NA,NA
"ni_n150",150,FALSE,"exact",98,-2.026342,1.1005919,8.0265508,-3.0501778,0.0651007738164464,0.726206254285452,0.82,NA,NA
"ni_n150",150,FALSE,"exact",99,-2.2403523,1.1220045,8.5971517,-2.9814549,0.0717701025764584,0.672297910450547,0.793333333333333,NA,NA
"ni_n150",150,FALSE,"exact",100,-2.1900106,1.2408279,8.4558335,-2.9333519,0.0733304577726997,0.704492085800484,0.806666666666667,NA,NA
"ni_n300",300,FALSE,"floor",1,-2.1809391,1.514123,17.011212,-3.5097492,0.0376009268335258,0.720127904574703,0.796666666666667,NA,NA
"ni_n300",300,FALSE,"floor",2,-2.3781438,1.5433719,18.62213,-3.4137728,0.0349072508052891,0.728358486270153,0.79,NA,NA
"ni_n300",300,FALSE,"floor",3,-2.20172,1.5426719,18.242037,-3.6803071,0.0266717096271647,0.758208377670137,0.816666666666667,NA,NA
"ni_n300",300,FALSE,"floor",4,-2.3238035,1.5727873,17.5291,-3.3215589,0.03611071225958,0.721901746179641,0.793333333333333,NA,NA
"ni_n300",300,FALSE,"floor",5,-2.3461932,1.502512,18.817201,-3.1438721,0.0414507808553895,0.711040640281456,0.783333333333333,NA,NA
"ni_n300",300,FALSE,"floor",6,-2.4321682,1.5129963,18.079761,-3.1324921,0.0361220295725853,0.69509012137402,0.76,NA,NA
"ni_n300",300,FALSE,"floor",7,-2.2882845,1.5618213,20.054882,-3.794883,0.024819665959874,0.741904300032435,0.796666666666667,NA,NA
"ni_n300",300,FALSE,"floor",8,-2.4036044,1.5236646,19.976442,-3.332397,0.0322636246299634,0.735323959696305,0.796666666666667,NA,NA
"ni_n300",300,FALSE,"floor",9,-2.2770813,1.5242241,19.731109,-3.7049932,0.0242384575005214,0.74940970343288,0.806666666666667,NA,NA
"ni_n300",300,FALSE,"floor",10,-2.4451635,1.5744402,19.026331,-3.8168181,0.0221751394915571,0.731809855893617,0.786666666666667,NA,NA
"ni_n300",300,FALSE,"floor",11,-2.1041122,1.5289447,19.014288,-3.5426542,0.0274716946652881,0.733169042842454,0.79,NA,NA
"ni_n300",300,FALSE,"floor",12,-2.4330937,1.4331858,18.043618,-3.5269103,0.0284725423357908,0.7720509716605,0.826666666666667,NA,NA
"ni_n300",300,FALSE,"floor",13,-2.488756,1.553291,18.622031,-3.3690418,0.0397709850897375,0.721017657790002,0.786666666666667,NA,NA
"ni_n300",300,FALSE,"floor",14,-2.2041172,1.5197648,17.449277,-3.0033975,0.0488216710137733,0.670196984550713,0.753333333333333,NA,NA
"ni_n300",300,FALSE,"floor",15,-2.4055185,1.5536988,17.742761,-3.2071106,0.0375332824120722,0.760618243654946,0.83,NA,NA
"ni_n300",300,FALSE,"floor",16,-2.1404812,1.4967707,18.138026,-3.5416868,0.0301007154081774,0.731217600275572,0.796666666666667,NA,NA
"ni_n300",300,FALSE,"floor",17,-2.3586024,1.4980448,19.384303,-3.4404736,0.0298166077460485,0.738279440512415,0.8,NA,NA
"ni_n300",300,FALSE,"floor",18,-2.2256128,1.5431683,17.0801,-3.4662119,0.0335974801335101,0.752815629136842,0.83,NA,NA
"ni_n300",300,FALSE,"floor",19,-2.4063626,1.5280535,19.070179,-3.2591359,0.0384444550252265,0.700932688338052,0.766666666666667,NA,NA
"ni_n300",300,FALSE,"floor",20,-2.3690253,1.5660052,19.029536,-3.6215903,0.0233756560914974,0.770507322662963,0.826666666666667,NA,NA
"ni_n300",300,FALSE,"floor",21,-2.459547,1.5988035,17.576156,-3.3261546,0.0339431640165149,0.737345930899593,0.803333333333333,NA,NA
"ni_n300",300,FALSE,"floor",22,-2.196841,1.5796857,17.978568,-3.0855786,0.0497498237273742,0.685035234642248,0.77,NA,NA
"ni_n300",300,FALSE,"floor",23,-2.4011344,1.4583514,19.051597,-3.3378802,0.0426033902608641,0.729329972212383,0.8,NA,NA
"ni_n300",300,FALSE,"floor",24,-2.2929391,1.5802001,17.160715,-3.6321057,0.0331277567017754,0.735922020195009,0.796666666666667,NA,NA
"ni_n300",300,FALSE,"floor",25,-2.2045396,1.53432,17.653937,-3.6687245,0.0335014265656294,0.744156411382005,0.81,NA,NA
"ni_n300",300,FALSE,"floor",26,-2.507418,1.5830506,18.525792,-3.5807403,0.0328485592092395,0.724053633848431,0.793333333333333,NA,NA
"ni_n300",300,FALSE,"floor",27,-2.4702034,1.5332538,18.521573,-3.3176858,0.035268779810239,0.749017435891099,0.813333333333333,NA,NA
"ni_n300",300,FALSE,"floor",28,-2.3806727,1.523449,19.786709,-3.7194646,0.0286718523095089,0.717973847956732,0.78,NA,NA
"ni_n300",300,FALSE,"floor",29,-2.4971408,1.5191829,17.997822,-3.5182617,0.0344725862120078,0.750631471416636,0.816666666666667,NA,NA
"ni_n300",300,FALSE,"floor",30,-2.4921826,1.5143676,18.884637,-3.4689269,0.0346388319875324,0.711599801927102,0.783333333333333,NA,NA
"ni_n300",300,FALSE,"floor",31,-2.1958005,1.5782438,16.505758,-3.2019279,0.043703435245739,0.707086745663358,0.786666666666667,NA,NA
"ni_n300",300,FALSE,"floor",32,-2.2257352,1.5145524,19.835017,-3.8158383,0.0217261867905442,0.76840138120473,0.823333333333333,NA,NA
"ni_n300",300,FALSE,"floor",33,-2.4224977,1.5482121,18.629429,-3.4325644,0.0310164226725647,0.740392898537175,0.803333333333333,NA,NA
"ni_n300",300,FALSE,"floor",34,-2.3855627,1.590553,16.800173,-3.5398789,0.0356071664750737,0.730932016463803,0.803333333333333,NA,NA
"ni_n300",300,FALSE,"floor",35,-2.3750303,1.5223673,19.358603,-3.3004701,0.0335698019831535,0.685248302017905,0.746666666666667,NA,NA
"ni_n300",300,FALSE,"floor",36,-2.2964292,1.5736514,17.571036,-3.6437714,0.0319965264080137,0.707212584289779,0.773333333333333,NA,NA
"ni_n300",300,FALSE,"floor",37,-2.435644,1.5005338,18.784232,-3.3227292,0.0319383545182939,0.705847799942832,0.77,NA,NA
"ni_n300",300,FALSE,"floor",38,-2.2980691,1.5256603,16.350398,-3.5133336,0.0388750354540586,0.738472342325852,0.813333333333333,NA,NA
"ni_n300",300,FALSE,"floor",39,-2.1259184,1.5757737,18.137843,-3.7673497,0.0270751935557868,0.712461095351887,0.763333333333333,NA,NA
"ni_n300",300,FALSE,"floor",40,-2.4703921,1.5265268,17.203312,-3.5904878,0.028986856945369,0.735855696994903,0.793333333333333,NA,NA
"ni_n300",300,FALSE,"floor",41,-2.1405634,1.5105245,17.24121,-3.4448539,0.0349050947161226,0.723428726038675,0.796666666666667,NA,NA
"ni_n300",300,FALSE,"floor",42,-2.2759105,1.6049907,19.299899,-3.3991306,0.0393992332344694,0.720101201857943,0.786666666666667,NA,NA
"ni_n300",300,FALSE,"floor",43,-2.1992034,1.5524696,18.611152,-3.5551266,0.0285826549346762,0.747089114618224,0.81,NA,NA
"ni_n300",300,FALSE,"floor",44,-2.4647056,1.5584186,20.284036,-3.6414491,0.0321514042323661,0.753132682168603,0.826666666666667,NA,NA
"ni_n300",300,FALSE,"floor",45,-2.3105644,1.5505012,16.149835,-3.3093106,0.0355647353829325,0.720163441585751,0.79,NA,NA
"ni_n300",300,FALSE,"floor",46,-2.0408785,1.572479,17.559786,-3.3884045,0.032932707589586,0.746730548741397,0.81,NA,NA
"ni_n300",300,FALSE,"floor",47,-1.8713734,1.5438415,18.871506,-3.5502476,0.0348717905938191,0.735450690175735,0.803333333333333,NA,NA
"ni_n300",300,FALSE,"floor",48,-2.4723791,1.5923716,19.984161,-3.5238478,0.0308514465411344,0.746793931819978,0.806666666666667,NA,NA
"ni_n300",300,FALSE,"floor",49,-2.4478269,1.5337062,18.475843,-3.4968457,0.0324519713957119,0.755515707595993,0.823333333333333,NA,NA
"ni_n300",300,FALSE,"floor",50,-2.3376722,1.5282425,16.249309,-2.9819409,0.0528498642978919,0.707400222031788,0.796666666666667,NA,NA
"ni_n300",300,FALSE,"floor",51,-2.1622533,1.5950989,16.901408,-3.4114546,0.039868642316376,0.718536756740002,0.79,NA,NA
"ni_n300",300,FALSE,"floor",52,-2.281047,1.5113547,17.433857,-3.3110702,0.0382839113945479,0.744611321063634,0.813333333333333,NA,NA
"ni_n300",300,FALSE,"floor",53,-2.3137432,1.5881655,19.805363,-3.5358023,0.0307848214706028,0.774426223686834,0.836666666666667,NA,NA
"ni_n300",300,FALSE,"floor",54,-2.2600668,1.5237868,19.934313,-3.5985299,0.0276774343250949,0.770634105952694,0.833333333333333,NA,NA
"ni_n300",300,FALSE,"floor",55,-2.2219922,1.5284838,17.069712,-3.6031335,0.0308421145738066,0.691225127682744,0.756666666666667,NA,NA
"ni_n300",300,FALSE,"floor",56,-2.5440478,1.5035435,19.160202,-3.379984,0.0309164220428887,0.711013830897788,0.77,NA,NA
"ni_n300",300,FALSE,"floor",57,-2.6220872,1.611871,20.097099,-3.5494955,0.0328382034491959,0.71244086949421,0.776666666666667,NA,NA
"ni_n300",300,FALSE,"floor",58,-2.1017084,1.4942968,18.187586,-3.0538974,0.0406831468730145,0.73406101927894,0.806666666666667,NA,NA
"ni_n300",300,FALSE,"floor",59,-2.5510433,1.5747471,18.671075,-3.1870242,0.0419285466451557,0.731371164370667,0.806666666666667,NA,NA
"ni_n300",300,FALSE,"floor",60,-2.3113776,1.4966557,20.189419,-3.286668,0.0406421410079123,0.760737170679988,0.836666666666667,NA,NA
"ni_n300",300,FALSE,"floor",61,-2.3496121,1.5642841,19.714696,-3.332516,0.0325548021744252,0.699736218710743,0.766666666666667,NA,NA
"ni_n300",300,FALSE,"floor",62,-2.3453066,1.5670518,16.965683,-3.746567,0.0277117958475625,0.717575021521627,0.773333333333333,NA,NA
"ni_n300",300,FALSE,"floor",63,-2.5729727,1.6104742,18.039077,-3.3676234,0.0263333549752599,0.765932795804646,0.823333333333333,NA,NA
"ni_n300",300,FALSE,"floor",64,-2.3333083,1.530652,17.75678,-3.073205,0.0465613062462659,0.718631335650651,0.803333333333333,NA,NA
"ni_n300",300,FALSE,"floor",65,-2.3346155,1.5661535,18.39497,-3.7929286,0.0306338219488825,0.719199670714505,0.776666666666667,NA,NA
"ni_n300",300,FALSE,"floor",66,-2.3328007,1.5335059,19.095194,-3.1707312,0.0418548338716393,0.727966722172177,0.806666666666667,NA,NA
"ni_n300",300,FALSE,"floor",67,-2.344582,1.5522105,17.023237,-3.2929346,0.0419852747515606,0.708898784007119,0.773333333333333,NA,NA
"ni_n300",300,FALSE,"floor",68,-2.3183332,1.5577414,19.414761,-3.3516487,0.0337395184156634,0.708361398038629,0.773333333333333,NA,NA
"ni_n300",300,FALSE,"floor",69,-2.1248571,1.5092706,16.810771,-3.1841869,0.0471451641746845,0.743710714620417,0.83,NA,NA
"ni_n300",300,FALSE,"floor",70,-2.2877809,1.5052854,18.414643,-3.05299,0.0502867604815574,0.702015333286325,0.786666666666667,NA,NA
"ni_n300",300,FALSE,"floor",71,-2.3833857,1.5084311,19.144441,-3.2516727,0.0376890051404021,0.717619495700229,0.79,NA,NA
"ni_n300",300,FALSE,"floor",72,-2.5071325,1.5264396,18.087704,-3.7089752,0.0271987963331947,0.742809698421042,0.796666666666667,NA,NA
"ni_n300",300,FALSE,"floor",73,-2.0832898,1.4749114,15.794658,-3.0905593,0.0461645846852408,0.729285485617438,0.82,NA,NA
"ni_n300",300,FALSE,"floor",74,-2.4179167,1.4787767,19.618002,-3.4477575,0.0303435804778003,0.749203090817504,0.81,NA,NA
"ni_n300",300,FALSE,"floor",75,-2.3681255,1.5401806,17.965429,-3.1321038,0.0433616933879548,0.732648348351653,0.813333333333333,NA,NA
"ni_n300",300,FALSE,"floor",76,-2.5250055,1.5399492,17.474816,-3.7710174,0.0271028456902483,0.769265542725544,0.836666666666667,NA,NA
"ni_n300",300,FALSE,"floor",77,-2.5506529,1.5588268,17.916037,-3.0834921,0.0421511310458385,0.740122965273109,0.81,NA,NA
"ni_n300",300,FALSE,"floor",78,-2.1864251,1.4936535,18.132353,-3.155315,0.0367190310830924,0.726645660585515,0.803333333333333,NA,NA
"ni_n300",300,FALSE,"floor",79,-2.4663844,1.5504673,18.666768,-3.4831292,0.0333816496605411,0.740260667901533,0.806666666666667,NA,NA
"ni_n300",300,FALSE,"floor",80,-2.1506254,1.5550381,18.224775,-3.5327422,0.0271554175361747,0.770725899891848,0.836666666666667,NA,NA
"ni_n300",300,FALSE,"floor",81,-2.5282048,1.5901522,18.703872,-3.6788794,0.0278592402015514,0.726355447657605,0.783333333333333,NA,NA
"ni_n300",300,FALSE,"floor",82,-2.2341094,1.5020825,21.170108,-3.5213298,0.0294549157538632,0.706160925039905,0.763333333333333,NA,NA
"ni_n300",300,FALSE,"floor",83,-2.326292,1.6067147,17.472806,-3.6119287,0.0286014061790395,0.714698282980536,0.776666666666667,NA,NA
"ni_n300",300,FALSE,"floor",84,-2.2583003,1.5951132,19.428374,-3.427451,0.0361981353071463,0.729327540630502,0.796666666666667,NA,NA
"ni_n300",300,FALSE,"floor",85,-2.296495,1.5118059,18.958344,-3.6901866,0.0268477175054537,0.754406913236942,0.82,NA,NA
"ni_n300",300,FALSE,"floor",86,-2.3917767,1.4806297,17.869155,-3.4948113,0.0255510063179046,0.724855191372763,0.786666666666667,NA,NA
"ni_n300",300,FALSE,"floor",87,-2.3388964,1.5105464,17.739235,-3.3909123,0.0318612964163623,0.732168264033524,0.793333333333333,NA,NA
"ni_n300",300,FALSE,"floor",88,-2.3866807,1.6244098,19.570939,-3.6349042,0.0275415092784709,0.747855390176047,0.806666666666667,NA,NA
"ni_n300",300,FALSE,"floor",89,-2.2782495,1.5824081,19.568592,-2.9830952,0.0493961819224387,0.690294995829901,0.77,NA,NA
"ni_n300",300,FALSE,"floor",90,-2.3520131,1.5073785,16.818934,-3.3690167,0.0382090800397932,0.740517477257016,0.816666666666667,NA,NA
"ni_n300",300,FALSE,"floor",91,-2.4917184,1.5822208,18.177146,-3.6684234,0.0209413546221683,0.728894125805762,0.776666666666667,NA,NA
"ni_n300",300,FALSE,"floor",92,-2.2047611,1.5881098,18.056886,-3.2948995,0.0415992773238987,0.686640782907759,0.756666666666667,NA,NA
"ni_n300",300,FALSE,"floor",93,-2.359283,1.5282702,17.348122,-3.5294352,0.0256659766470439,0.683637145040656,0.736666666666667,NA,NA
"ni_n300",300,FALSE,"floor",94,-2.4355919,1.5646565,16.768068,-3.7287109,0.0209251234787466,0.749795668695879,0.8,NA,NA
"ni_n300",300,FALSE,"floor",95,-2.1905305,1.4773203,18.51063,-3.790883,0.0231036394959258,0.75239951376882,0.806666666666667,NA,NA
"ni_n300",300,FALSE,"floor",96,-2.5521513,1.5235916,17.417178,-3.2960165,0.0419789309527493,0.738540072904361,0.816666666666667,NA,NA
"ni_n300",300,FALSE,"floor",97,-2.31295,1.5443016,17.81241,-3.4713753,0.0335367645307096,0.752753267774352,0.826666666666667,NA,NA
"ni_n300",300,FALSE,"floor",98,-2.2237983,1.4606289,17.771781,-3.3145184,0.0391544380899053,0.703158808902123,0.78,NA,NA
"ni_n300",300,FALSE,"floor",99,-2.2178533,1.5444083,18.254462,-3.5653459,0.0384161602384107,0.693813695470592,0.77,NA,NA
"ni_n300",300,FALSE,"floor",100,-2.3740479,1.5513438,18.412564,-3.5282857,0.0314741507670638,0.741888818950394,0.81,NA,NA
"ni_n300",300,FALSE,"exact",1,-2.2404689,1.132109,10.630474,-3.5362731,0.0695296463495639,0.681515590436784,0.796666666666667,NA,NA
"ni_n300",300,FALSE,"exact",2,-2.4325521,1.1409827,10.990591,-3.5210958,0.0606565929703859,0.698600483340801,0.79,NA,NA
"ni_n300",300,FALSE,"exact",3,-2.3074972,1.1095856,9.9242083,-3.7447218,0.0587791429063424,0.715508194321801,0.816666666666667,NA,NA
"ni_n300",300,FALSE,"exact",4,-2.3844489,1.1697806,9.9714346,-3.4940585,0.0559128425460887,0.690735827372003,0.793333333333333,NA,NA
"ni_n300",300,FALSE,"exact",5,-2.4860732,1.1132357,10.555436,-3.0781607,0.0764137845244031,0.67003488527197,0.783333333333333,NA,NA
"ni_n300",300,FALSE,"exact",6,-2.4904914,1.1312973,10.620055,-3.3640331,0.0574734783575833,0.668158389069874,0.76,NA,NA
"ni_n300",300,FALSE,"exact",7,-2.4300811,1.1911162,10.334997,-4.2454455,0.0367273320346506,0.725059977083001,0.796666666666667,NA,NA
"ni_n300",300,FALSE,"exact",8,-2.5802295,1.1500665,10.452023,-3.557645,0.0560619903859496,0.704276018727874,0.796666666666667,NA,NA
"ni_n300",300,FALSE,"exact",9,-2.4955532,1.1492375,9.865599,-3.7731994,0.0506730506627958,0.713484816166825,0.806666666666667,NA,NA
"ni_n300",300,FALSE,"exact",10,-2.6075774,1.2133396,10.560745,-4.1826925,0.0334237568470474,0.71502832317287,0.786666666666667,NA,NA
"ni_n300",300,FALSE,"exact",11,-2.2169694,1.1400359,10.18386,-3.582915,0.0611225424351082,0.691692143838027,0.79,NA,NA
"ni_n300",300,FALSE,"exact",12,-2.677288,1.0213983,9.8875231,-3.665619,0.0523512239622927,0.740037985641213,0.826666666666667,NA,NA
"ni_n300",300,FALSE,"exact",13,-2.5160011,1.136121,10.230959,-3.3375924,0.0703775777988865,0.688328905931685,0.786666666666667,NA,NA
"ni_n300",300,FALSE,"exact",14,-2.2395478,1.1684211,10.839779,-3.1973913,0.0666765387496007,0.64760562529555,0.753333333333333,NA,NA
"ni_n300",300,FALSE,"exact",15,-2.4621607,1.1024719,9.8605403,-3.0712697,0.0764313374127266,0.710923370411842,0.83,NA,NA
"ni_n300",300,FALSE,"exact",16,-2.2385986,1.1283965,10.79498,-3.598541,0.0541888589607814,0.695605555143656,0.796666666666667,NA,NA
"ni_n300",300,FALSE,"exact",17,-2.55552,1.1239069,10.105133,-3.5740875,0.0518953528393284,0.707468753423468,0.8,NA,NA
"ni_n300",300,FALSE,"exact",18,-2.3310741,1.1323086,9.8934718,-3.4925742,0.0679156614176206,0.710092285776864,0.83,NA,NA
"ni_n300",300,FALSE,"exact",19,-2.4410657,1.1610193,10.478841,-3.5246694,0.0607402608106288,0.674111984213645,0.766666666666667,NA,NA
"ni_n300",300,FALSE,"exact",20,-2.4760601,1.1468592,10.965309,-3.7337637,0.0469111167800549,0.739808423167875,0.826666666666667,NA,NA
"ni_n300",300,FALSE,"exact",21,-2.5606097,1.147725,9.646705,-3.2036057,0.0720801861595752,0.693596265244676,0.803333333333333,NA,NA
"ni_n300",300,FALSE,"exact",22,-2.248535,1.2090807,10.850135,-3.2335394,0.074419936642575,0.655395325530707,0.77,NA,NA
"ni_n300",300,FALSE,"exact",23,-2.4892194,1.1020758,11.241488,-3.5920419,0.0637271064497154,0.702980687560337,0.8,NA,NA
"ni_n300",300,FALSE,"exact",24,-2.4147753,1.1862024,9.5068497,-3.5905942,0.0578843229894762,0.704675040982221,0.796666666666667,NA,NA
"ni_n300",300,FALSE,"exact",25,-2.2085844,1.161208,10.12232,-3.8302304,0.0564599597923942,0.714609381623853,0.81,NA,NA
"ni_n300",300,FALSE,"exact",26,-2.6508631,1.1675187,10.845962,-3.6577475,0.0601011532650215,0.691171644298329,0.793333333333333,NA,NA
"ni_n300",300,FALSE,"exact",27,-2.5518588,1.1579412,10.113669,-3.7326491,0.050795054187544,0.728028585477667,0.813333333333333,NA,NA
"ni_n300",300,FALSE,"exact",28,-2.5696504,1.1398225,10.281212,-3.7052215,0.0628686069913678,0.681735191882445,0.78,NA,NA
"ni_n300",300,FALSE,"exact",29,-2.5552436,1.1077768,10.50558,-3.5191542,0.0616818789640225,0.715685122718824,0.816666666666667,NA,NA
"ni_n300",300,FALSE,"exact",30,-2.762652,1.1321543,9.5359302,-3.5239146,0.0646882358022146,0.674975110037812,0.783333333333333,NA,NA
"ni_n300",300,FALSE,"exact",31,-2.1558317,1.1732926,10.459754,-3.2276139,0.0674501360281642,0.679193212933236,0.786666666666667,NA,NA
"ni_n300",300,FALSE,"exact",32,-2.2827042,1.143872,10.884658,-4.0953132,0.0378360178263093,0.742902292302631,0.823333333333333,NA,NA
"ni_n300",300,FALSE,"exact",33,-2.5111774,1.1316694,10.706267,-3.5758758,0.0538605729317753,0.707813082095316,0.803333333333333,NA,NA
"ni_n300",300,FALSE,"exact",34,-2.4792858,1.1724767,10.287704,-3.5389198,0.0649578969691272,0.695463573781862,0.803333333333333,NA,NA
"ni_n300",300,FALSE,"exact",35,-2.5028348,1.159271,10.953518,-3.2490172,0.0680896715647765,0.646208891765331,0.746666666666667,NA,NA
"ni_n300",300,FALSE,"exact",36,-2.3773024,1.1924163,10.710049,-3.7763179,0.0548168899098777,0.677171067809067,0.773333333333333,NA,NA
"ni_n300",300,FALSE,"exact",37,-2.5385513,1.1365005,10.298993,-3.5660674,0.0499702297455536,0.681657858341145,0.77,NA,NA
"ni_n300",300,FALSE,"exact",38,-2.3393229,1.1151182,10.761005,-3.3041689,0.0762003074962909,0.694575447123237,0.813333333333333,NA,NA
"ni_n300",300,FALSE,"exact",39,-2.1685554,1.1821194,10.79966,-3.7514015,0.0542304525700803,0.684220412617064,0.763333333333333,NA,NA
"ni_n300",300,FALSE,"exact",40,-2.519676,1.1015868,10.522052,-3.5384467,0.0663460028386867,0.694323515761153,0.793333333333333,NA,NA
"ni_n300",300,FALSE,"exact",41,-2.2072348,1.1566685,9.7145843,-3.6883362,0.0523247601306041,0.696658456428462,0.796666666666667,NA,NA
"ni_n300",300,FALSE,"exact",42,-2.2529476,1.2012947,10.831117,-3.5027484,0.0674922348293007,0.689978884426375,0.786666666666667,NA,NA
"ni_n300",300,FALSE,"exact",43,-2.2155732,1.154063,10.417401,-3.7826997,0.0508816627649709,0.716550399732819,0.81,NA,NA
"ni_n300",300,FALSE,"exact",44,-2.6134861,1.1224523,9.9301818,-3.453393,0.070324922518378,0.703395838175276,0.826666666666667,NA,NA
"ni_n300",300,FALSE,"exact",45,-2.4386529,1.145627,10.219134,-3.325676,0.0636530079826078,0.684712535570176,0.79,NA,NA
"ni_n300",300,FALSE,"exact",46,-2.1824717,1.168977,10.144456,-3.4611095,0.0600367727578214,0.714943470780669,0.81,NA,NA
"ni_n300",300,FALSE,"exact",47,-1.87831,1.154851,11.14079,-3.7774754,0.0551168387964535,0.704600172000865,0.803333333333333,NA,NA
"ni_n300",300,FALSE,"exact",48,-2.5834078,1.1380151,10.922357,-3.4832924,0.0634584252063465,0.705239803766154,0.806666666666667,NA,NA
"ni_n300",300,FALSE,"exact",49,-2.5024413,1.118821,10.458359,-3.6831577,0.0605671686002115,0.719872017392131,0.823333333333333,NA,NA
"ni_n300",300,FALSE,"exact",50,-2.3005145,1.1212222,9.8219708,-2.8500337,0.0858388878868936,0.66881176375352,0.796666666666667,NA,NA
"ni_n300",300,FALSE,"exact",51,-2.2400193,1.1672674,11.171514,-3.321758,0.0749463435534143,0.680959543049018,0.79,NA,NA
"ni_n300",300,FALSE,"exact",52,-2.3567547,1.1139287,11.153958,-3.1118556,0.0685170368395373,0.708671987794244,0.813333333333333,NA,NA
"ni_n300",300,FALSE,"exact",53,-2.4009157,1.175192,10.683902,-3.5680934,0.0623054648261913,0.733437145574211,0.836666666666667,NA,NA
"ni_n300",300,FALSE,"exact",54,-2.4116782,1.1358959,10.098228,-3.6909602,0.0491689920629472,0.739932880223445,0.833333333333333,NA,NA
"ni_n300",300,FALSE,"exact",55,-2.3453591,1.1688138,10.75387,-3.8412675,0.0464231023544298,0.66905720384619,0.756666666666667,NA,NA
"ni_n300",300,FALSE,"exact",56,-2.6951154,1.1087345,10.069788,-3.3194807,0.0603936214714673,0.675031728428016,0.77,NA,NA
"ni_n300",300,FALSE,"exact",57,-2.8453922,1.2031418,10.099636,-3.4142525,0.0688569603239707,0.672047511902657,0.776666666666667,NA,NA
"ni_n300",300,FALSE,"exact",58,-2.12218,1.1162802,11.486371,-3.4076646,0.0609514461100788,0.706457458696433,0.806666666666667,NA,NA
"ni_n300",300,FALSE,"exact",59,-2.7057688,1.1551301,10.500643,-3.123909,0.0775301729265916,0.690321029346822,0.806666666666667,NA,NA
"ni_n300",300,FALSE,"exact",60,-2.4058858,1.1120653,11.052856,-3.5014402,0.0649780255468891,0.725838791585429,0.836666666666667,NA,NA
"ni_n300",300,FALSE,"exact",61,-2.4216041,1.185288,12.476117,-3.5851358,0.0550847800928864,0.670533975140578,0.766666666666667,NA,NA
"ni_n300",300,FALSE,"exact",62,-2.4066723,1.1824068,10.514931,-3.8325693,0.0529923054961206,0.688486480466004,0.773333333333333,NA,NA
"ni_n300",300,FALSE,"exact",63,-2.5485953,1.1357757,10.18634,-3.5424167,0.0526235921500705,0.728210102304356,0.823333333333333,NA,NA
"ni_n300",300,FALSE,"exact",64,-2.453987,1.1418414,10.128168,-3.1937647,0.0762401639094324,0.678714243377051,0.803333333333333,NA,NA
"ni_n300",300,FALSE,"exact",65,-2.410654,1.2088306,10.293911,-3.988595,0.0535124026428871,0.6938306480768,0.776666666666667,NA,NA
"ni_n300",300,FALSE,"exact",66,-2.3854666,1.1473885,11.148924,-3.3268293,0.0689524041923456,0.695631005666276,0.806666666666667,NA,NA
"ni_n300",300,FALSE,"exact",67,-2.4346111,1.1523055,9.7696002,-3.3709881,0.0702310650366024,0.67681405974762,0.773333333333333,NA,NA
"ni_n300",300,FALSE,"exact",68,-2.3573459,1.1509485,10.211059,-3.5424882,0.0596587818078029,0.676657129646451,0.773333333333333,NA,NA
"ni_n300",300,FALSE,"exact",69,-2.1902233,1.1327903,10.993355,-3.476772,0.0688897891877265,0.716159834110063,0.83,NA,NA
"ni_n300",300,FALSE,"exact",70,-2.3878223,1.1265069,10.520932,-2.9305879,0.0845748228818135,0.661652751318387,0.786666666666667,NA,NA
"ni_n300",300,FALSE,"exact",71,-2.4456026,1.0902216,10.270541,-3.1784232,0.0752418661611032,0.673779259767003,0.79,NA,NA
"ni_n300",300,FALSE,"exact",72,-2.5491835,1.1367323,9.6267712,-3.7480762,0.0569782421830583,0.705888509846056,0.796666666666667,NA,NA
"ni_n300",300,FALSE,"exact",73,-2.175994,1.0983548,9.9817091,-3.0292587,0.0787395736072877,0.687362985700348,0.82,NA,NA
"ni_n300",300,FALSE,"exact",74,-2.6407775,1.0629271,10.169443,-3.6089299,0.0560510315182707,0.713521412267921,0.81,NA,NA
"ni_n300",300,FALSE,"exact",75,-2.41245,1.1683647,10.317827,-3.150626,0.0701293861222639,0.694192744573724,0.813333333333333,NA,NA
"ni_n300",300,FALSE,"exact",76,-2.603448,1.1166781,10.131379,-4.0619288,0.0451818211436933,0.738819869508206,0.836666666666667,NA,NA
"ni_n300",300,FALSE,"exact",77,-2.5736238,1.1125584,9.783318,-2.6307428,0.0912543765099302,0.685209404980612,0.81,NA,NA
"ni_n300",300,FALSE,"exact",78,-2.2302111,1.1080999,10.503285,-3.3904138,0.0595603257471185,0.695385671719257,0.803333333333333,NA,NA
"ni_n300",300,FALSE,"exact",79,-2.5307585,1.114304,10.567937,-3.4027261,0.0639694831368256,0.700159261456019,0.806666666666667,NA,NA
"ni_n300",300,FALSE,"exact",80,-2.3039247,1.1614285,9.9496235,-3.8320244,0.047533071380501,0.737588427241631,0.836666666666667,NA,NA
"ni_n300",300,FALSE,"exact",81,-2.6940845,1.1772599,9.8722698,-3.634407,0.0541386060871169,0.695106834577601,0.783333333333333,NA,NA
"ni_n300",300,FALSE,"exact",82,-2.3234544,1.1452325,10.518825,-3.6715722,0.053412844267809,0.674755763893432,0.763333333333333,NA,NA
"ni_n300",300,FALSE,"exact",83,-2.3465758,1.2107696,9.6938919,-3.7444995,0.05211294603647,0.685122489310486,0.776666666666667,NA,NA
"ni_n300",300,FALSE,"exact",84,-2.2710278,1.1937874,10.785891,-3.655698,0.0552726377592081,0.70494240029293,0.796666666666667,NA,NA
"ni_n300",300,FALSE,"exact",85,-2.4954242,1.1083451,11.241965,-3.6226737,0.0561438994062648,0.714150118654412,0.82,NA,NA
"ni_n300",300,FALSE,"exact",86,-2.576679,1.1127876,10.603547,-3.7416669,0.0431020101862476,0.698621739110562,0.786666666666667,NA,NA
"ni_n300",300,FALSE,"exact",87,-2.3819981,1.1120162,9.6567172,-3.5285244,0.0568051181651725,0.698383444690491,0.793333333333333,NA,NA
"ni_n300",300,FALSE,"exact",88,-2.6070317,1.1935305,10.164775,-3.5885138,0.0576174791217766,0.709687639529648,0.806666666666667,NA,NA
"ni_n300",300,FALSE,"exact",89,-2.3412192,1.2099339,10.190209,-3.0341571,0.0788914128116253,0.653872523498799,0.77,NA,NA
"ni_n300",300,FALSE,"exact",90,-2.3873255,1.1264569,10.244974,-3.4119331,0.0681542051464992,0.70275609884339,0.816666666666667,NA,NA
"ni_n300",300,FALSE,"exact",91,-2.7149218,1.1541499,10.013056,-3.8163954,0.0438169220477512,0.697216056722009,0.776666666666667,NA,NA
"ni_n300",300,FALSE,"exact",92,-2.1927426,1.1921194,10.621408,-3.2675594,0.06900400931926,0.654846554256382,0.756666666666667,NA,NA
"ni_n300",300,FALSE,"exact",93,-2.3482811,1.1771593,10.710695,-3.937316,0.0409320063386192,0.665918044550037,0.736666666666667,NA,NA
"ni_n300",300,FALSE,"exact",94,-2.4320906,1.1408269,10.067437,-4.005547,0.0431988480181035,0.72086561856371,0.8,NA,NA
"ni_n300",300,FALSE,"exact",95,-2.3298645,1.1027361,10.799596,-3.9401283,0.0472431019388061,0.719698805077734,0.806666666666667,NA,NA
"ni_n300",300,FALSE,"exact",96,-2.6618102,1.1281132,11.37281,-3.1643548,0.0742913586853707,0.697382459558271,0.816666666666667,NA,NA
"ni_n300",300,FALSE,"exact",97,-2.3509404,1.1469565,10.064296,-3.5592315,0.0589109340663454,0.715452429618104,0.826666666666667,NA,NA
"ni_n300",300,FALSE,"exact",98,-2.3483237,1.1005431,10.968744,-3.4395296,0.0615323632943167,0.674147195322831,0.78,NA,NA
"ni_n300",300,FALSE,"exact",99,-2.3924479,1.1965928,10.040662,-3.7577797,0.0590571973025682,0.664896544960562,0.77,NA,NA
"ni_n300",300,FALSE,"exact",100,-2.4372834,1.1590554,10.006595,-3.7500096,0.0532370616601366,0.709195336574098,0.81,NA,NA
"inf_n150",150,TRUE,"floor",1,-1.9382242,1.2741009,13.83332,-2.2520183,0.0386609077285868,0.531176397144915,0.546666666666667,NA,NA
"inf_n150",150,TRUE,"floor",2,-1.8170846,1.5279919,17.177621,-1.7651815,0.0605838622790101,0.500395809439423,0.54,NA,NA
"inf_n150",150,TRUE,"floor",3,-2.1009726,1.34356,14.0384,-1.9410015,0.0514230600123299,0.38824097926401,0.413333333333333,NA,NA
"inf_n150",150,TRUE,"floor",4,-1.538791,1.3787243,14.603476,-2.1618905,0.0338209641961542,0.483090275903786,0.526666666666667,NA,NA
"inf_n150",150,TRUE,"floor",5,-1.7618668,1.5321595,14.54565,-2.1556407,0.0390824294674517,0.5025638856196,0.526666666666667,NA,NA
"inf_n150",150,TRUE,"floor",6,-1.8645845,1.3130924,14.738044,-2.0482678,0.0363725092885783,0.487498765135667,0.493333333333333,NA,NA
"inf_n150",150,TRUE,"floor",7,-1.8238094,1.4197798,13.311659,-1.961007,0.0502341100081635,0.446411564590908,0.473333333333333,NA,NA
"inf_n150",150,TRUE,"floor",8,-2.1304853,1.5213401,12.931003,-1.93361,0.0623401728403751,0.486569452250766,0.526666666666667,NA,NA
"inf_n150",150,TRUE,"floor",9,-1.5565861,1.4206787,12.757446,-1.9069547,0.0469132099341176,0.365581623267784,0.38,NA,NA
"inf_n150",150,TRUE,"floor",10,-2.2839807,1.4253495,12.289034,-2.0236944,0.0487417348244946,0.479140868655426,0.513333333333333,NA,NA
"inf_n150",150,TRUE,"floor",11,-1.8938183,1.4792047,12.503944,-2.1587718,0.0409991756555619,0.43928381525744,0.46,NA,NA
"inf_n150",150,TRUE,"floor",12,-1.940198,1.4090472,12.814101,-1.8418269,0.0529651543486649,0.463457058479744,0.493333333333333,NA,NA
"inf_n150",150,TRUE,"floor",13,-1.6967158,1.5631373,12.093208,-2.0035851,0.0528219417361446,0.478661262405508,0.5,NA,NA
"inf_n150",150,TRUE,"floor",14,-1.6680491,1.5248723,13.51469,-1.963898,0.0501250630221867,0.486244424336683,0.526666666666667,NA,NA
"inf_n150",150,TRUE,"floor",15,-1.6553567,1.5230606,12.746795,-1.7978686,0.0544110290039841,0.468515400536089,0.506666666666667,NA,NA
"inf_n150",150,TRUE,"floor",16,-1.9707418,1.5740413,13.518997,-2.3135977,0.035509023866628,0.483328927105821,0.506666666666667,NA,NA
"inf_n150",150,TRUE,"floor",17,-2.1825987,1.4651363,11.813966,-1.9524985,0.0571722690267164,0.437483041990462,0.466666666666667,NA,NA
"inf_n150",150,TRUE,"floor",18,-1.821736,1.5415877,14.068037,-2.1021731,0.047928845141838,0.496376461746469,0.533333333333333,NA,NA
"inf_n150",150,TRUE,"floor",19,-2.3489675,1.4080914,11.907146,-2.1090098,0.0514671184589601,0.452811354413917,0.486666666666667,NA,NA
"inf_n150",150,TRUE,"floor",20,-1.6687376,1.4587266,12.334511,-1.7880563,0.0449498697982727,0.477571476421416,0.513333333333333,NA,NA
"inf_n150",150,TRUE,"floor",21,-1.9828329,1.4739768,14.376673,-2.2627555,0.0242195269874789,0.518876283265399,0.533333333333333,NA,NA
"inf_n150",150,TRUE,"floor",22,-1.9356461,1.517236,12.483943,-2.4947053,0.0225449688386747,0.468829684540517,0.48,NA,NA
"inf_n150",150,TRUE,"floor",23,-1.7734207,1.6259072,12.246124,-1.9264284,0.0441340801552117,0.492210954849679,0.533333333333333,NA,NA
"inf_n150",150,TRUE,"floor",24,-1.7955818,1.4391707,14.001639,-2.0314755,0.0535907359047051,0.499794600103777,0.533333333333333,NA,NA
"inf_n150",150,TRUE,"floor",25,-1.6111888,1.237776,13.732403,-2.1196418,0.0510279847018907,0.528508220114133,0.56,NA,NA
"inf_n150",150,TRUE,"floor",26,-2.2750266,1.4899932,12.927209,-2.0828585,0.0439005022356347,0.49117898092714,0.513333333333333,NA,NA
"inf_n150",150,TRUE,"floor",27,-2.4639733,1.281593,12.916519,-2.2907586,0.0492378880082196,0.57851167479299,0.62,NA,NA
"inf_n150",150,TRUE,"floor",28,-1.776167,1.4696253,12.706084,-2.481148,0.0372609584189252,0.484836331171077,0.513333333333333,NA,NA
"inf_n150",150,TRUE,"floor",29,-1.7578601,1.5326357,15.865452,-1.8843547,0.0619929239960781,0.476330483627534,0.5,NA,NA
"inf_n150",150,TRUE,"floor",30,-2.260503,1.4085771,13.344829,-2.0325924,0.0617999281306258,0.467174652302829,0.5,NA,NA
"inf_n150",150,TRUE,"floor",31,-2.0078453,1.4683343,14.486346,-2.1169551,0.0574229067239017,0.435940180764528,0.46,NA,NA
"inf_n150",150,TRUE,"floor",32,-1.9853842,1.5487794,14.614121,-1.9628522,0.0553149478829783,0.48810296689854,0.52,NA,NA
"inf_n150",150,TRUE,"floor",33,-1.9598066,1.523974,14.449594,-2.1640898,0.0402805415387838,0.424822628493078,0.453333333333333,NA,NA
"inf_n150",150,TRUE,"floor",34,-1.8803253,1.4642675,11.582962,-2.0595262,0.0506890266173866,0.47282725988839,0.5,NA,NA
"inf_n150",150,TRUE,"floor",35,-1.8534001,1.4454969,13.519327,-2.3033483,0.0337845040940525,0.438060261571975,0.46,NA,NA
"inf_n150",150,TRUE,"floor",36,-1.9949927,1.3632322,12.22589,-2.0712316,0.0369269550359545,0.497542140385946,0.526666666666667,NA,NA
"inf_n150",150,TRUE,"floor",37,-1.7340527,1.5150882,14.137694,-2.2508786,0.0428091705479517,0.529122741461432,0.56,NA,NA
"inf_n150",150,TRUE,"floor",38,-1.9585284,1.4642018,12.31949,-2.0765833,0.0433232279507167,0.405961801300046,0.426666666666667,NA,NA
"inf_n150",150,TRUE,"floor",39,-1.6480968,1.5340159,10.921556,-1.9648612,0.0399765777743518,0.427046023777174,0.44,NA,NA
"inf_n150",150,TRUE,"floor",40,-2.0338681,1.4796635,13.127092,-2.0593882,0.046688215444073,0.484652896419785,0.52,NA,NA
"inf_n150",150,TRUE,"floor",41,-1.9010257,1.5553182,14.160793,-2.2658922,0.0420929452848396,0.51566345967809,0.546666666666667,NA,NA
"inf_n150",150,TRUE,"floor",42,-1.5778545,1.5436798,13.565977,-1.9374402,0.0550628789186761,0.498293596557816,0.546666666666667,NA,NA
"inf_n150",150,TRUE,"floor",43,-1.8381125,1.5122999,15.977842,-2.4225262,0.0390159715056051,0.52489160533937,0.553333333333333,NA,NA
"inf_n150",150,TRUE,"floor",44,-1.5416145,1.445679,15.200957,-1.6958456,0.0520151595632192,0.487877529497514,0.54,NA,NA
"inf_n150",150,TRUE,"floor",45,-1.9884271,1.4956779,14.561922,-1.8933613,0.0707161360723979,0.42209365644988,0.446666666666667,NA,NA
"inf_n150",150,TRUE,"floor",46,-1.6305072,1.3912575,13.697559,-2.2798701,0.0443633151508304,0.540673591179987,0.56,NA,NA
"inf_n150",150,TRUE,"floor",47,-1.6906446,1.2900674,12.001117,-2.1261041,0.0431605916969672,0.461665559516361,0.48,NA,NA
"inf_n150",150,TRUE,"floor",48,-1.9419856,1.5182322,12.822767,-2.3413145,0.0225757976319441,0.496802938527212,0.513333333333333,NA,NA
"inf_n150",150,TRUE,"floor",49,-1.7776644,1.2910287,11.084976,-2.081471,0.0489309064963274,0.439623815199149,0.466666666666667,NA,NA
"inf_n150",150,TRUE,"floor",50,-1.9700795,1.6237573,12.314079,-2.3051715,0.0367925674929367,0.478290114442107,0.486666666666667,NA,NA
"inf_n150",150,TRUE,"floor",51,-2.0698626,1.4223383,18.440056,-2.5739671,0.0263311177348281,0.490862971152016,0.513333333333333,NA,NA
"inf_n150",150,TRUE,"floor",52,-1.6678315,1.4974616,11.055113,-2.2463598,0.0371500832658315,0.52624356139352,0.553333333333333,NA,NA
"inf_n150",150,TRUE,"floor",53,-1.2577384,1.3488397,11.443741,-2.138864,0.0480635896690796,0.455657562061225,0.486666666666667,NA,NA
"inf_n150",150,TRUE,"floor",54,-1.8563093,1.3726456,11.030679,-2.0644472,0.0505352161389485,0.495652922851668,0.52,NA,NA
"inf_n150",150,TRUE,"floor",55,-2.0012434,1.3996674,15.144132,-2.0947544,0.0667506496654694,0.482140350749583,0.54,NA,NA
"inf_n150",150,TRUE,"floor",56,-1.7055778,1.3544577,13.780258,-2.0910223,0.0442297651956956,0.476426152001214,0.493333333333333,NA,NA
"inf_n150",150,TRUE,"floor",57,-2.0853355,1.5278315,12.504357,-1.9541327,0.0592866753456564,0.503926164415487,0.553333333333333,NA,NA
"inf_n150",150,TRUE,"floor",58,-1.9012904,1.5253629,13.195501,-2.616034,0.0349667726395023,0.52406817666936,0.546666666666667,NA,NA
"inf_n150",150,TRUE,"floor",59,-1.90364,1.4238411,14.261807,-2.2007368,0.0286900063167538,0.411911195178906,0.42,NA,NA
"inf_n150",150,TRUE,"floor",60,-1.5256051,1.4644293,13.786114,-2.110114,0.0364113668653595,0.465353838746894,0.493333333333333,NA,NA
"inf_n150",150,TRUE,"floor",61,-2.0616699,1.4486008,13.31131,-1.9612129,0.0621614588549602,0.557658836747324,0.606666666666667,NA,NA
"inf_n150",150,TRUE,"floor",62,-1.8061895,1.4266673,12.790282,-2.1385333,0.0519272801792575,0.441666080961513,0.48,NA,NA
"inf_n150",150,TRUE,"floor",63,-1.863119,1.4290491,13.899441,-2.4638306,0.0447614685511708,0.491064611279872,0.52,NA,NA
"inf_n150",150,TRUE,"floor",64,-1.6723917,1.4814389,14.936457,-1.9629756,0.0425981822082935,0.482561346341066,0.493333333333333,NA,NA
"inf_n150",150,TRUE,"floor",65,-1.8516258,1.3312252,15.160181,-2.2959862,0.042022762156181,0.438804656900918,0.46,NA,NA
"inf_n150",150,TRUE,"floor",66,-1.9236467,1.5271469,12.991044,-2.4001672,0.0342403596657127,0.542030171349078,0.573333333333333,NA,NA
"inf_n150",150,TRUE,"floor",67,-2.3302244,1.3831816,14.367622,-2.1377924,0.0442478957388095,0.541875430292325,0.573333333333333,NA,NA
"inf_n150",150,TRUE,"floor",68,-2.2124787,1.5401259,13.276296,-2.5144836,0.02976515541872,0.515091410347062,0.533333333333333,NA,NA
"inf_n150",150,TRUE,"floor",69,-1.6397816,1.5285497,14.547238,-2.3904709,0.0367251957176587,0.473476693421639,0.5,NA,NA
"inf_n150",150,TRUE,"floor",70,-2.0183611,1.5293347,11.77983,-1.8798284,0.0664637423597621,0.546297123577135,0.606666666666667,NA,NA
"inf_n150",150,TRUE,"floor",71,-2.0982608,1.4204568,14.341504,-1.6793517,0.0687570319011718,0.410821401512406,0.433333333333333,NA,NA
"inf_n150",150,TRUE,"floor",72,-1.6243933,1.4768187,14.662678,-2.3364719,0.0310242644962987,0.485535570676722,0.506666666666667,NA,NA
"inf_n150",150,TRUE,"floor",73,-1.3395769,1.3998886,12.622091,-2.3331294,0.0312851913055059,0.483228176093458,0.486666666666667,NA,NA
"inf_n150",150,TRUE,"floor",74,-1.7596928,1.3159569,11.092394,-2.245423,0.0372953158111807,0.376495056447256,0.4,NA,NA
"inf_n150",150,TRUE,"floor",75,-2.2978215,1.4459832,13.72204,-2.2533573,0.0371423906853149,0.532866377492428,0.56,NA,NA
"inf_n150",150,TRUE,"floor",76,-1.8667653,1.4612274,14.364938,-1.6633833,0.0643364715601835,0.4635250157482,0.5,NA,NA
"inf_n150",150,TRUE,"floor",77,-1.9124544,1.5970843,13.56356,-2.1100615,0.0347003589923463,0.449266130532286,0.473333333333333,NA,NA
"inf_n150",150,TRUE,"floor",78,-2.0276121,1.3573357,14.220834,-2.6824435,0.0338406908024975,0.529426149966064,0.56,NA,NA
"inf_n150",150,TRUE,"floor",79,-1.9228575,1.2950247,15.258863,-2.1355152,0.0420342083664603,0.473055967312617,0.5,NA,NA
"inf_n150",150,TRUE,"floor",80,-1.7881357,1.3831305,12.089653,-2.3744096,0.0280726490074338,0.461849893987265,0.486666666666667,NA,NA
"inf_n150",150,TRUE,"floor",81,-1.9808024,1.5576212,12.122325,-2.3420979,0.0534944769287524,0.411801392851898,0.44,NA,NA
"inf_n150",150,TRUE,"floor",82,-1.7549156,1.4697311,10.95432,-2.0988878,0.0445382925140183,0.469207861168273,0.5,NA,NA
"inf_n150",150,TRUE,"floor",83,-1.6870292,1.4036644,12.856675,-1.9808074,0.0489604651432818,0.425756215714289,0.453333333333333,NA,NA
"inf_n150",150,TRUE,"floor",84,-1.920714,1.5694233,12.568603,-2.385601,0.0413708469382152,0.45751047883394,0.48,NA,NA
"inf_n150",150,TRUE,"floor",85,-1.590048,1.6088767,13.265121,-1.9534649,0.0608706127440647,0.454810670813944,0.486666666666667,NA,NA
"inf_n150",150,TRUE,"floor",86,-1.9564934,1.451154,9.9785601,-2.1793134,0.0369626408381961,0.410997306764782,0.426666666666667,NA,NA
"inf_n150",150,TRUE,"floor",87,-1.7556065,1.2393895,16.816652,-2.1854894,0.0347857329671197,0.47368879321787,0.486666666666667,NA,NA
"inf_n150",150,TRUE,"floor",88,-1.7445339,1.4472238,11.93974,-2.3570574,0.0219692670136239,0.425822013859593,0.44,NA,NA
"inf_n150",150,TRUE,"floor",89,-2.1729153,1.4976216,13.583387,-2.0865236,0.0505387266528655,0.531591717339747,0.56,NA,NA
"inf_n150",150,TRUE,"floor",90,-1.7666735,1.4533177,13.041087,-1.9975116,0.0586872895057343,0.439565695485091,0.473333333333333,NA,NA
"inf_n150",150,TRUE,"floor",91,-1.9736597,1.6478115,13.85185,-2.1969863,0.0413707264216398,0.462928929789885,0.486666666666667,NA,NA
"inf_n150",150,TRUE,"floor",92,-2.0750871,1.4279622,12.859445,-2.1966029,0.0311890707180185,0.49072362236358,0.5,NA,NA
"inf_n150",150,TRUE,"floor",93,-1.8776789,1.4812117,12.811475,-2.2721348,0.0398313348769685,0.534541885236681,0.553333333333333,NA,NA
"inf_n150",150,TRUE,"floor",94,-2.1269701,1.4262646,14.739075,-2.3227127,0.0433835681701555,0.488360093758606,0.52,NA,NA
"inf_n150",150,TRUE,"floor",95,-1.8977574,1.3954186,14.320622,-2.1158929,0.0355008167007127,0.517846979932669,0.54,NA,NA
"inf_n150",150,TRUE,"floor",96,-2.0490055,1.4354594,14.185101,-2.1004167,0.0471475445420943,0.478725025842571,0.506666666666667,NA,NA
"inf_n150",150,TRUE,"floor",97,-1.6075494,1.5561726,15.213013,-2.2451769,0.0346814018780103,0.490541237974589,0.526666666666667,NA,NA
"inf_n150",150,TRUE,"floor",98,-1.9059712,1.5411149,11.598787,-2.6218502,0.0254160740716,0.506417362057747,0.533333333333333,NA,NA
"inf_n150",150,TRUE,"floor",99,-1.9110078,1.4606194,16.377241,-1.9739439,0.0451985382682385,0.422698807719918,0.453333333333333,NA,NA
"inf_n150",150,TRUE,"floor",100,-2.0206196,1.5749312,13.825631,-2.4450809,0.040699383943303,0.569430857226494,0.6,NA,NA
