"dgm_tag","scen_id","label","tag","n","param","nrep","bias","bias_mcse","coverage","cov_mcse","ci_width","nfit","rate_bad","rate_marginal","max_rhat","min_ebfmi","tot_div","trajectory","floor_kind","err_family","re_family","informative"
"v1_legacy_legacy_hazard",1,"Correct specification, n=87","central",87,"alpha",198,0.036350860923911,0.0107293999734958,0.95959595959596,0.0139934244881083,0.680166089016414,200,0.01,0.09,1.77598410357054,3.47066622105629e-05,0,"quadratic","fixed","gaussian","gaussian",FALSE
"v1_legacy_legacy_hazard",1,"Correct specification, n=87","central",87,"beta0",198,-0.125866976192298,0.0166365045534013,0.929292929292929,0.018216928088603,0.941915966628788,200,0.01,0.09,1.77598410357054,3.47066622105629e-05,0,"quadratic","fixed","gaussian","gaussian",FALSE
"v1_legacy_legacy_hazard",1,"Correct specification, n=87","central",87,"beta1",198,0.526557874688305,0.0253834602847156,0.797979797979798,0.0285338749590974,1.60113486934343,200,0.01,0.09,1.77598410357054,3.47066622105629e-05,0,"quadratic","fixed","gaussian","gaussian",FALSE
"v1_legacy_legacy_hazard",1,"Correct specification, n=87","central",87,"beta2",198,-0.210554403558636,0.0123535884227834,0.848484848484849,0.0254810595509855,0.743303133016583,200,0.01,0.09,1.77598410357054,3.47066622105629e-05,0,"quadratic","fixed","gaussian","gaussian",FALSE
"v1_legacy_legacy_hazard",1,"Correct specification, n=87","central",87,"beta_bm",198,-0.0335625026082407,0.0125395467964667,0.939393939393939,0.0169570113063539,0.676975650268144,200,0.01,0.09,1.77598410357054,3.47066622105629e-05,0,"quadratic","fixed","gaussian","gaussian",FALSE
"v1_legacy_legacy_hazard",1,"Correct specification, n=87","central",87,"gamma0",198,-0.00197393144594394,0.043540775676349,0.974747474747475,0.0111497690379884,2.93259440959596,200,0.01,0.09,1.77598410357054,3.47066622105629e-05,0,"quadratic","fixed","gaussian","gaussian",FALSE
"v1_legacy_legacy_hazard",1,"Correct specification, n=87","central",87,"gamma1",198,-0.00690047983567395,0.0232251625133305,0.98989898989899,0.00710632798668128,1.49418704408932,200,0.01,0.09,1.77598410357054,3.47066622105629e-05,0,"quadratic","fixed","gaussian","gaussian",FALSE
"v1_legacy_legacy_hazard",1,"Correct specification, n=87","central",87,"gamma2",198,0.648074978316282,0.0362766523001485,0.858585858585859,0.0247631387452475,2.32196986529239,200,0.01,0.09,1.77598410357054,3.47066622105629e-05,0,"quadratic","fixed","gaussian","gaussian",FALSE
"v1_legacy_legacy_hazard",1,"Correct specification, n=87","central",87,"sigma_y",198,-0.00372291441256319,0.003088831375684,0.934343434343434,0.0176019083335754,0.170239274646465,200,0.01,0.09,1.77598410357054,3.47066622105629e-05,0,"quadratic","fixed","gaussian","gaussian",FALSE
"v1_legacy_legacy_hazard",1,"Correct specification, n=87","central",87,"tau0",198,-0.019005217660111,0.0104044492513852,0.944444444444444,0.0162786865368802,0.571558326907323,200,0.01,0.09,1.77598410357054,3.47066622105629e-05,0,"quadratic","fixed","gaussian","gaussian",FALSE
"v1_legacy_legacy_hazard",1,"Correct specification, n=87","central",87,"tau1",198,-0.0163641586842331,0.0162037920270738,0.919191919191919,0.0193685852703476,0.851443941275253,200,0.01,0.09,1.77598410357054,3.47066622105629e-05,0,"quadratic","fixed","gaussian","gaussian",FALSE
"v1_legacy_legacy_hazard",2,"Correct specification, n=150","central",150,"alpha",130,-0.0055708861511298,0.0119729895492505,0.969230769230769,0.0151460797687822,0.553703295271154,131,0.00763358778625954,0.122137404580153,1.65897921866951,3.35023256128861e-05,0,"quadratic","fixed","gaussian","gaussian",FALSE
"v1_legacy_legacy_hazard",2,"Correct specification, n=150","central",150,"beta0",130,-0.100984882916346,0.0155133694054936,0.938461538461538,0.0210770526493663,0.734977423384615,131,0.00763358778625954,0.122137404580153,1.65897921866951,3.35023256128861e-05,0,"quadratic","fixed","gaussian","gaussian",FALSE
"v1_legacy_legacy_hazard",2,"Correct specification, n=150","central",150,"beta1",130,0.370048671097837,0.0240077844964922,0.838461538461538,0.032278092949845,1.30707408465385,131,0.00763358778625954,0.122137404580153,1.65897921866951,3.35023256128861e-05,0,"quadratic","fixed","gaussian","gaussian",FALSE
"v1_legacy_legacy_hazard",2,"Correct specification, n=150","central",150,"beta2",130,-0.157589982328246,0.0109365309287799,0.876923076923077,0.0288135910883469,0.603120698038962,131,0.00763358778625954,0.122137404580153,1.65897921866951,3.35023256128861e-05,0,"quadratic","fixed","gaussian","gaussian",FALSE
"v1_legacy_legacy_hazard",2,"Correct specification, n=150","central",150,"beta_bm",130,-0.0182995818478293,0.0118064396047225,0.946153846153846,0.0197964148972893,0.525147480260577,131,0.00763358778625954,0.122137404580153,1.65897921866951,3.35023256128861e-05,0,"quadratic","fixed","gaussian","gaussian",FALSE
"v1_legacy_legacy_hazard",2,"Correct specification, n=150","central",150,"gamma0",130,-0.106995687497837,0.0481914368614609,0.976923076923077,0.0131688381294119,2.41649157682692,131,0.00763358778625954,0.122137404580153,1.65897921866951,3.35023256128861e-05,0,"quadratic","fixed","gaussian","gaussian",FALSE
"v1_legacy_legacy_hazard",2,"Correct specification, n=150","central",150,"gamma1",130,-0.0215754159994327,0.0228841805799782,0.976923076923077,0.0131688381294119,1.2069646999041,131,0.00763358778625954,0.122137404580153,1.65897921866951,3.35023256128861e-05,0,"quadratic","fixed","gaussian","gaussian",FALSE
"v1_legacy_legacy_hazard",2,"Correct specification, n=150","central",150,"gamma2",130,0.474491754497631,0.0400700627568553,0.892307692307692,0.0271880452456325,1.96822871881683,131,0.00763358778625954,0.122137404580153,1.65897921866951,3.35023256128861e-05,0,"quadratic","fixed","gaussian","gaussian",FALSE
"v1_legacy_legacy_hazard",2,"Correct specification, n=150","central",150,"sigma_y",130,0.00513558487211533,0.00281218359436454,0.976923076923077,0.0131688381294119,0.130222836557692,131,0.00763358778625954,0.122137404580153,1.65897921866951,3.35023256128861e-05,0,"quadratic","fixed","gaussian","gaussian",FALSE
"v1_legacy_legacy_hazard",2,"Correct specification, n=150","central",150,"tau0",130,-0.0148395720743509,0.00921209072064993,0.961538461538462,0.016866500371289,0.425824067580769,131,0.00763358778625954,0.122137404580153,1.65897921866951,3.35023256128861e-05,0,"quadratic","fixed","gaussian","gaussian",FALSE
"v1_legacy_legacy_hazard",2,"Correct specification, n=150","central",150,"tau1",130,0.0492064607360575,0.0151240240184903,0.961538461538462,0.016866500371289,0.666491404134615,131,0.00763358778625954,0.122137404580153,1.65897921866951,3.35023256128861e-05,0,"quadratic","fixed","gaussian","gaussian",FALSE
"v1_legacy_legacy_hazard",3,"Trajectory: monotone","misspec",150,"beta0",30,-0.0979958826633335,0.0346449728442026,0.933333333333333,0.0455420034042649,0.7726814055,30,0,0.933333333333333,1.02212241642358,0.517838983382724,0,"monotone","fixed","gaussian","gaussian",FALSE
"v1_legacy_legacy_hazard",3,"Trajectory: monotone","misspec",150,"beta1",30,-0.0691715829449999,0.0523154652208897,1,0,1.37705038675,30,0,0.933333333333333,1.02212241642358,0.517838983382724,0,"monotone","fixed","gaussian","gaussian",FALSE
"v1_legacy_legacy_hazard",3,"Trajectory: monotone","misspec",150,"beta_bm",30,-0.00941211694432033,0.0313563547222972,0.933333333333333,0.0455420034042649,0.583916733740833,30,0,0.933333333333333,1.02212241642358,0.517838983382724,0,"monotone","fixed","gaussian","gaussian",FALSE
"v1_legacy_legacy_hazard",3,"Trajectory: monotone","misspec",150,"gamma0",30,-0.0526298838833335,0.108945194125005,1,0,2.5444417805,30,0,0.933333333333333,1.02212241642358,0.517838983382724,0,"monotone","fixed","gaussian","gaussian",FALSE
"v1_legacy_legacy_hazard",3,"Trajectory: monotone","misspec",150,"gamma1",30,0.0326692329233645,0.0665897016202213,0.933333333333333,0.0455420034042649,1.26291728916067,30,0,0.933333333333333,1.02212241642358,0.517838983382724,0,"monotone","fixed","gaussian","gaussian",FALSE
"v1_legacy_legacy_hazard",3,"Trajectory: monotone","misspec",150,"gamma2",30,0.669374685465388,0.0908066370621752,0.733333333333333,0.0807373427759331,1.9530667401925,30,0,0.933333333333333,1.02212241642358,0.517838983382724,0,"monotone","fixed","gaussian","gaussian",FALSE
"v1_legacy_legacy_hazard",3,"Trajectory: monotone","misspec",150,"sigma_y",30,0.00280265047833326,0.0053942464767631,1,0,0.150717488333333,30,0,0.933333333333333,1.02212241642358,0.517838983382724,0,"monotone","fixed","gaussian","gaussian",FALSE
"v1_legacy_legacy_hazard",3,"Trajectory: monotone","misspec",150,"tau0",30,-8.69015399995362e-06,0.0187094158605646,0.933333333333333,0.0455420034042649,0.444485831166667,30,0,0.933333333333333,1.02212241642358,0.517838983382724,0,"monotone","fixed","gaussian","gaussian",FALSE
"v1_legacy_legacy_hazard",3,"Trajectory: monotone","misspec",150,"tau1",30,0.0409636162966664,0.0308952113877678,0.966666666666667,0.0327730693416725,0.7302893325,30,0,0.933333333333333,1.02212241642358,0.517838983382724,0,"monotone","fixed","gaussian","gaussian",FALSE
"v1_legacy_legacy_hazard",4,"Trajectory: exponential","misspec",150,"beta0",30,-0.635880197805,0.0284623768971056,0.0666666666666667,0.0455420034042649,0.788046997083333,30,0,1,1.02406464739133,0.510074255058368,0,"exponential","fixed","gaussian","gaussian",FALSE
"v1_legacy_legacy_hazard",4,"Trajectory: exponential","misspec",150,"beta_bm",30,-0.00535464607842015,0.0192210834420715,1,0,0.50504895925,30,0,1,1.02406464739133,0.510074255058368,0,"exponential","fixed","gaussian","gaussian",FALSE
"v1_legacy_legacy_hazard",4,"Trajectory: exponential","misspec",150,"gamma0",30,-0.137421547983334,0.11482144537601,0.966666666666667,0.0327730693416725,2.77040047458333,30,0,1,1.02406464739133,0.510074255058368,0,"exponential","fixed","gaussian","gaussian",FALSE
"v1_legacy_legacy_hazard",4,"Trajectory: exponential","misspec",150,"gamma1",30,-0.0814161529456293,0.0590721071602143,0.933333333333333,0.0455420034042649,1.23383265735117,30,0,1,1.02406464739133,0.510074255058368,0,"exponential","fixed","gaussian","gaussian",FALSE
"v1_legacy_legacy_hazard",4,"Trajectory: exponential","misspec",150,"gamma2",30,0.686121991716165,0.0799989416697054,0.833333333333333,0.0680413817439772,1.9801481969825,30,0,1,1.02406464739133,0.510074255058368,0,"exponential","fixed","gaussian","gaussian",FALSE
"v1_legacy_legacy_hazard",4,"Trajectory: exponential","misspec",150,"sigma_y",30,-0.00468985111000005,0.00586276580236694,0.933333333333333,0.0455420034042649,0.125082672583333,30,0,1,1.02406464739133,0.510074255058368,0,"exponential","fixed","gaussian","gaussian",FALSE
"v1_legacy_legacy_hazard",4,"Trajectory: exponential","misspec",150,"tau0",30,0.409769974870333,0.0228910404635063,0.0666666666666667,0.0455420034042649,0.475406808225,30,0,1,1.02406464739133,0.510074255058368,0,"exponential","fixed","gaussian","gaussian",FALSE
"v1_legacy_legacy_hazard",5,"Heterogeneous assay floor","misspec",150,"alpha",30,0.0317758663471667,0.019881846153701,1,0,0.538317530458333,30,0,0.933333333333333,1.01689082269405,0.505159044010275,0,"quadratic","heterogeneous","gaussian","gaussian",FALSE
"v1_legacy_legacy_hazard",5,"Heterogeneous assay floor","misspec",150,"beta0",30,-0.0324628265350002,0.0338842783935109,0.933333333333333,0.0455420034042649,0.7323323435,30,0,0.933333333333333,1.01689082269405,0.505159044010275,0,"quadratic","heterogeneous","gaussian","gaussian",FALSE
"v1_legacy_legacy_hazard",5,"Heterogeneous assay floor","misspec",150,"beta1",30,0.276814421575,0.0444364267378267,0.966666666666667,0.0327730693416725,1.30229047533333,30,0,0.933333333333333,1.01689082269405,0.505159044010275,0,"quadratic","heterogeneous","gaussian","gaussian",FALSE
"v1_legacy_legacy_hazard",5,"Heterogeneous assay floor","misspec",150,"beta2",30,-0.128542665426087,0.0246578667769495,0.9,0.0547722557505166,0.602196003712333,30,0,0.933333333333333,1.01689082269405,0.505159044010275,0,"quadratic","heterogeneous","gaussian","gaussian",FALSE
"v1_legacy_legacy_hazard",5,"Heterogeneous assay floor","misspec",150,"beta_bm",30,-0.0363319142434581,0.0272490928109284,0.9,0.0547722557505166,0.522090651365833,30,0,0.933333333333333,1.01689082269405,0.505159044010275,0,"quadratic","heterogeneous","gaussian","gaussian",FALSE
"v1_legacy_legacy_hazard",5,"Heterogeneous assay floor","misspec",150,"gamma0",30,0.00614484506499987,0.0848973444229855,0.966666666666667,0.0327730693416725,2.33555866191667,30,0,0.933333333333333,1.01689082269405,0.505159044010275,0,"quadratic","heterogeneous","gaussian","gaussian",FALSE
"v1_legacy_legacy_hazard",5,"Heterogeneous assay floor","misspec",150,"gamma1",30,0.000310352927470495,0.0491317754645622,0.966666666666667,0.0327730693416725,1.20116624007333,30,0,0.933333333333333,1.01689082269405,0.505159044010275,0,"quadratic","heterogeneous","gaussian","gaussian",FALSE
"v1_legacy_legacy_hazard",5,"Heterogeneous assay floor","misspec",150,"gamma2",30,0.52615829857335,0.0763385502625073,0.9,0.0547722557505166,1.90603379883,30,0,0.933333333333333,1.01689082269405,0.505159044010275,0,"quadratic","heterogeneous","gaussian","gaussian",FALSE
"v1_legacy_legacy_hazard",5,"Heterogeneous assay floor","misspec",150,"sigma_y",30,-0.0023867637766667,0.00616697760776084,0.9,0.0547722557505166,0.130318259333333,30,0,0.933333333333333,1.01689082269405,0.505159044010275,0,"quadratic","heterogeneous","gaussian","gaussian",FALSE
"v1_legacy_legacy_hazard",5,"Heterogeneous assay floor","misspec",150,"tau0",30,-0.0214920558263333,0.0167353919252739,1,0,0.4242329553,30,0,0.933333333333333,1.01689082269405,0.505159044010275,0,"quadratic","heterogeneous","gaussian","gaussian",FALSE
"v1_legacy_legacy_hazard",5,"Heterogeneous assay floor","misspec",150,"tau1",30,0.0121579885733331,0.0314914554116045,0.966666666666667,0.0327730693416725,0.656246525083333,30,0,0.933333333333333,1.01689082269405,0.505159044010275,0,"quadratic","heterogeneous","gaussian","gaussian",FALSE
"v1_legacy_legacy_hazard",6,"Heavy-tailed (t3) errors/RE","misspec",150,"alpha",29,0.0244232788558621,0.0231197339996281,0.931034482758621,0.0470543613255871,0.552595361301724,30,0.0333333333333333,1,1.04730743332232,0.566352722703134,1,"quadratic","fixed","t3","t3",FALSE
"v1_legacy_legacy_hazard",6,"Heavy-tailed (t3) errors/RE","misspec",150,"beta0",29,-0.089864566798276,0.03218293983626,0.931034482758621,0.0470543613255871,0.697604040862069,30,0.0333333333333333,1,1.04730743332232,0.566352722703134,1,"quadratic","fixed","t3","t3",FALSE
"v1_legacy_legacy_hazard",6,"Heavy-tailed (t3) errors/RE","misspec",150,"beta1",29,0.321245230784483,0.0601270404381337,0.827586206896552,0.0701445003745666,1.24485310741379,30,0.0333333333333333,1,1.04730743332232,0.566352722703134,1,"quadratic","fixed","t3","t3",FALSE
"v1_legacy_legacy_hazard",6,"Heavy-tailed (t3) errors/RE","misspec",150,"beta2",29,-0.231226367212662,0.0270838448208462,0.655172413793103,0.0882632273954608,0.578217905184577,30,0.0333333333333333,1,1.04730743332232,0.566352722703134,1,"quadratic","fixed","t3","t3",FALSE
"v1_legacy_legacy_hazard",6,"Heavy-tailed (t3) errors/RE","misspec",150,"beta_bm",29,0.0334262637166897,0.0208693564452812,0.96551724137931,0.0338830127200357,0.500378923181034,30,0.0333333333333333,1,1.04730743332232,0.566352722703134,1,"quadratic","fixed","t3","t3",FALSE
"v1_legacy_legacy_hazard",6,"Heavy-tailed (t3) errors/RE","misspec",150,"gamma0",29,-0.0936064658017243,0.108331760626695,0.96551724137931,0.0338830127200357,2.35260053327586,30,0.0333333333333333,1,1.04730743332232,0.566352722703134,1,"quadratic","fixed","t3","t3",FALSE
"v1_legacy_legacy_hazard",6,"Heavy-tailed (t3) errors/RE","misspec",150,"gamma1",29,0.108900824310828,0.0568887763919797,0.896551724137931,0.056552304164538,1.19190629489655,30,0.0333333333333333,1,1.04730743332232,0.566352722703134,1,"quadratic","fixed","t3","t3",FALSE
"v1_legacy_legacy_hazard",6,"Heavy-tailed (t3) errors/RE","misspec",150,"gamma2",29,0.313028809898301,0.0734254770675958,0.896551724137931,0.056552304164538,1.85823673523302,30,0.0333333333333333,1,1.04730743332232,0.566352722703134,1,"quadratic","fixed","t3","t3",FALSE
"v1_legacy_legacy_hazard",6,"Heavy-tailed (t3) errors/RE","misspec",150,"sigma_y",29,-0.0836765274017242,0.0271686994703573,0.137931034482759,0.0640328752334662,0.122777750948276,30,0.0333333333333333,1,1.04730743332232,0.566352722703134,1,"quadratic","fixed","t3","t3",FALSE
"v1_legacy_legacy_hazard",6,"Heavy-tailed (t3) errors/RE","misspec",150,"tau0",29,-0.101023435070621,0.026642732086939,0.724137931034483,0.0829960921123194,0.414353185112069,30,0.0333333333333333,1,1.04730743332232,0.566352722703134,1,"quadratic","fixed","t3","t3",FALSE
"v1_legacy_legacy_hazard",6,"Heavy-tailed (t3) errors/RE","misspec",150,"tau1",29,-0.124847531718966,0.0640584332148459,0.620689655172414,0.0901022421425571,0.611556384396552,30,0.0333333333333333,1,1.04730743332232,0.566352722703134,1,"quadratic","fixed","t3","t3",FALSE
"v1_legacy_legacy_hazard",7,"Informative monitoring","misspec",150,"alpha",30,-0.0475220788971666,0.0250021615334979,0.966666666666667,0.0327730693416725,0.569661980958333,30,0,1,1.022952959166,0.521552544735297,0,"quadratic","fixed","gaussian","gaussian",TRUE
"v1_legacy_legacy_hazard",7,"Informative monitoring","misspec",150,"beta0",30,-0.10652615669,0.0354448108381943,0.9,0.0547722557505166,0.7320016405,30,0,1,1.022952959166,0.521552544735297,0,"quadratic","fixed","gaussian","gaussian",TRUE
"v1_legacy_legacy_hazard",7,"Informative monitoring","misspec",150,"beta1",30,0.401041172136667,0.0440654914451022,0.866666666666667,0.0620632890834175,1.30080326391667,30,0,1,1.022952959166,0.521552544735297,0,"quadratic","fixed","gaussian","gaussian",TRUE
"v1_legacy_legacy_hazard",7,"Informative monitoring","misspec",150,"beta2",30,-0.127712588827634,0.0234619034939192,0.966666666666667,0.0327730693416725,0.601498710463166,30,0,1,1.022952959166,0.521552544735297,0,"quadratic","fixed","gaussian","gaussian",TRUE
"v1_legacy_legacy_hazard",7,"Informative monitoring","misspec",150,"beta_bm",30,-0.00515950496004665,0.0243833522894311,0.966666666666667,0.0327730693416725,0.52822515341,30,0,1,1.022952959166,0.521552544735297,0,"quadratic","fixed","gaussian","gaussian",TRUE
"v1_legacy_legacy_hazard",7,"Informative monitoring","misspec",150,"gamma0",30,-0.231253852941667,0.0951647017103858,0.966666666666667,0.0327730693416725,2.47607764733333,30,0,1,1.022952959166,0.521552544735297,0,"quadratic","fixed","gaussian","gaussian",TRUE
"v1_legacy_legacy_hazard",7,"Informative monitoring","misspec",150,"gamma1",30,0.00691158800183695,0.0528475739088666,0.966666666666667,0.0327730693416725,1.22371383199167,30,0,1,1.022952959166,0.521552544735297,0,"quadratic","fixed","gaussian","gaussian",TRUE
"v1_legacy_legacy_hazard",7,"Informative monitoring","misspec",150,"gamma2",30,0.251904090982608,0.0838332635275018,0.9,0.0547722557505166,2.00643351485833,30,0,1,1.022952959166,0.521552544735297,0,"quadratic","fixed","gaussian","gaussian",TRUE
"v1_legacy_legacy_hazard",7,"Informative monitoring","misspec",150,"sigma_y",30,0.0016909389766666,0.00585981075183408,0.966666666666667,0.0327730693416725,0.128200399416667,30,0,1,1.022952959166,0.521552544735297,0,"quadratic","fixed","gaussian","gaussian",TRUE
"v1_legacy_legacy_hazard",7,"Informative monitoring","misspec",150,"tau0",30,-0.0256584671103333,0.0154176970743043,0.966666666666667,0.0327730693416725,0.417622506108333,30,0,1,1.022952959166,0.521552544735297,0,"quadratic","fixed","gaussian","gaussian",TRUE
"v1_legacy_legacy_hazard",7,"Informative monitoring","misspec",150,"tau1",30,0.0677118547716665,0.0333053439515638,0.866666666666667,0.0620632890834175,0.66718714125,30,0,1,1.022952959166,0.521552544735297,0,"quadratic","fixed","gaussian","gaussian",TRUE
"v1_legacy_legacy_hazard",8,"Correct specification, n=300","central",300,"alpha",30,0.00454329831283334,0.017331987284554,0.933333333333333,0.0455420034042649,0.399432389841667,30,0,1,1.02267985241731,0.513215122204171,0,"quadratic","fixed","gaussian","gaussian",FALSE
"v1_legacy_legacy_hazard",8,"Correct specification, n=300","central",300,"beta0",30,-0.0174546550266668,0.0223962397480427,1,0,0.524356311583333,30,0,1,1.02267985241731,0.513215122204171,0,"quadratic","fixed","gaussian","gaussian",FALSE
"v1_legacy_legacy_hazard",8,"Correct specification, n=300","central",300,"beta1",30,0.135276942688333,0.0369902454654838,0.966666666666667,0.0327730693416725,0.961590734666666,30,0,1,1.02267985241731,0.513215122204171,0,"quadratic","fixed","gaussian","gaussian",FALSE
"v1_legacy_legacy_hazard",8,"Correct specification, n=300","central",300,"beta2",30,-0.0673328335972382,0.0133859374400759,1,0,0.4460993792025,30,0,1,1.02267985241731,0.513215122204171,0,"quadratic","fixed","gaussian","gaussian",FALSE
"v1_legacy_legacy_hazard",8,"Correct specification, n=300","central",300,"beta_bm",30,-0.02129753742555,0.0193601961482137,0.966666666666667,0.0327730693416725,0.370850772458333,30,0,1,1.02267985241731,0.513215122204171,0,"quadratic","fixed","gaussian","gaussian",FALSE
"v1_legacy_legacy_hazard",8,"Correct specification, n=300","central",300,"gamma0",30,-0.0297802828516668,0.0788890790197072,0.933333333333333,0.0455420034042649,1.7502809875,30,0,1,1.02267985241731,0.513215122204171,0,"quadratic","fixed","gaussian","gaussian",FALSE
"v1_legacy_legacy_hazard",8,"Correct specification, n=300","central",300,"gamma1",30,-0.0233100163670872,0.0397813191914081,0.966666666666667,0.0327730693416725,0.882759954063333,30,0,1,1.02267985241731,0.513215122204171,0,"quadratic","fixed","gaussian","gaussian",FALSE
"v1_legacy_legacy_hazard",8,"Correct specification, n=300","central",300,"gamma2",30,0.336105985998754,0.0556127087091226,0.9,0.0547722557505166,1.46657735320833,30,0,1,1.02267985241731,0.513215122204171,0,"quadratic","fixed","gaussian","gaussian",FALSE
"v1_legacy_legacy_hazard",8,"Correct specification, n=300","central",300,"sigma_y",30,0.00348334573666662,0.00368848805973286,0.933333333333333,0.0455420034042649,0.0916744695833333,30,0,1,1.02267985241731,0.513215122204171,0,"quadratic","fixed","gaussian","gaussian",FALSE
"v1_legacy_legacy_hazard",8,"Correct specification, n=300","central",300,"tau0",30,-0.0127320505246666,0.0130235601026586,0.966666666666667,0.0327730693416725,0.297314659575,30,0,1,1.02267985241731,0.513215122204171,0,"quadratic","fixed","gaussian","gaussian",FALSE
"v1_legacy_legacy_hazard",8,"Correct specification, n=300","central",300,"tau1",30,0.0126570746083332,0.0247149128047804,0.933333333333333,0.0455420034042649,0.46838988,30,0,1,1.02267985241731,0.513215122204171,0,"quadratic","fixed","gaussian","gaussian",FALSE
"v2_cohort_posterior_hazard",1,"Correct specification, n=87","central",87,"alpha",199,0.277935649442538,0.0104141199716551,0.884422110552764,0.0226642126992574,0.955314648934673,200,0.005,0.705,1.64860253426908,0.000110565629180781,0,"quadratic","fixed","gaussian","gaussian",FALSE
"v2_cohort_posterior_hazard",1,"Correct specification, n=87","central",87,"beta0",199,-0.0881992686692463,0.0228079118613073,0.954773869346734,0.01473053229539,1.27114627008794,200,0.005,0.705,1.64860253426908,0.000110565629180781,0,"quadratic","fixed","gaussian","gaussian",FALSE
"v2_cohort_posterior_hazard",1,"Correct specification, n=87","central",87,"beta1",199,0.672656141976384,0.0255998059244976,0.728643216080402,0.0315210928614149,1.79292141339322,200,0.005,0.705,1.64860253426908,0.000110565629180781,0,"quadratic","fixed","gaussian","gaussian",FALSE
"v2_cohort_posterior_hazard",1,"Correct specification, n=87","central",87,"beta2",199,-0.318170914760978,0.0134343391653548,0.793969849246231,0.0286708690543625,0.924009008199774,200,0.005,0.705,1.64860253426908,0.000110565629180781,0,"quadratic","fixed","gaussian","gaussian",FALSE
"v2_cohort_posterior_hazard",1,"Correct specification, n=87","central",87,"beta_bm",199,-0.107927827338251,0.0170058766284619,0.934673366834171,0.0175165484090349,1.00916973323344,200,0.005,0.705,1.64860253426908,0.000110565629180781,0,"quadratic","fixed","gaussian","gaussian",FALSE
"v2_cohort_posterior_hazard",1,"Correct specification, n=87","central",87,"gamma0",199,0.854327136924171,0.0466995017384613,0.949748743718593,0.0154864290604048,3.95330525103015,200,0.005,0.705,1.64860253426908,0.000110565629180781,0,"quadratic","fixed","gaussian","gaussian",FALSE
"v2_cohort_posterior_hazard",1,"Correct specification, n=87","central",87,"gamma1",199,0.0100067179694683,0.0268936932072105,0.974874371859296,0.0110944621414122,1.81837039620375,200,0.005,0.705,1.64860253426908,0.000110565629180781,0,"quadratic","fixed","gaussian","gaussian",FALSE
"v2_cohort_posterior_hazard",1,"Correct specification, n=87","central",87,"gamma2",199,1.06860784573838,0.0342996899933056,0.753768844221106,0.0305396499588892,2.73685428190462,200,0.005,0.705,1.64860253426908,0.000110565629180781,0,"quadratic","fixed","gaussian","gaussian",FALSE
"v2_cohort_posterior_hazard",1,"Correct specification, n=87","central",87,"sigma_y",199,0.000542353194095569,0.00447675725970743,0.949748743718593,0.0154864290604048,0.2575935340201,200,0.005,0.705,1.64860253426908,0.000110565629180781,0,"quadratic","fixed","gaussian","gaussian",FALSE
"v2_cohort_posterior_hazard",1,"Correct specification, n=87","central",87,"tau0",199,-0.0171707739631854,0.0120434812335429,0.964824120603015,0.0130593036409335,0.748347537525125,200,0.005,0.705,1.64860253426908,0.000110565629180781,0,"quadratic","fixed","gaussian","gaussian",FALSE
"v2_cohort_posterior_hazard",1,"Correct specification, n=87","central",87,"tau1",199,-0.0278630423889699,0.0181096706433163,0.949748743718593,0.0154864290604048,1.03991713115578,200,0.005,0.705,1.64860253426908,0.000110565629180781,0,"quadratic","fixed","gaussian","gaussian",FALSE
"v2_cohort_posterior_hazard",2,"Correct specification, n=150","central",150,"alpha",199,0.20582337636,0.0107988463931791,0.924623115577889,0.0187143577102493,0.843758389440955,200,0.005,0.955,1.69957834140598,8.7405667764615e-05,0,"quadratic","fixed","gaussian","gaussian",FALSE
"v2_cohort_posterior_hazard",2,"Correct specification, n=150","central",150,"beta0",199,-0.0423755306791459,0.0167806610653675,0.969849246231156,0.0121220107574649,0.998719726268844,200,0.005,0.955,1.69957834140598,8.7405667764615e-05,0,"quadratic","fixed","gaussian","gaussian",FALSE
"v2_cohort_posterior_hazard",2,"Correct specification, n=150","central",150,"beta1",199,0.427369838122663,0.0236145305814306,0.839195979899497,0.0260407573105436,1.48186149158291,200,0.005,0.955,1.69957834140598,8.7405667764615e-05,0,"quadratic","fixed","gaussian","gaussian",FALSE
"v2_cohort_posterior_hazard",2,"Correct specification, n=150","central",150,"beta2",199,-0.201348562433388,0.0127932514062363,0.834170854271357,0.0263652199858501,0.758683061814529,200,0.005,0.955,1.69957834140598,8.7405667764615e-05,0,"quadratic","fixed","gaussian","gaussian",FALSE
"v2_cohort_posterior_hazard",2,"Correct specification, n=150","central",150,"beta_bm",199,-0.0806600666519673,0.0135257501009398,0.939698492462312,0.0168745349053898,0.7802393247118,200,0.005,0.955,1.69957834140598,8.7405667764615e-05,0,"quadratic","fixed","gaussian","gaussian",FALSE
"v2_cohort_posterior_hazard",2,"Correct specification, n=150","central",150,"gamma0",199,0.643572424107161,0.0439057986761881,0.959798994974874,0.0139245786490379,3.54483922913316,200,0.005,0.955,1.69957834140598,8.7405667764615e-05,0,"quadratic","fixed","gaussian","gaussian",FALSE
"v2_cohort_posterior_hazard",2,"Correct specification, n=150","central",150,"gamma1",199,-0.0586748049921029,0.0246397431468903,0.959798994974874,0.0139245786490379,1.52069685840368,200,0.005,0.955,1.69957834140598,8.7405667764615e-05,0,"quadratic","fixed","gaussian","gaussian",FALSE
"v2_cohort_posterior_hazard",2,"Correct specification, n=150","central",150,"gamma2",199,0.838632081932364,0.0332065238750022,0.814070351758794,0.027579015231444,2.40249467422352,200,0.005,0.955,1.69957834140598,8.7405667764615e-05,0,"quadratic","fixed","gaussian","gaussian",FALSE
"v2_cohort_posterior_hazard",2,"Correct specification, n=150","central",150,"sigma_y",199,-0.0062937155187185,0.00374457565972584,0.944723618090452,0.0161992777791331,0.194375157613065,200,0.005,0.955,1.69957834140598,8.7405667764615e-05,0,"quadratic","fixed","gaussian","gaussian",FALSE
"v2_cohort_posterior_hazard",2,"Correct specification, n=150","central",150,"tau0",199,0.0111489238281407,0.010969911749426,0.92964824120603,0.0181288504942824,0.566380772643216,200,0.005,0.955,1.69957834140598,8.7405667764615e-05,0,"quadratic","fixed","gaussian","gaussian",FALSE
"v2_cohort_posterior_hazard",2,"Correct specification, n=150","central",150,"tau1",199,0.0231414305751256,0.0148319387665271,0.954773869346734,0.01473053229539,0.807077128442211,200,0.005,0.955,1.69957834140598,8.7405667764615e-05,0,"quadratic","fixed","gaussian","gaussian",FALSE
"v2_cohort_posterior_hazard",3,"Trajectory: monotone","misspec",150,"beta0",100,-0.0278231535016501,0.0245144640601246,0.96,0.0195959179422654,1.040366769075,100,0,0.98,1.02467367573298,0.470062354217076,0,"monotone","fixed","gaussian","gaussian",FALSE
"v2_cohort_posterior_hazard",3,"Trajectory: monotone","misspec",150,"beta1",100,0.459120341851,0.0325125935538872,0.86,0.0346987031457949,1.5494855795,100,0,0.98,1.02467367573298,0.470062354217076,0,"monotone","fixed","gaussian","gaussian",FALSE
"v2_cohort_posterior_hazard",3,"Trajectory: monotone","misspec",150,"beta_bm",100,-0.0939469420419501,0.0209785661429088,0.92,0.0271293199325011,0.841744806400425,100,0,0.98,1.02467367573298,0.470062354217076,0,"monotone","fixed","gaussian","gaussian",FALSE
"v2_cohort_posterior_hazard",3,"Trajectory: monotone","misspec",150,"gamma0",100,0.7277141747305,0.0699706145551805,0.91,0.0286181760425084,3.5775422175,100,0,0.98,1.02467367573298,0.470062354217076,0,"monotone","fixed","gaussian","gaussian",FALSE
"v2_cohort_posterior_hazard",3,"Trajectory: monotone","misspec",150,"gamma1",100,0.00863295291248201,0.036996550311857,0.97,0.017058722109232,1.5234903718297,100,0,0.98,1.02467367573298,0.470062354217076,0,"monotone","fixed","gaussian","gaussian",FALSE
"v2_cohort_posterior_hazard",3,"Trajectory: monotone","misspec",150,"gamma2",100,0.846433736780627,0.0470975412736979,0.73,0.0443959457608462,2.3536346741185,100,0,0.98,1.02467367573298,0.470062354217076,0,"monotone","fixed","gaussian","gaussian",FALSE
"v2_cohort_posterior_hazard",3,"Trajectory: monotone","misspec",150,"sigma_y",100,-0.00605630563499989,0.00618684924144718,0.91,0.0286181760425084,0.21842809825,100,0,0.98,1.02467367573298,0.470062354217076,0,"monotone","fixed","gaussian","gaussian",FALSE
"v2_cohort_posterior_hazard",3,"Trajectory: monotone","misspec",150,"tau0",100,-0.00395370945780002,0.013785693019207,0.96,0.0195959179422654,0.572944018325,100,0,0.98,1.02467367573298,0.470062354217076,0,"monotone","fixed","gaussian","gaussian",FALSE
"v2_cohort_posterior_hazard",3,"Trajectory: monotone","misspec",150,"tau1",100,2.91000714999257e-05,0.0214389111090738,0.95,0.0217944947177034,0.9008683011,100,0,0.98,1.02467367573298,0.470062354217076,0,"monotone","fixed","gaussian","gaussian",FALSE
"v2_cohort_posterior_hazard",4,"Trajectory: exponential","misspec",150,"beta0",100,-0.538297534175,0.0227083507408066,0.39,0.0487749935930288,1.04141998495,100,0,0.9,1.02395216616532,0.497094559106807,0,"exponential","fixed","gaussian","gaussian",FALSE
"v2_cohort_posterior_hazard",4,"Trajectory: exponential","misspec",150,"beta_bm",100,-0.0370368225272177,0.0185609167733386,0.99,0.0099498743710662,0.760690501044385,100,0,0.9,1.02395216616532,0.497094559106807,0,"exponential","fixed","gaussian","gaussian",FALSE
"v2_cohort_posterior_hazard",4,"Trajectory: exponential","misspec",150,"gamma0",100,0.71955279135835,0.0586119608051316,0.95,0.0217944947177034,3.7970379566,100,0,0.9,1.02395216616532,0.497094559106807,0,"exponential","fixed","gaussian","gaussian",FALSE
"v2_cohort_posterior_hazard",4,"Trajectory: exponential","misspec",150,"gamma1",100,-0.350689063696839,0.035379403079016,0.87,0.0336303434416005,1.54411322002995,100,0,0.9,1.02395216616532,0.497094559106807,0,"exponential","fixed","gaussian","gaussian",FALSE
"v2_cohort_posterior_hazard",4,"Trajectory: exponential","misspec",150,"gamma2",100,1.09600311695616,0.0428569797809201,0.58,0.0493558507170123,2.42058179909945,100,0,0.9,1.02395216616532,0.497094559106807,0,"exponential","fixed","gaussian","gaussian",FALSE
"v2_cohort_posterior_hazard",4,"Trajectory: exponential","misspec",150,"sigma_y",100,0.0094638957080001,0.00514501525640115,0.95,0.0217944947177034,0.190791807,100,0,0.9,1.02395216616532,0.497094559106807,0,"exponential","fixed","gaussian","gaussian",FALSE
"v2_cohort_posterior_hazard",4,"Trajectory: exponential","misspec",150,"tau0",100,0.3375824775122,0.0144228963556515,0.38,0.0485386443980464,0.591993950325,100,0,0.9,1.02395216616532,0.497094559106807,0,"exponential","fixed","gaussian","gaussian",FALSE
"v2_cohort_posterior_hazard",5,"Heterogeneous assay floor","misspec",150,"alpha",98,0.242267280470306,0.014600677476578,0.877551020408163,0.0331131681970861,0.823155890283163,100,0.02,0.95,1.70238220813068,0.000102765693262557,0,"quadratic","heterogeneous","gaussian","gaussian",FALSE
"v2_cohort_posterior_hazard",5,"Heterogeneous assay floor","misspec",150,"beta0",98,-0.0645339595293879,0.0259798457422668,0.928571428571429,0.0260154056815958,1.01612111686224,100,0.02,0.95,1.70238220813068,0.000102765693262557,0,"quadratic","heterogeneous","gaussian","gaussian",FALSE
"v2_cohort_posterior_hazard",5,"Heterogeneous assay floor","misspec",150,"beta1",98,0.451242939365714,0.0347759405478619,0.846938775510204,0.0363701893582351,1.49500610571429,100,0.02,0.95,1.70238220813068,0.000102765693262557,0,"quadratic","heterogeneous","gaussian","gaussian",FALSE
"v2_cohort_posterior_hazard",5,"Heterogeneous assay floor","misspec",150,"beta2",98,-0.223647167176538,0.0184690793333873,0.755102040816326,0.0434392548855724,0.767398048874395,100,0.02,0.95,1.70238220813068,0.000102765693262557,0,"quadratic","heterogeneous","gaussian","gaussian",FALSE
"v2_cohort_posterior_hazard",5,"Heterogeneous assay floor","misspec",150,"beta_bm",98,-0.0412462184786094,0.0206968661713682,0.938775510204082,0.02421756228256,0.797453103664541,100,0.02,0.95,1.70238220813068,0.000102765693262557,0,"quadratic","heterogeneous","gaussian","gaussian",FALSE
"v2_cohort_posterior_hazard",5,"Heterogeneous assay floor","misspec",150,"gamma0",98,0.669515790735715,0.0692381524127146,0.928571428571429,0.0260154056815958,3.51839896464286,100,0.02,0.95,1.70238220813068,0.000102765693262557,0,"quadratic","heterogeneous","gaussian","gaussian",FALSE
"v2_cohort_posterior_hazard",5,"Heterogeneous assay floor","misspec",150,"gamma1",98,0.0405152263538658,0.0365607785672845,0.979591836734694,0.0142827390249748,1.50243429297413,100,0.02,0.95,1.70238220813068,0.000102765693262557,0,"quadratic","heterogeneous","gaussian","gaussian",FALSE
"v2_cohort_posterior_hazard",5,"Heterogeneous assay floor","misspec",150,"gamma2",98,0.784116851188563,0.0468067622661869,0.86734693877551,0.0342643127508547,2.38925136207588,100,0.02,0.95,1.70238220813068,0.000102765693262557,0,"quadratic","heterogeneous","gaussian","gaussian",FALSE
"v2_cohort_posterior_hazard",5,"Heterogeneous assay floor","misspec",150,"sigma_y",98,0.0086779918137756,0.00488616089499399,0.969387755102041,0.0174013649946258,0.197312928061224,100,0.02,0.95,1.70238220813068,0.000102765693262557,0,"quadratic","heterogeneous","gaussian","gaussian",FALSE
"v2_cohort_posterior_hazard",5,"Heterogeneous assay floor","misspec",150,"tau0",98,0.0342547462985714,0.0139295510596955,0.959183673469388,0.0199873311965045,0.570260965002551,100,0.02,0.95,1.70238220813068,0.000102765693262557,0,"quadratic","heterogeneous","gaussian","gaussian",FALSE
"v2_cohort_posterior_hazard",5,"Heterogeneous assay floor","misspec",150,"tau1",98,0.00821888317602036,0.0212908082287132,0.948979591836735,0.0222273333556515,0.805785873852041,100,0.02,0.95,1.70238220813068,0.000102765693262557,0,"quadratic","heterogeneous","gaussian","gaussian",FALSE
"v2_cohort_posterior_hazard",6,"Heavy-tailed (t3) errors/RE","misspec",150,"alpha",100,0.2552672734638,0.0155496602185586,0.81,0.0392300904918661,0.8003215474725,100,0,0.95,1.03358585543082,0.467670161666604,0,"quadratic","fixed","t3","t3",FALSE
"v2_cohort_posterior_hazard",6,"Heavy-tailed (t3) errors/RE","misspec",150,"beta0",100,-0.00763378809480011,0.0236547767130317,0.94,0.0237486841740758,0.93000423843,100,0,0.95,1.03358585543082,0.467670161666604,0,"quadratic","fixed","t3","t3",FALSE
"v2_cohort_posterior_hazard",6,"Heavy-tailed (t3) errors/RE","misspec",150,"beta1",100,0.3560820124646,0.0313816695810256,0.88,0.0324961536185438,1.412608694125,100,0,0.95,1.03358585543082,0.467670161666604,0,"quadratic","fixed","t3","t3",FALSE
"v2_cohort_posterior_hazard",6,"Heavy-tailed (t3) errors/RE","misspec",150,"beta2",100,-0.245454735367851,0.0182512059561776,0.77,0.0420832508250016,0.7259785775018,100,0,0.95,1.03358585543082,0.467670161666604,0,"quadratic","fixed","t3","t3",FALSE
"v2_cohort_posterior_hazard",6,"Heavy-tailed (t3) errors/RE","misspec",150,"beta_bm",100,-0.0398547997312119,0.0178320082424066,0.98,0.014,0.7339157132285,100,0,0.95,1.03358585543082,0.467670161666604,0,"quadratic","fixed","t3","t3",FALSE
"v2_cohort_posterior_hazard",6,"Heavy-tailed (t3) errors/RE","misspec",150,"gamma0",100,0.650306722476,0.0639669091704761,0.91,0.0286181760425084,3.356255545025,100,0,0.95,1.03358585543082,0.467670161666604,0,"quadratic","fixed","t3","t3",FALSE
"v2_cohort_posterior_hazard",6,"Heavy-tailed (t3) errors/RE","misspec",150,"gamma1",100,0.166571720058204,0.0343159402608877,0.94,0.0237486841740758,1.41853773699111,100,0,0.95,1.03358585543082,0.467670161666604,0,"quadratic","fixed","t3","t3",FALSE
"v2_cohort_posterior_hazard",6,"Heavy-tailed (t3) errors/RE","misspec",150,"gamma2",100,0.775732610911989,0.0421242507287421,0.78,0.041424630354416,2.26016850444442,100,0,0.95,1.03358585543082,0.467670161666604,0,"quadratic","fixed","t3","t3",FALSE
"v2_cohort_posterior_hazard",6,"Heavy-tailed (t3) errors/RE","misspec",150,"sigma_y",100,-0.114051222471,0.0170104810852766,0.27,0.0443959457608462,0.181223599575,100,0,0.95,1.03358585543082,0.467670161666604,0,"quadratic","fixed","t3","t3",FALSE
"v2_cohort_posterior_hazard",6,"Heavy-tailed (t3) errors/RE","misspec",150,"tau0",100,-0.155991859627397,0.0226657479777034,0.62,0.0485386443980464,0.5322984950975,100,0,0.95,1.03358585543082,0.467670161666604,0,"quadratic","fixed","t3","t3",FALSE
"v2_cohort_posterior_hazard",6,"Heavy-tailed (t3) errors/RE","misspec",150,"tau1",100,-0.1036517243981,0.0416979162559559,0.63,0.0482804308182932,0.7402665743,100,0,0.95,1.03358585543082,0.467670161666604,0,"quadratic","fixed","t3","t3",FALSE
"v2_cohort_posterior_hazard",7,"Informative monitoring","misspec",150,"alpha",100,0.30285874747075,0.0151892898195454,0.85,0.0357071421427143,0.9494729500225,100,0,0.92,1.02688802843911,0.504464753906078,0,"quadratic","fixed","gaussian","gaussian",TRUE
"v2_cohort_posterior_hazard",7,"Informative monitoring","misspec",150,"beta0",100,-0.11197170246915,0.0296480050990511,0.92,0.0271293199325011,1.0384926609025,100,0,0.92,1.02688802843911,0.504464753906078,0,"quadratic","fixed","gaussian","gaussian",TRUE
"v2_cohort_posterior_hazard",7,"Informative monitoring","misspec",150,"beta1",100,0.887545936236115,0.0373863952367519,0.44,0.0496386945839634,1.6208380648925,100,0,0.92,1.02688802843911,0.504464753906078,0,"quadratic","fixed","gaussian","gaussian",TRUE
"v2_cohort_posterior_hazard",7,"Informative monitoring","misspec",150,"beta2",100,-0.126002214299189,0.0206653114848851,0.95,0.0217944947177034,0.86955892458275,100,0,0.92,1.02688802843911,0.504464753906078,0,"quadratic","fixed","gaussian","gaussian",TRUE
"v2_cohort_posterior_hazard",7,"Informative monitoring","misspec",150,"beta_bm",100,-0.0697428466808752,0.0238911766361214,0.93,0.0255147016443461,0.840429494410375,100,0,0.92,1.02688802843911,0.504464753906078,0,"quadratic","fixed","gaussian","gaussian",TRUE
"v2_cohort_posterior_hazard",7,"Informative monitoring","misspec",150,"gamma0",100,1.0376321794246,0.0621976338834495,0.87,0.0336303434416005,3.664975675875,100,0,0.92,1.02688802843911,0.504464753906078,0,"quadratic","fixed","gaussian","gaussian",TRUE
"v2_cohort_posterior_hazard",7,"Informative monitoring","misspec",150,"gamma1",100,-0.228934353353564,0.0324357738589667,0.99,0.0099498743710662,1.793603719418,100,0,0.92,1.02688802843911,0.504464753906078,0,"quadratic","fixed","gaussian","gaussian",TRUE
"v2_cohort_posterior_hazard",7,"Informative monitoring","misspec",150,"gamma2",100,0.849124444640129,0.0363620645596033,0.63,0.0482804308182932,1.90976003286675,100,0,0.92,1.02688802843911,0.504464753906078,0,"quadratic","fixed","gaussian","gaussian",TRUE
"v2_cohort_posterior_hazard",7,"Informative monitoring","misspec",150,"sigma_y",100,0.00724083693050009,0.00454662286106374,0.98,0.014,0.198074808625,100,0,0.92,1.02688802843911,0.504464753906078,0,"quadratic","fixed","gaussian","gaussian",TRUE
"v2_cohort_posterior_hazard",7,"Informative monitoring","misspec",150,"tau0",100,0.02056952104235,0.0145199597882388,0.97,0.017058722109232,0.58174787814,100,0,0.92,1.02688802843911,0.504464753906078,0,"quadratic","fixed","gaussian","gaussian",TRUE
"v2_cohort_posterior_hazard",7,"Informative monitoring","misspec",150,"tau1",100,-0.10499601847175,0.0265916208324885,0.9,0.03,0.972944760125,100,0,0.92,1.02688802843911,0.504464753906078,0,"quadratic","fixed","gaussian","gaussian",TRUE
"v2_cohort_posterior_hazard",8,"Correct specification, n=300","central",300,"alpha",99,0.143615513381818,0.014720766230033,0.888888888888889,0.0315852913119423,0.685255397777778,100,0.01,0.99,1.6510655719364,8.23816221066752e-05,0,"quadratic","fixed","gaussian","gaussian",FALSE
"v2_cohort_posterior_hazard",8,"Correct specification, n=300","central",300,"beta0",99,-0.0329419489563133,0.0170859639602445,0.97979797979798,0.0141399564890739,0.716562479116161,100,0.01,0.99,1.6510655719364,8.23816221066752e-05,0,"quadratic","fixed","gaussian","gaussian",FALSE
"v2_cohort_posterior_hazard",8,"Correct specification, n=300","central",300,"beta1",99,0.263745962335101,0.0252493736152947,0.898989898989899,0.0302860204614975,1.12113610161616,100,0.01,0.99,1.6510655719364,8.23816221066752e-05,0,"quadratic","fixed","gaussian","gaussian",FALSE
"v2_cohort_posterior_hazard",8,"Correct specification, n=300","central",300,"beta2",99,-0.121011425033555,0.0131282471106227,0.919191919191919,0.0273913159733053,0.571255307941843,100,0.01,0.99,1.6510655719364,8.23816221066752e-05,0,"quadratic","fixed","gaussian","gaussian",FALSE
"v2_cohort_posterior_hazard",8,"Correct specification, n=300","central",300,"beta_bm",99,-0.0500266028184459,0.012771065771079,0.939393939393939,0.0239808353667596,0.557845722878838,100,0.01,0.99,1.6510655719364,8.23816221066752e-05,0,"quadratic","fixed","gaussian","gaussian",FALSE
"v2_cohort_posterior_hazard",8,"Correct specification, n=300","central",300,"gamma0",99,0.435118146442172,0.0616289021398653,0.929292929292929,0.0257626267676778,2.89181773924242,100,0.01,0.99,1.6510655719364,8.23816221066752e-05,0,"quadratic","fixed","gaussian","gaussian",FALSE
"v2_cohort_posterior_hazard",8,"Correct specification, n=300","central",300,"gamma1",99,-0.0241432864789618,0.0270303249001162,0.94949494949495,0.0220087885059658,1.14384542194146,100,0.01,0.99,1.6510655719364,8.23816221066752e-05,0,"quadratic","fixed","gaussian","gaussian",FALSE
"v2_cohort_posterior_hazard",8,"Correct specification, n=300","central",300,"gamma2",99,0.559845876180108,0.0419459101196572,0.828282828282828,0.037903437206498,1.90661819574747,100,0.01,0.99,1.6510655719364,8.23816221066752e-05,0,"quadratic","fixed","gaussian","gaussian",FALSE
"v2_cohort_posterior_hazard",8,"Correct specification, n=300","central",300,"sigma_y",99,0.00141005387651524,0.00371678831228493,0.94949494949495,0.0220087885059658,0.138010622954545,100,0.01,0.99,1.6510655719364,8.23816221066752e-05,0,"quadratic","fixed","gaussian","gaussian",FALSE
"v2_cohort_posterior_hazard",8,"Correct specification, n=300","central",300,"tau0",99,-0.00256737553823234,0.00840888015446051,0.98989898989899,0.0100498654174362,0.395358471025252,100,0.01,0.99,1.6510655719364,8.23816221066752e-05,0,"quadratic","fixed","gaussian","gaussian",FALSE
"v2_cohort_posterior_hazard",8,"Correct specification, n=300","central",300,"tau1",99,0.0137485452797979,0.0138237659482236,0.94949494949495,0.0220087885059658,0.567617115025252,100,0.01,0.99,1.6510655719364,8.23816221066752e-05,0,"quadratic","fixed","gaussian","gaussian",FALSE
